draw_date,draw_number,numbers,bonus_number,1等口数,1等賞金,2等口数,2等賞金,3等口数,3等賞金,4等口数,4等賞金
1999/4/13,1,"[1,3,17,20,25]",26,29,6090500,46,275800,2331,9400,59593,900
1999/4/27,2,"[2,11,12,21,30]",28,11,16868900,35,380800,1672,13800,50969,1100
1999/5/11,3,"[1,8,10,24,30]",28,17,11481000,34,412400,2014,12000,58581,1000
1999/5/25,4,"[11,12,14,20,31]",29,5,38866300,35,398800,1055,22900,43664,1400
1999/6/8,5,"[8,9,15,21,25]",23,18,11107000,54,265900,2029,12200,61713,1000
1999/6/22,6,"[2,11,16,24,29]",4,70,3181000,239,66900,4162,6600,80366,900
1999/7/6,7,"[3,24,25,26,31]",2,3,40000000,57,2381300,1289,23000,61193,1200
1999/7/20,8,"[22,24,25,28,30]",21,16,13732500,77,205000,1677,16300,42022,1700
1999/8/3,9,"[2,11,12,13,28]",15,27,7304600,93,152300,2856,8500,72169,800
1999/8/17,10,"[8,19,21,23,30]",5,15,13787900,121,122700,2004,12800,61949,1000
1999/8/31,11,"[17,18,19,20,30]",31,39,6090900,216,79000,3872,7600,60056,1200
1999/9/14,12,"[5,9,13,16,19]",21,25,9913700,111,160400,2845,10800,81806,900
1999/9/28,13,"[6,11,18,25,28]",20,31,7272900,107,151300,2956,9400,77460,900
1999/10/5,14,"[2,21,24,26,29]",28,8,38358600,105,209900,2533,15000,84846,1100
1999/10/12,15,"[6,8,17,23,24]",22,22,15686200,101,245400,3053,14000,97823,1100
1999/10/19,16,"[2,20,24,26,27]",23,12,31351600,95,284500,3047,15300,102614,1100
1999/10/26,17,"[10,18,20,25,27]",1,13,30661600,102,280700,3208,15400,106936,1200
1999/11/2,18,"[1,14,16,23,25]",27,33,12129100,174,165200,3684,13500,108958,1100
1999/11/9,19,"[2,9,10,22,27]",1,27,13931700,93,290500,4040,11500,110687,1100
1999/11/16,20,"[14,20,22,25,30]",15,12,30271600,62,420900,3178,14200,108390,1000
1999/11/23,21,"[3,15,22,25,31]",6,28,12298200,148,167100,4075,10500,112640,900
1999/11/30,22,"[4,6,26,28,30]",14,15,24195100,126,206900,3397,13300,114601,1000
1999/12/7,23,"[2,13,18,22,26]",15,64,5557600,245,104200,5588,7900,125031,900
1999/12/14,24,"[12,14,19,26,28]",15,42,8360500,168,150100,5561,7800,129060,800
1999/12/21,25,"[2,3,7,18,29]",15,23,14986500,205,120700,3528,12100,107304,1000
1999/12/28,26,"[7,8,9,14,15]",4,29,11475400,105,227600,2650,15600,81092,1300
2000/1/4,27,"[10,16,20,21,31]",14,11,19359100,51,299900,1939,13600,52650,1300
2000/1/11,28,"[2,9,15,22,29]",11,169,1808600,246,89200,5731,6600,115723,800
2000/1/18,29,"[9,12,17,26,31]",15,35,9199800,115,201100,3393,11800,89208,1100
2000/1/25,30,"[10,15,17,18,30]",16,14,23589600,153,155000,2792,14700,95188,1100
2000/2/1,31,"[14,20,21,24,28]",17,48,7450400,143,179600,5426,8200,125934,900
2000/2/8,32,"[2,11,13,16,24]",20,58,6182900,203,126900,7887,5600,149489,700
2000/2/15,33,"[2,3,8,9,30]",23,40,8494000,154,158500,4541,9300,122287,900
2000/2/22,34,"[4,9,18,28,29]",12,21,16278000,156,157400,3387,12500,103477,1000
2000/2/29,35,"[10,11,18,24,26]",29,36,9526000,152,162000,4668,9100,121945,900
2000/3/7,36,"[4,8,15,16,21]",25,21,16559300,149,167600,3640,11800,107295,1000
2000/3/14,37,"[6,7,10,16,31]",20,22,15298000,76,318100,2400,17400,81544,1300
2000/3/21,38,"[11,16,17,19,31]",4,20,16095700,99,233600,2627,15200,80223,1300
2000/3/28,39,"[1,9,15,26,30]",11,40,8493800,166,147000,4812,8700,118786,900
2000/4/4,40,"[4,16,24,25,27]",5,15,22189700,162,147600,3494,11800,110129,900
2000/4/11,41,"[10,16,19,22,26]",29,18,18664400,113,213500,3465,12000,92628,1100
2000/4/18,42,"[2,5,19,24,31]",28,41,8504600,128,195700,3998,10800,103578,1000
2000/4/25,43,"[3,6,11,16,30]",5,49,7206100,175,144900,5492,8000,136168,800
2000/5/2,44,"[5,18,20,25,27]",11,31,11095300,265,93200,5167,8200,115465,900
2000/5/9,45,"[7,13,19,24,26]",11,66,5005000,247,96000,5639,7200,122343,800
2000/5/16,46,"[2,10,22,23,26]",6,20,16662200,137,174700,3181,13000,106903,1000
2000/5/23,47,"[2,6,8,17,29]",10,25,13449900,119,202900,4354,9600,110963,900
2000/5/30,48,"[2,9,11,13,31]",18,30,11032400,126,188700,3937,10400,113943,900
2000/6/6,49,"[10,13,14,23,25]",12,18,18106800,105,222900,2615,15500,80713,1300
2000/6/13,50,"[4,5,6,8,10]",26,45,7044100,112,203300,5020,7800,88156,1100
2000/6/20,51,"[5,7,15,16,31]",2,27,12090200,162,144700,3213,12600,94738,1100
2000/6/27,52,"[4,10,12,26,31]",20,34,10237500,131,190800,4241,10200,108153,1000
2000/7/4,53,"[4,13,14,15,17]",30,11,31294500,101,244800,2791,15300,90223,1200
2000/7/11,54,"[4,5,15,18,21]",16,17,20822700,120,211900,3143,14000,99527,1100
2000/7/18,55,"[4,10,11,18,31]",3,33,10451200,184,134600,5455,7800,128742,800
2000/7/25,56,"[1,3,7,10,27]",16,26,12673400,124,190900,4854,8400,109063,900
2000/8/1,57,"[3,21,23,27,29]",13,20,16055000,102,226100,3542,11200,84799,1200
2000/8/8,58,"[1,2,4,10,24]",20,49,6289500,109,203100,3717,10300,114650,800
2000/8/15,59,"[9,15,20,21,22]",10,10,27502900,122,161900,2262,15100,78935,1100
2000/8/22,60,"[16,17,22,23,26]",30,19,16178700,73,302500,2521,15100,78895,1200
2000/8/29,61,"[9,23,24,29,30]",5,24,13161700,112,202600,3403,11500,94527,1000
2000/9/5,62,"[5,10,13,17,29]",6,50,6375300,138,165900,5198,7600,112845,900
2000/9/12,63,"[3,5,6,22,28]",1,35,8803200,114,194100,3250,11800,96929,1000
2000/9/19,64,"[5,10,11,12,23]",15,28,11153900,120,186900,4963,7800,119695,800
2000/9/26,65,"[8,9,10,17,23]",15,28,11200700,193,116700,3831,10100,105720,900
2000/10/3,66,"[5,6,12,17,20]",1,17,17255000,97,217200,3198,11400,91444,1000
2000/10/10,67,"[4,5,8,14,27]",6,24,10774300,116,160100,3094,10400,86884,900
2000/10/17,68,"[5,6,21,22,24]",11,24,10944900,105,179700,2542,12800,73630,1100
2000/10/24,69,"[5,6,9,23,30]",2,24,10841600,115,162500,3395,9500,98110,800
2000/10/31,70,"[1,5,7,17,21]",15,13,19962300,114,163500,2655,12100,75049,1100
2000/11/7,71,"[11,17,18,22,30]",2,19,13770200,197,95400,2590,12500,77166,1100
2000/11/14,72,"[8,10,24,28,30]",12,25,10670400,124,154500,3085,10700,84111,1000
2000/11/21,73,"[4,6,8,26,30]",7,12,21830600,80,235200,3287,9900,83569,1000
2000/11/28,74,"[4,6,16,22,28]",9,51,5305500,255,76200,5725,5800,102875,800
2000/12/5,75,"[7,14,16,17,29]",1,11,24654600,80,243500,2872,11700,87058,1000
2000/12/12,76,"[6,11,13,16,23]",3,23,11891000,161,122000,2776,12200,86149,1000
2000/12/19,77,"[2,3,10,22,26]",23,22,12593700,313,63500,3619,9500,101016,800
2000/12/26,78,"[4,11,19,20,22]",28,26,10495400,153,128100,2932,11500,78611,1100
2001/1/9,79,"[2,13,16,26,30]",11,25,10769500,257,75200,3864,8600,100823,800
2001/1/16,80,"[7,10,13,18,22]",4,19,13419300,129,141900,2742,11500,80041,1000
2001/1/23,81,"[1,7,10,16,25]",18,30,8829500,82,232000,2583,12700,75927,1100
2001/1/30,82,"[1,3,11,27,30]",8,17,15829000,125,154600,2722,12300,78991,1100
2001/2/6,83,"[1,6,11,23,26]",3,22,12618700,165,120800,3562,9700,91051,900
2001/2/13,84,"[1,15,29,30,31]",16,18,14744500,70,272300,2163,15200,58714,1400
2001/2/20,85,"[9,11,14,20,29]",2,13,21042400,186,105600,3358,10100,82258,1000
2001/2/27,86,"[2,8,13,20,24]",9,46,5946900,140,140300,4284,7900,98353,900
2001/3/6,87,"[1,5,12,23,27]",14,63,4327800,1324,14700,4710,7200,99192,800
2001/3/13,88,"[4,19,26,27,30]",3,10,25805700,74,250500,2956,10800,89735,900
2001/3/20,89,"[5,7,24,27,29]",14,13,19086400,86,207200,2393,12900,75811,1000
2001/3/27,90,"[6,12,14,21,27]",15,40,6813200,151,129600,4024,8400,88290,1000
2001/4/3,91,"[8,9,15,18,22]",3,23,11348300,187,100200,3097,10400,86798,900
2001/4/10,92,"[2,3,11,22,30]",31,53,5030200,141,135800,5290,6200,113832,700
2001/4/17,93,"[11,15,22,26,27]",8,18,14861600,174,110400,3536,9400,96418,900
2001/4/24,94,"[16,19,20,26,29]",27,12,22678600,59,331300,1772,19100,61076,1400
2001/5/1,95,"[4,5,7,8,31]",26,11,23930900,135,140000,2511,13000,73742,1100
2001/5/8,96,"[1,5,6,14,27]",17,21,12646500,109,175000,3852,8500,95375,900
2001/5/15,97,"[6,12,15,19,22]",3,30,8715400,131,143300,2908,11100,81261,1000
2001/5/22,98,"[1,2,9,11,20]",4,13,19958500,86,216700,2591,12400,79913,1000
2001/5/29,99,"[3,7,10,13,15]",26,16,16450600,156,121200,2985,10900,90508,900
2001/6/5,100,"[11,12,19,20,31]",3,26,10194100,91,209200,2864,11500,71567,1200
2001/6/12,101,"[2,10,11,13,26]",22,70,3656000,1159,15800,6652,4700,115192,700
2001/6/19,102,"[5,10,11,25,28]",23,33,7904400,152,123200,3458,9300,89399,900
2001/6/26,103,"[10,13,19,21,30]",14,20,13450100,87,222100,2969,11200,80150,1000
2001/7/3,104,"[3,4,7,21,30]",31,15,18099500,70,278600,3367,10000,86500,1000
2001/7/10,105,"[6,11,14,21,27]",20,48,5696100,205,95800,4802,7000,103130,800
2001/7/17,106,"[3,5,11,12,18]",2,20,12980600,90,207200,3229,10000,93164,900
2001/7/24,107,"[4,8,12,26,27]",18,38,6588200,200,89900,4217,7300,96224,800
2001/7/31,108,"[6,10,20,27,29]",19,16,15888100,130,140400,2857,11000,79259,1000
2001/8/7,109,"[3,5,15,19,22]",25,22,11260900,112,158900,3448,8900,87025,900
2001/8/14,110,"[3,7,13,22,27]",2,49,4536000,132,120900,4384,6300,86450,800
2001/8/21,111,"[10,19,24,27,31]",6,17,14284000,129,135200,2165,13900,68961,1100
2001/8/28,112,"[5,7,15,26,27]",1,36,7450800,178,108200,4460,7400,106196,800
2001/9/4,113,"[1,2,6,16,28]",4,20,13579700,91,214400,2947,11400,82827,1000
2001/9/11,114,"[3,5,6,7,11]",8,34,7539900,142,129600,4683,6800,123086,600
2001/9/18,115,"[10,15,29,30,31]",16,17,15659100,119,160700,2811,11700,77158,1100
2001/9/25,116,"[2,7,13,18,23]",11,21,12332600,160,116200,3249,9900,79527,1000
2001/10/2,117,"[5,11,12,23,24]",3,41,6557000,235,82100,4648,7200,113307,700
2001/10/9,118,"[2,4,12,20,23]",14,18,14373500,85,218600,2509,12800,74008,1100
2001/10/16,119,"[12,14,25,29,30]",5,11,24662800,131,148700,2306,14600,74615,1100
2001/10/23,120,"[8,12,14,18,27]",24,22,12769000,136,148300,3212,10800,92838,900
2001/10/30,121,"[5,17,18,24,30]",20,40,7575400,85,256100,4582,8200,103368,900
2001/11/6,122,"[1,8,23,27,28]",9,11,27039800,82,260500,2356,15700,79430,1200
2001/11/13,123,"[1,5,6,13,15]",21,23,13030200,102,211000,3138,11800,94455,1000
2001/11/20,124,"[5,7,17,19,27]",9,38,7898400,161,133900,4377,8500,115587,800
2001/11/27,125,"[2,21,22,27,29]",24,23,13130500,99,219100,2749,13600,87188,1100
2001/12/4,126,"[7,16,18,22,25]",21,30,10023900,102,211800,4584,8100,93133,1000
2001/12/11,127,"[8,9,18,29,31]",24,28,10831800,100,217800,2881,13100,79205,1200
2001/12/18,128,"[3,6,22,24,27]",26,24,12614400,171,127100,4200,8900,113968,800
2001/12/25,129,"[2,13,20,25,30]",12,29,10222300,173,123100,3913,9400,97858,900
2002/1/8,130,"[3,4,11,17,26]",5,32,9784200,172,130700,4415,8800,116329,800
2002/1/15,131,"[1,9,12,18,21]",15,30,9818600,116,182400,3027,12100,84522,1100
2002/1/22,132,"[7,13,17,19,24]",18,33,9191400,87,250400,4538,8300,104524,900
2002/1/29,133,"[4,7,11,18,31]",27,26,12020000,224,100200,3874,10000,98217,1000
2002/2/5,134,"[4,5,13,16,18]",20,19,16508600,77,292600,3075,12700,97295,1000
2002/2/12,135,"[4,7,8,9,24]",20,21,14793100,90,247900,3048,12600,93399,1000
2002/2/19,136,"[5,11,14,18,28]",8,23,13753200,146,155600,3724,10500,114334,900
2002/2/26,137,"[3,15,20,25,28]",30,25,12719300,107,213400,3419,11500,96330,1000
2002/3/5,138,"[1,4,21,30,31]",16,25,12469000,118,189700,2612,14800,76668,1300
2002/3/12,139,"[14,17,20,26,28]",23,19,16476500,95,236700,2484,15600,82695,1200
2002/3/19,140,"[8,9,17,20,29]",6,17,18030600,121,181900,2895,13100,80749,1200
2002/3/26,141,"[4,6,9,20,24]",16,18,17067000,149,148100,3387,11200,95316,1000
2002/4/2,142,"[10,11,24,25,30]",8,28,11087500,163,136800,4732,8100,111508,900
2002/4/9,143,"[17,18,20,23,26]",6,15,20277400,132,165500,2309,16400,74783,1300
2002/4/16,144,"[4,13,14,19,28]",5,30,10219400,160,137600,3633,10500,106654,900
2002/4/23,145,"[13,14,19,24,28]",3,12,25940900,122,183300,3565,10800,84490,1200
2002/4/30,146,"[1,6,11,12,18]",8,36,8498700,103,213400,4666,8100,111823,800
2002/5/7,147,"[5,10,21,27,28]",2,37,8106500,159,135500,4041,9200,108337,900
2002/5/14,148,"[2,7,19,26,31]",24,42,7342100,137,161700,3741,10200,91536,1000
2002/5/21,149,"[5,6,17,27,28]",20,35,8612200,166,130400,4300,8700,113839,800
2002/5/28,150,"[2,11,16,24,26]",4,95,3177600,222,97600,5701,6500,114175,800
2002/6/4,151,"[4,10,13,14,19]",12,30,9715800,78,268400,7586,4700,101232,900
2002/6/11,152,"[1,2,11,22,30]",27,30,9433000,173,117500,5114,6800,99633,900
2002/6/18,153,"[2,3,8,23,29]",6,13,21614600,97,208100,4542,7700,98429,900
2002/6/25,154,"[2,10,16,19,22]",17,20,14876500,89,240100,3261,11300,85921,1100
2002/7/2,155,"[9,10,16,21,23]",4,21,14535700,156,140500,2967,12800,88329,1100
2002/7/9,156,"[2,3,13,19,31]",15,8,37293700,75,285700,2834,13100,90132,1000
2002/7/16,157,"[1,5,14,18,20]",6,60,5058400,128,170300,3384,11100,98216,1000
2002/7/23,158,"[3,14,16,20,31]",25,25,11519300,120,172400,2414,14800,73573,1200
2002/7/30,159,"[7,11,16,23,24]",13,28,10224100,132,155800,4452,8000,110595,800
2002/8/6,160,"[4,23,24,30,31]",27,8,34873300,70,286300,2155,16100,71243,1200
2002/8/13,161,"[2,3,4,17,19]",8,12,21909200,102,185100,2796,11700,84234,1000
2002/8/20,162,"[6,14,17,23,31]",20,35,7888200,123,161200,3352,10200,80387,1100
2002/8/27,163,"[1,12,13,16,28]",31,36,8183800,105,201500,3603,10100,96685,900
2002/9/3,164,"[7,9,16,26,30]",28,14,21346300,108,198700,2911,12700,90179,1000
2002/9/10,165,"[9,16,24,25,26]",20,26,11557700,64,337300,3085,12100,88388,1100
2002/9/17,166,"[8,13,21,24,28]",16,23,12287600,237,85600,3310,10600,94826,900
2002/9/24,167,"[11,19,20,25,26]",23,18,16037000,88,235600,3028,11800,82403,1100
2002/10/1,168,"[2,8,11,16,30]",17,46,6247300,165,125100,5225,6800,114747,800
2002/10/8,169,"[8,15,18,25,31]",13,20,14584400,98,213800,2729,13300,78685,1200
2002/10/15,170,"[2,7,14,20,22]",5,33,8674100,90,228400,3897,9100,92080,1000
2002/10/22,171,"[2,6,9,12,31]",17,14,21139900,98,216900,2562,14300,81213,1100
2002/10/29,172,"[1,4,14,21,28]",3,23,13064500,104,207500,4200,8900,91178,1000
2002/11/5,173,"[11,18,20,22,29]",10,18,16024000,99,209300,2953,12100,86477,1000
2002/11/12,174,"[1,3,8,21,22]",2,19,15702600,90,238100,2631,14100,84301,1100
2002/11/19,175,"[8,12,17,19,24]",5,33,8978700,291,73100,4216,8700,102840,900
2002/11/26,176,"[12,14,24,26,30]",18,15,19706000,153,138700,2688,13600,85958,1100
2002/12/3,177,"[7,13,17,21,30]",20,41,7274600,99,216400,3461,10700,89096,1000
2002/12/10,178,"[3,24,26,28,31]",20,13,22532700,64,328800,2428,15000,81994,1100
2002/12/17,179,"[1,7,26,30,31]",12,23,13339100,118,186700,2453,15500,78950,1200
2002/12/24,180,"[17,18,19,21,28]",22,13,23089700,84,256700,2479,15000,82612,1100
2003/1/7,181,"[1,3,14,16,26]",12,26,12209100,164,139000,4227,9300,102558,1000
2003/1/14,182,"[2,10,14,23,24]",6,26,11759500,131,167600,3327,11400,96538,1000
2003/1/21,183,"[3,9,13,25,26]",7,47,6608600,197,113200,4997,7700,113350,800
2003/1/28,184,"[2,10,23,30,31]",16,10,31655200,338,67200,3111,12600,97091,1000
2003/2/4,185,"[7,19,20,25,28]",2,25,12796200,171,134400,3939,10100,100711,1000
2003/2/11,186,"[8,12,20,21,25]",22,38,7852400,91,235500,3570,10400,89997,1000
2003/2/18,187,"[4,6,17,24,25]",1,32,9988500,104,220700,4069,9700,105089,900
2003/2/25,188,"[7,16,24,25,28]",30,41,7820800,163,141300,5023,7900,119148,800
2003/3/4,189,"[9,16,22,25,26]",3,50,6333100,257,88500,4936,7900,106939,900
2003/3/11,190,"[4,5,21,27,29]",2,25,12736700,77,297000,3361,11700,94224,1100
2003/3/18,191,"[1,6,8,12,13]",2,16,19780100,107,212400,3332,11800,95394,1000
2003/3/25,192,"[6,7,10,11,17]",3,26,11907500,133,167200,3402,11300,100789,1000
2003/4/1,193,"[6,8,18,20,22]",11,21,14813000,132,169300,2905,13300,86438,1100
2003/4/8,194,"[3,6,15,17,23]",1,40,7667500,91,242100,4488,8500,108707,900
2003/4/15,195,"[1,2,6,15,23]",21,26,12151600,88,257900,3608,10900,98795,1000
2003/4/22,196,"[2,4,14,21,22]",16,42,7514700,233,97300,4087,9600,109167,900
2003/4/29,197,"[8,18,20,21,31]",1,18,16226700,95,220800,2936,12300,78829,1200
2003/5/6,198,"[13,20,21,25,28]",14,18,16944400,143,153200,3774,10000,96782,1000
2003/5/13,199,"[1,9,21,26,29]",25,12,26572800,80,286300,2297,17200,79761,1300
2003/5/20,200,"[1,4,12,13,18]",25,35,9035000,148,153500,3192,12300,91665,1100
2003/5/27,201,"[3,5,23,25,26]",17,30,10628000,256,89400,4076,9700,110637,900
2003/6/3,202,"[6,10,11,18,31]",25,45,6972100,214,105300,4087,9500,106227,900
2003/6/10,203,"[4,10,18,22,25]",20,45,6758500,129,169300,3885,9700,102362,900
2003/6/17,204,"[7,18,22,24,29]",9,15,20038200,142,152000,3536,10500,97139,1000
2003/6/24,205,"[3,4,13,14,23]",12,69,4397100,170,128200,3368,11200,97020,1000
2003/7/1,206,"[6,8,12,27,31]",24,27,11578600,154,145800,3367,11500,95234,1000
2003/7/8,207,"[3,4,10,16,25]",7,20,15840500,132,172400,3799,10300,107927,900
2003/7/15,208,"[6,10,13,16,17]",29,19,16562900,148,152700,3088,12600,99609,1000
2003/7/22,209,"[7,17,23,27,29]",12,26,11395000,178,119500,4378,8400,104431,900
2003/7/29,210,"[9,10,18,19,29]",21,40,7643500,147,149400,4349,8700,90869,1000
2003/8/5,211,"[9,10,13,18,22]",15,32,9141300,108,194500,3681,9800,102374,900
2003/8/12,212,"[1,5,10,14,30]",26,18,15639200,116,174300,2548,13700,76100,1200
2003/8/19,213,"[1,2,3,9,29]",27,18,16502700,93,229400,3020,12200,86436,1100
2003/8/26,214,"[2,8,16,18,28]",12,67,4516500,276,78700,6308,5900,125574,700
2003/9/2,215,"[4,15,20,21,28]",16,37,8266700,158,139000,3719,10200,94039,1000
2003/9/9,216,"[3,7,13,16,17]",2,30,10002300,110,195900,4808,7700,112953,800
2003/9/16,217,"[2,8,17,19,23]",21,46,6283200,142,146200,4577,7800,105395,800
2003/9/23,218,"[9,16,24,25,29]",23,48,5752200,153,129600,4298,7900,97891,900
2003/9/30,219,"[1,15,17,21,28]",6,17,17649600,153,140800,2696,13800,83945,1100
2003/10/7,220,"[9,10,11,21,29]",5,41,7260800,146,146400,4354,8500,106227,900
2003/10/14,221,"[4,8,14,22,26]",9,34,8093100,104,190000,4133,8200,99223,900
2003/10/21,222,"[10,18,21,26,28]",9,22,13581300,262,81900,3282,11300,96339,1000
2003/10/28,223,"[4,10,16,19,22]",21,37,8132300,151,143100,5714,6500,98948,900
2003/11/4,224,"[12,16,27,30,31]",14,25,11611100,70,297900,3465,10400,82546,1100
2003/11/11,225,"[13,14,18,24,26]",16,24,12491200,85,253300,3134,11900,89958,1000
2003/11/18,226,"[4,12,14,26,30]",28,33,9236600,203,107800,4218,8900,100408,900
2003/11/25,227,"[2,4,7,21,30]",20,15,19058600,109,188400,2481,14300,76229,1200
2003/12/2,228,"[10,17,21,24,27]",2,37,8253700,137,160100,3280,11500,99329,1000
2003/12/9,229,"[12,19,23,24,30]",6,33,9216300,190,114900,2980,12700,89737,1100
2003/12/16,230,"[4,16,17,25,26]",19,64,4832700,174,127700,5741,6700,127224,700
2003/12/23,231,"[3,4,10,11,24]",28,31,9241500,200,102900,4625,7700,108085,800
2003/12/30,232,"[3,12,20,24,26]",31,26,11252200,115,182700,3758,9600,100453,900
2004/1/6,233,"[8,14,19,21,29]",25,28,9633000,120,161400,3187,10500,80332,1000
2004/1/13,234,"[16,18,22,23,26]",2,25,11889400,181,117900,4182,8800,106316,900
2004/1/20,235,"[5,6,16,17,31]",8,25,12505600,108,207900,3106,12500,88568,1100
2004/1/27,236,"[14,17,23,24,29]",3,26,12232000,171,133600,4006,9800,103847,900
2004/2/3,237,"[6,8,17,18,28]",20,78,4084300,151,151500,6111,6400,126695,800
2004/2/10,238,"[13,15,17,22,25]",26,28,11373600,257,89000,3843,10300,101080,1000
2004/2/17,239,"[16,18,21,23,27]",31,34,9365000,75,305000,4882,8100,114199,900
2004/2/24,240,"[2,6,14,28,29]",11,35,8967100,133,169500,4376,8900,101184,1000
2004/3/2,241,"[1,2,4,13,26]",7,18,17473900,119,189800,3492,11200,101791,1000
2004/3/9,242,"[5,12,23,27,31]",14,23,13464500,184,120900,4027,9500,102709,900
2004/3/16,243,"[4,11,15,27,28]",1,44,7008100,115,192600,7183,5300,118862,800
2004/3/23,244,"[6,11,21,22,25]",15,24,12380400,123,173500,3292,11200,97451,900
2004/3/30,245,"[1,10,14,21,28]",23,47,6384800,105,205300,3982,9300,89790,1000
2004/4/6,246,"[1,12,15,20,23]",4,33,9153300,163,133100,2901,12900,82832,1100
2004/4/13,247,"[7,11,19,27,31]",2,41,7320300,182,118400,3538,10500,91647,1000
2004/4/20,248,"[4,13,16,24,29]",12,78,3861100,220,98300,6369,5800,124697,700
2004/4/27,249,"[9,11,12,18,20]",7,24,12114300,91,229500,2993,12000,87119,1000
2004/5/4,250,"[1,3,11,12,31]",22,27,9291200,121,148900,3185,9800,74924,1000
2004/5/11,251,"[1,3,19,20,23]",28,24,12296000,96,220800,2568,14300,73461,1300
2004/5/18,252,"[12,18,24,27,31]",22,25,11521100,87,237800,3866,9200,95420,900
2004/5/25,253,"[1,3,10,21,25]",29,28,10284600,118,175300,2924,12200,86212,1000
2004/6/1,254,"[3,7,22,25,29]",27,31,9187600,103,198600,3593,9800,94078,900
2004/6/8,255,"[12,17,20,27,29]",18,21,13221400,89,224100,2727,12600,83401,1000
2004/6/15,256,"[5,9,15,16,27]",28,29,9810900,184,111000,4155,8500,95624,900
2004/6/22,257,"[2,9,12,20,31]",10,19,14706700,85,236100,2577,13500,73193,1200
2004/6/29,258,"[4,6,9,19,22]",5,29,10037800,97,215500,3129,11500,86806,1000
2004/7/6,259,"[5,7,11,12,23]",17,60,4631000,182,109600,5125,6700,115172,700
2004/7/13,260,"[6,7,17,19,23]",28,49,5572500,150,130700,3707,9100,98354,900
2004/7/20,261,"[2,3,5,14,29]",18,10,25798200,94,197100,2358,13600,75413,1100
2004/7/27,262,"[5,19,23,27,28]",2,20,13382700,131,146700,3648,9100,95778,900
2004/8/3,263,"[15,25,28,30,31]",2,15,17632800,93,204300,1924,17100,63955,1300
2004/8/10,264,"[2,4,7,25,30]",15,24,10468800,118,152900,2847,10900,79610,1000
2004/8/17,265,"[1,3,24,26,28]",21,17,15005700,76,241100,2709,11700,76174,1000
2004/8/24,266,"[3,8,25,28,31]",6,19,14047900,105,182600,3690,9000,94718,900
2004/8/31,267,"[8,14,15,19,25]",31,30,8873500,160,119500,3159,10400,83339,1000
2004/9/7,268,"[17,18,20,27,31]",13,19,13679800,85,219600,2045,15800,66358,1200
2004/9/14,269,"[3,7,20,23,29]",16,40,6826100,225,87100,3570,9500,93057,900
2004/9/21,270,"[9,10,11,14,19]",21,13,20034000,96,194900,2363,13700,73686,1100
2004/9/28,271,"[6,13,15,24,31]",20,37,7274300,86,224800,3929,8500,80782,1000
2004/10/5,272,"[4,16,21,28,29]",9,28,9346900,310,60600,4555,7100,99611,800
2004/10/12,273,"[3,5,7,11,17]",23,29,8742000,292,62300,4163,7500,104060,700
2004/10/19,274,"[7,8,9,16,25]",12,26,10293100,146,131600,3576,9300,86151,1000
2004/10/26,275,"[11,16,17,21,22]",19,20,13412000,66,291900,2661,12500,81514,1000
2004/11/2,276,"[12,16,19,20,23]",11,39,7132500,202,98900,4762,7200,98254,900
2004/11/9,277,"[4,14,16,19,22]",10,16,17511600,254,79200,2910,11900,84958,1000
2004/11/16,278,"[8,12,13,14,24]",16,10,28194000,200,101200,2851,12300,86014,1000
2004/11/23,279,"[2,7,19,23,25]",11,43,5986300,223,82900,4024,7900,96125,800
2004/11/30,280,"[4,9,13,15,19]",12,17,16608000,94,215700,3331,10500,87860,1000
2004/12/7,281,"[5,7,11,13,21]",27,38,7439100,197,103000,3829,9100,103121,800
2004/12/14,282,"[1,2,18,27,29]",13,17,16662500,97,209700,2440,14400,74344,1200
2004/12/21,283,"[11,15,19,20,29]",1,15,18924100,88,231700,2628,13400,78689,1100
2004/12/28,284,"[1,5,8,11,18]",30,30,9528900,140,146600,3437,10300,88976,1000
2005/1/4,285,"[8,17,19,24,26]",16,26,7630900,95,150000,2923,8400,64835,900
2005/1/11,286,"[14,15,20,22,30]",2,20,13655200,87,225500,2401,14100,68848,1200
2005/1/18,287,"[2,7,14,19,21]",1,42,6878000,104,199500,4732,7600,100398,900
2005/1/25,288,"[6,16,21,29,31]",18,17,17475700,125,170700,2709,13600,82021,1100
2005/2/1,289,"[5,6,11,24,28]",18,29,9970600,210,98900,4043,8900,99863,900
2005/2/8,290,"[3,8,11,23,30]",5,40,7197400,173,119500,4743,7500,109396,800
2005/2/15,291,"[4,8,21,23,26]",22,29,9948300,103,201200,3109,11500,89249,1000
2005/2/22,292,"[2,7,13,25,31]",17,48,5984900,198,104200,4756,7500,102544,900
2005/3/1,293,"[14,15,16,24,25]",12,23,12479700,107,192700,2853,12500,80698,1100
2005/3/8,294,"[14,23,26,29,31]",28,6,40000000,70,995500,2793,12800,81308,1100
2005/3/15,295,"[8,14,16,17,26]",5,26,11197400,245,85300,4387,8200,109606,800
2005/3/22,296,"[8,14,18,24,29]",19,38,7159900,176,111000,3985,8500,100977,800
2005/3/29,297,"[5,9,18,25,30]",31,45,6305600,135,151000,4188,8400,97486,900
2005/4/5,298,"[8,10,12,15,22]",16,17,16389100,99,202100,2890,12000,81964,1100
2005/4/12,299,"[2,9,15,26,31]",11,47,6410500,142,152400,3547,10500,89194,1100
2005/4/19,300,"[10,13,16,22,28]",7,45,6424100,206,100800,4474,8000,95087,900
2005/4/26,301,"[5,11,16,26,31]",12,52,5500900,156,131700,4483,7900,107605,800
2005/5/3,302,"[6,7,9,14,20]",22,10,25458000,87,210200,2109,15000,66227,1200
2005/5/10,303,"[13,14,16,19,25]",1,19,15129200,87,237300,3396,10500,96539,900
2005/5/17,304,"[3,10,11,14,20]",17,17,16713200,96,212600,2621,13400,82852,1100
2005/5/24,305,"[10,11,13,16,24]",22,23,12214700,172,117300,4575,7600,102505,800
2005/5/31,306,"[17,20,23,24,31]",11,22,12903500,122,167100,2662,13200,78414,1100
2005/6/7,307,"[2,10,15,21,28]",12,54,5180800,132,152200,3409,10200,82805,1100
2005/6/14,308,"[1,13,17,22,27]",16,36,7450000,116,166100,3367,9900,91133,900
2005/6/21,309,"[8,14,17,22,23]",1,37,7572300,98,205300,4758,7300,105910,800
2005/6/28,310,"[6,14,17,24,25]",11,35,8108500,199,102400,4199,8400,102848,800
2005/7/5,311,"[2,17,19,28,29]",10,18,15815700,90,227200,2394,14800,76267,1200
2005/7/12,312,"[7,12,17,18,21]",11,23,12565100,152,136500,3673,9700,98384,900
2005/7/19,313,"[1,7,26,27,31]",30,18,15149100,112,174900,2562,13200,71890,1200
2005/7/26,314,"[2,7,16,18,20]",28,22,12510800,116,170400,2635,13000,81083,1100
2005/8/2,315,"[7,11,15,28,31]",14,37,7512300,131,152400,3681,9400,96522,900
2005/8/9,316,"[24,25,28,29,30]",27,15,17697300,75,254200,1866,17700,60187,1400
2005/8/16,317,"[8,10,11,22,23]",12,54,4698000,218,83600,4241,7400,93759,800
2005/8/23,318,"[9,18,19,30,31]",16,35,7963800,103,194400,3401,10200,77015,1100
2005/8/30,319,"[3,20,21,22,27]",9,12,23277200,142,141300,2882,12000,88416,1000
2005/9/6,320,"[6,7,13,28,30]",12,20,13491900,212,91400,2943,11400,84228,1000
2005/9/13,321,"[2,11,18,21,27]",15,20,14100400,108,187500,3465,10100,92547,900
2005/9/20,322,"[5,8,10,28,31]",2,14,19488700,104,188400,2871,11800,84432,1000
2005/9/27,323,"[5,15,19,22,27]",29,26,10959800,106,193100,3809,9300,91988,1000
2005/10/4,324,"[5,6,13,29,30]",17,37,7569100,198,101600,3391,10200,89475,1000
2005/10/11,325,"[8,11,13,15,28]",22,29,9407400,235,83400,4247,7900,108127,800
2005/10/18,326,"[1,3,6,11,25]",12,20,14347500,179,115100,3082,11500,86206,1000
2005/10/25,327,"[8,14,19,25,28]",16,43,6951700,258,83200,4874,7600,105793,900
2005/11/1,328,"[1,2,11,12,18]",8,18,16572100,166,129000,3599,10300,96204,1000
2005/11/8,329,"[5,14,15,17,29]",10,19,15262900,109,191100,3876,9300,103197,900
2005/11/15,330,"[3,13,15,19,24]",8,23,12588200,204,101900,3169,11300,94856,900
2005/11/22,331,"[6,19,21,29,30]",24,14,21391600,69,311800,2614,14200,80065,1200
2005/11/29,332,"[4,9,24,28,29]",25,22,13705300,85,254800,3866,9700,96420,1000
2005/12/6,333,"[19,21,22,26,28]",24,17,17382100,78,272100,2290,16000,76342,1200
2005/12/13,334,"[7,12,22,23,25]",13,30,9879000,272,78200,3718,9900,105737,900
2005/12/20,335,"[14,16,23,25,31]",22,28,10782300,111,195400,3348,11200,91230,1000
2005/12/27,336,"[10,14,20,27,28]",8,22,13641500,235,91700,3605,10300,96181,1000
2006/1/10,337,"[4,7,21,22,23]",15,19,16779400,174,131600,3146,12600,94214,1100
2006/1/17,338,"[1,3,19,21,27]",9,39,8056100,122,185000,3226,12100,89640,1100
2006/1/24,339,"[4,9,11,15,23]",26,44,7020700,204,108700,4688,8200,113114,800
2006/1/31,340,"[10,14,18,23,25]",31,40,7826500,148,151900,3810,10200,102960,900
2006/2/7,341,"[2,5,17,18,26]",3,61,5053900,166,133400,5197,7300,110429,900
2006/2/14,342,"[2,15,24,25,27]",9,14,21474500,148,145900,2827,13200,89977,1000
2006/2/21,343,"[6,10,15,27,30]",8,27,11290300,127,172400,3744,10100,94391,1000
2006/2/28,344,"[4,9,13,21,23]",31,27,11398900,177,124900,5114,7400,110610,900
2006/3/7,345,"[7,14,16,17,29]",18,58,5438800,120,188800,4710,8300,117486,800
2006/3/14,346,"[4,14,18,26,31]",3,29,10435700,147,147900,3557,10500,96618,1000
2006/3/21,347,"[10,11,20,23,27]",13,27,10160100,144,136800,3433,9900,92435,900
2006/3/28,348,"[8,9,11,12,18]",23,19,15486000,150,140900,3641,10000,104632,900
2006/4/4,349,"[3,5,6,7,12]",18,29,10284200,142,150800,3717,9900,100726,900
2006/4/11,350,"[3,9,22,24,28]",27,11,26748600,97,217900,3502,10400,92415,1000
2006/4/18,351,"[3,6,11,12,27]",26,73,4300700,221,102000,6299,6200,131909,700
2006/4/25,352,"[5,7,14,17,30]",29,24,12929600,221,100800,3643,10600,104583,900
2006/5/2,353,"[3,13,14,17,25]",18,34,8934700,148,147400,4728,7900,111666,800
2006/5/9,354,"[3,6,17,19,30]",1,44,6864700,114,190300,3751,10000,97105,1000
2006/5/16,355,"[8,9,24,27,29]",31,22,13593200,72,298300,2997,12400,94136,1000
2006/5/23,356,"[6,11,17,19,22]",21,40,7321000,134,157000,4408,8200,110216,800
2006/5/30,357,"[15,24,26,28,29]",16,12,24816400,90,237700,2299,16100,80797,1200
2006/6/6,358,"[4,13,18,27,31]",23,41,7113700,175,119700,4431,8100,103083,900
2006/6/13,359,"[3,11,15,18,19]",22,16,17876000,179,114700,3656,9700,105524,800
2006/6/20,360,"[6,11,20,27,28]",5,48,6193700,201,106200,4709,7800,111447,800
2006/6/27,361,"[2,4,6,12,30]",5,19,15696000,88,243400,3173,11700,89734,1000
2006/7/4,362,"[4,17,19,20,31]",7,21,13895100,143,146500,2409,15000,75721,1200
2006/7/11,363,"[4,10,12,17,22]",16,23,12695200,102,205600,3373,10700,92276,1000
2006/7/18,364,"[5,9,13,20,23]",18,24,11358800,222,88200,3216,10500,86065,1000
2006/7/25,365,"[6,10,18,27,28]",14,23,12403200,196,104500,3676,9600,103329,800
2006/8/1,366,"[2,11,14,19,30]",3,27,10595200,182,112900,3536,10000,99703,900
2006/8/8,367,"[4,6,14,19,31]",9,26,10518900,139,141300,3582,9500,93456,900
2006/8/15,368,"[1,8,17,28,29]",6,13,19395700,107,169200,2815,11100,82089,1000
2006/8/22,369,"[4,10,23,29,30]",31,25,11460000,82,251000,2852,12500,82520,1100
2006/8/29,370,"[10,12,16,26,28]",21,21,13767300,120,173000,2886,12400,83307,1100
2006/9/5,371,"[10,12,19,23,31]",27,21,13957500,126,167100,2907,12500,85265,1100
2006/9/12,372,"[1,5,22,25,30]",12,33,9003400,140,152400,2729,13500,78301,1200
2006/9/19,373,"[3,5,11,12,29]",22,61,4622100,189,107100,5172,6700,118360,700
2006/9/26,374,"[9,17,27,28,29]",8,16,18225500,180,116300,3492,10300,103774,900
2006/10/3,375,"[1,10,20,23,24]",16,12,24528700,88,240200,2221,16500,70443,1300
2006/10/10,376,"[7,13,21,25,28]",2,39,7255400,245,82900,4383,8000,95834,900
2006/10/17,377,"[1,12,20,21,30]",6,19,15665600,129,165700,2672,13800,74940,1200
2006/10/24,378,"[6,8,15,21,24]",5,27,11045400,94,227900,3322,11100,87663,1100
2006/10/31,379,"[2,8,15,19,28]",26,45,6749400,185,117900,4645,8100,102008,900
2006/11/7,380,"[2,11,12,17,31]",15,19,15582900,107,198700,4102,8900,106851,900
2006/11/14,381,"[3,9,19,22,23]",21,41,7117200,141,148600,4165,8700,101921,900
2006/11/21,382,"[7,9,11,14,23]",19,29,9962100,148,140200,3745,9600,100421,900
2006/11/28,383,"[4,7,9,17,31]",12,22,13011400,146,140800,3476,10200,95871,900
2006/12/5,384,"[4,9,15,25,29]",5,29,9995400,147,141600,3929,9100,96846,900
2006/12/12,385,"[6,14,20,24,27]",3,32,9087000,141,148100,3361,10700,86712,1000
2006/12/19,386,"[1,3,5,7,23]",14,23,12837200,117,181200,3883,9400,99801,900
2006/12/26,387,"[16,26,28,29,30]",11,9,32280800,92,226800,2695,13400,79495,1100
2007/1/9,388,"[4,8,19,27,31]",11,57,5506300,272,82800,5046,7700,118243,800
2007/1/16,389,"[8,11,13,27,30]",6,23,13113900,154,140700,4162,9000,101356,900
2007/1/23,390,"[11,14,23,29,30]",20,37,8111500,106,203400,4250,8700,111144,800
2007/1/30,391,"[1,10,15,30,31]",21,181,1700400,373,59200,5421,7000,98234,1000
2007/2/6,392,"[3,13,15,25,30]",26,45,6713500,125,173600,4166,9000,101465,900
2007/2/13,393,"[15,17,18,22,30]",11,12,23982100,114,181300,2437,14700,78026,1200
2007/2/20,394,"[2,5,21,27,31]",25,15,19882600,91,235400,3110,11900,93643,1000
2007/2/27,395,"[6,21,22,23,31]",3,13,23188300,109,198600,2292,16300,75444,1300
2007/3/6,396,"[1,6,21,25,28]",22,22,13574700,63,340500,2924,12700,83593,1100
2007/3/13,397,"[1,14,17,24,25]",29,21,13927300,90,233400,2609,13900,76901,1200
2007/3/20,398,"[10,17,25,27,31]",26,18,16163900,88,237500,3114,11600,90575,1000
2007/3/27,399,"[7,13,23,27,31]",8,43,6834500,133,158700,4772,7600,111052,800
2007/4/3,400,"[12,20,22,24,25]",26,13,22289300,55,378400,2003,18000,68373,1300
2007/4/10,401,"[11,13,18,26,30]",6,28,10472300,232,90800,3870,9400,98980,900
2007/4/17,402,"[10,20,22,24,27]",8,15,19449900,134,156400,2377,15200,74458,1200
2007/4/24,403,"[2,5,16,30,31]",18,22,13626500,110,195700,3070,12100,88847,1000
2007/5/1,404,"[1,8,11,26,28]",24,27,10487200,111,183200,3364,10400,89486,1000
2007/5/8,405,"[8,9,13,27,31]",17,39,7464000,204,102500,4924,7300,108386,800
2007/5/15,406,"[5,13,19,28,29]",1,18,15817700,143,143000,3866,9100,95781,900
2007/5/22,407,"[5,15,21,22,31]",10,35,8208300,206,100100,3448,10300,92402,1000
2007/5/29,408,"[7,12,22,26,30]",4,28,10254800,177,116500,3798,9400,91273,1000
2007/6/5,409,"[2,11,19,27,28]",5,48,5964500,232,88600,4419,8000,108455,800
2007/6/12,410,"[3,10,19,20,31]",15,29,9616900,108,185500,3385,10200,89715,1000
2007/6/19,411,"[5,8,12,19,22]",11,25,11525700,151,137000,3804,9400,98987,900
2007/6/26,412,"[1,5,6,9,23]",16,29,10053800,128,163600,3436,10500,96890,900
2007/7/3,413,"[8,14,21,23,29]",17,31,9352800,261,79800,3511,10200,91386,1000
2007/7/10,414,"[5,7,10,20,27]",21,39,7427000,157,132500,3958,9100,101014,900
2007/7/17,415,"[11,16,24,28,30]",22,29,9426000,124,158300,4127,8200,100656,800
2007/7/24,416,"[4,6,13,15,22]",7,29,9507700,112,176800,4109,8300,92441,900
2007/7/31,417,"[3,9,12,23,24]",22,56,4877300,158,124100,4782,7100,108716,800
2007/8/7,418,"[13,16,22,27,30]",4,20,13243300,159,119600,3203,10200,83704,1000
2007/8/14,419,"[5,12,19,20,27]",28,32,7233400,161,103200,3767,7600,82336,900
2007/8/21,420,"[2,10,13,23,27]",18,25,10759400,134,144200,3133,10600,84853,1000
2007/8/28,421,"[11,14,24,28,29]",16,35,7976900,128,156700,4895,7100,101814,800
2007/9/4,422,"[10,12,15,21,27]",24,33,8499800,132,152600,4149,8400,101347,900
2007/9/11,423,"[8,14,16,24,31]",7,31,8997100,142,141100,3649,9500,86741,1000
2007/9/18,424,"[3,4,8,11,31]",24,20,13291200,159,120100,3186,10300,88833,900
2007/9/25,425,"[4,10,20,25,28]",6,20,13182300,119,159100,3065,10700,80904,1000
2007/10/2,426,"[3,15,17,21,26]",29,37,7361900,152,128700,3227,10500,84890,1000
2007/10/9,427,"[9,14,19,20,26]",16,15,17486800,71,265400,2525,12900,69032,1200
2007/10/16,428,"[11,20,24,27,29]",21,13,21067400,77,255500,2806,12100,86305,1000
2007/10/23,429,"[11,18,22,26,30]",20,32,8673200,68,293200,4156,8300,97242,900
2007/10/30,430,"[3,7,16,18,21]",27,28,9918400,190,105000,3370,10200,87078,1000
2007/11/6,431,"[3,12,14,24,25]",2,16,17285700,125,158900,3265,10500,86825,1000
2007/11/13,432,"[3,9,14,22,25]",12,32,9019000,149,139100,4056,8800,96977,900
2007/11/20,433,"[1,12,17,20,27]",14,16,17932700,74,278500,2865,12400,82590,1100
2007/11/27,434,"[1,6,10,11,22]",18,34,8373300,142,144000,3614,9800,94079,900
2007/12/4,435,"[8,19,22,25,27]",6,27,10316600,130,153900,3550,9700,94193,900
2007/12/11,436,"[7,8,18,21,24]",17,20,14262800,109,188000,4162,8500,94018,900
2007/12/18,437,"[9,13,15,28,31]",12,38,7646100,115,181500,6060,5900,102410,900
2007/12/25,438,"[1,2,10,13,21]",16,13,22084600,79,261000,2365,15100,73725,1200
2008/1/8,439,"[10,17,19,21,23]",16,18,17363100,107,209800,3157,12300,90544,1100
2008/1/15,440,"[5,12,13,21,30]",28,21,13697700,125,165300,3341,10700,90854,1000
2008/1/22,441,"[6,8,19,28,30]",17,31,9683200,198,108900,3407,10900,92829,1000
2008/1/29,442,"[5,8,19,24,30]",17,34,8628100,229,92000,4098,8900,99286,900
2008/2/5,443,"[5,17,22,23,30]",20,32,9298700,101,211600,4282,8600,99559,900
2008/2/12,444,"[1,11,17,30,31]",13,24,11837600,143,142700,3939,8900,91229,1000
2008/2/19,445,"[7,16,18,26,31]",25,23,12924500,151,141400,3065,12000,83856,1100
2008/2/26,446,"[10,11,15,16,17]",4,21,14040800,99,213900,2680,13600,82504,1100
2008/3/4,447,"[14,17,20,25,26]",8,16,18466200,180,117900,2949,12400,90016,1000
2008/3/11,448,"[1,7,12,17,18]",25,18,16289500,167,126100,3610,10100,89969,1000
2008/3/18,449,"[7,8,10,11,20]",12,18,16030900,188,110200,3612,9900,96378,900
2008/3/25,450,"[2,5,8,13,27]",26,51,5673200,201,103400,4554,7900,107543,800
2008/4/1,451,"[3,7,12,14,16]",31,22,12884000,99,205600,4409,8000,100186,900
2008/4/8,452,"[2,12,16,18,30]",20,30,9295300,104,192600,3099,11200,86317,1000
2008/4/15,453,"[4,7,12,17,27]",24,38,7712800,235,89500,5104,7100,119382,700
2008/4/22,454,"[2,5,13,20,24]",12,12,24042600,156,132800,3407,10500,86942,1000
2008/4/29,455,"[1,10,16,24,26]",9,10,27112800,118,165000,2449,13700,69454,1200
2008/5/6,456,"[6,8,10,16,20]",2,15,17152700,116,159300,2773,11500,77033,1000
2008/5/13,457,"[2,16,17,22,28]",11,33,8608300,291,70100,3533,10000,93435,900
2008/5/20,458,"[6,8,15,24,31]",1,28,9702900,112,174200,3311,10200,83117,1000
2008/5/27,459,"[12,13,26,27,29]",2,26,10455700,122,160000,3258,10300,85406,1000
2008/6/3,460,"[10,11,25,27,30]",4,38,6997400,202,94500,4972,6600,106401,800
2008/6/10,461,"[6,12,17,20,26]",11,32,8331400,170,112600,3758,8800,93065,900
2008/6/17,462,"[4,19,22,25,29]",27,19,14402600,86,228500,2876,11800,79271,1100
2008/6/24,463,"[12,13,16,21,23]",18,11,25274900,116,172100,2563,13500,81103,1100
2008/7/1,464,"[1,12,16,22,28]",15,27,10738700,101,206200,3205,11200,89965,1000
2008/7/8,465,"[13,18,21,25,28]",7,21,13657600,293,70300,3435,10300,89524,1000
2008/7/15,466,"[15,16,19,20,29]",17,11,25579600,85,237800,2304,15200,73624,1200
2008/7/22,467,"[1,2,13,15,23]",26,16,16572400,73,260900,2292,14400,69396,1200
2008/7/29,468,"[7,8,13,24,27]",10,30,9085900,176,111200,4232,8000,108146,800
2008/8/5,469,"[5,9,12,16,19]",3,29,9266400,137,140900,3194,10400,91883,900
2008/8/12,470,"[11,15,22,30,31]",14,21,12129800,191,95800,3511,9000,91576,900
2008/8/19,471,"[13,17,20,23,30]",28,22,12285600,138,140700,3454,9700,91379,900
2008/8/26,472,"[4,15,17,20,21]",3,26,10729000,111,180500,2687,12900,77481,1100
2008/9/2,473,"[4,5,18,20,26]",3,16,17757900,109,187200,2822,12500,78266,1100
2008/9/9,474,"[5,12,14,18,23]",11,30,9378600,140,144300,4934,7000,98745,900
2008/9/16,475,"[8,9,12,14,24]",30,22,12376100,120,163000,3223,10500,92052,900
2008/9/23,476,"[3,10,12,20,24]",13,23,11358800,133,141100,3404,9500,90405,900
2008/9/30,477,"[1,4,13,20,28]",31,21,13131200,80,247600,2723,12600,78780,1100
2008/10/7,478,"[3,17,18,22,25]",5,27,10239100,203,97800,3707,9200,90587,900
2008/10/14,479,"[14,22,26,27,29]",21,18,14378900,103,180500,2673,12000,78762,1000
2008/10/21,480,"[5,7,18,25,31]",23,21,13275900,124,161500,3220,10700,87108,1000
2008/10/28,481,"[3,7,13,16,25]",31,51,5612900,167,123100,5053,7000,102993,900
2008/11/4,482,"[2,16,20,24,29]",5,34,8166600,153,130300,3539,9700,87946,1000
2008/11/11,483,"[7,20,23,27,29]",25,12,23315500,90,223300,2697,12900,81404,1100
2008/11/18,484,"[1,3,4,19,29]",27,13,21265800,68,292000,2165,15800,69403,1200
2008/11/25,485,"[3,8,10,15,31]",18,31,8512600,127,149200,3194,10200,86760,900
2008/12/2,486,"[5,8,20,22,26]",19,25,11159700,152,131800,3264,10600,88681,1000
2008/12/9,487,"[15,17,20,22,29]",16,16,17092600,105,187100,2845,11900,80445,1100
2008/12/16,488,"[10,15,17,23,29]",24,31,9466600,134,157300,4056,9000,101621,900
2008/12/23,489,"[2,4,9,22,31]",17,13,21203900,136,145600,2606,13100,78027,1100
2008/12/30,490,"[7,9,13,21,24]",11,28,9666600,128,151900,3150,10600,85419,1000
2009/1/6,491,"[8,10,16,20,23]",6,23,10755800,268,66300,3775,8100,89732,800
2009/1/13,492,"[3,8,9,11,20]",18,19,14770700,116,173800,3842,9000,106956,800
2009/1/20,493,"[1,11,12,13,17]",26,23,12787900,107,197400,2809,13000,93201,1000
2009/1/27,494,"[2,10,14,26,28]",18,36,8253400,316,67500,3589,10300,90634,1000
2009/2/3,495,"[7,10,22,26,27]",5,27,10939800,149,142400,3157,11600,91842,1000
2009/2/10,496,"[4,10,11,22,30]",9,60,4948400,153,139400,4627,7900,111207,800
2009/2/17,497,"[4,21,23,27,28]",26,14,21028600,56,377600,2564,14200,80736,1100
2009/2/24,498,"[2,15,20,23,30]",3,30,9594700,167,123800,3244,11000,85123,1100
2009/3/3,499,"[2,8,14,15,26]",31,33,8790300,192,108500,4528,7900,96203,900
2009/3/10,500,"[19,20,23,25,28]",5,14,20356900,119,172000,2316,15300,73091,1200
2009/3/17,501,"[12,13,16,17,21]",22,29,9696300,120,168300,3726,9300,89757,1000
2009/3/24,502,"[2,3,5,13,14]",1,16,16905100,97,200300,2790,12000,84160,1000
2009/3/31,503,"[11,18,21,23,27]",3,18,15702900,192,105700,3415,10300,94234,900
2009/4/7,504,"[8,10,24,28,31]",9,21,13107100,87,227200,3219,10600,88962,1000
2009/4/14,505,"[5,16,19,20,22]",28,17,15883300,134,144700,3081,10900,87259,1000
2009/4/21,506,"[4,14,15,23,24]",11,41,6767000,125,159400,4000,8600,93531,900
2009/4/28,507,"[10,19,26,27,28]",2,17,16647600,126,161300,2946,11900,86447,1000
2009/5/5,508,"[3,6,9,14,25]",1,42,5761800,112,155200,3881,7700,87665,800
2009/5/12,509,"[2,13,22,29,30]",8,31,8883300,192,103000,3470,9800,92911,900
2009/5/19,510,"[18,19,21,23,30]",25,16,16677000,77,248900,2597,12700,75608,1100
2009/5/26,511,"[13,16,26,28,31]",11,24,11253600,121,160300,3024,11100,84793,1000
2009/6/2,512,"[8,14,25,29,30]",7,34,7883000,122,157800,3468,9600,88026,900
2009/6/9,513,"[3,11,18,19,25]",8,27,9648100,200,93500,3623,8900,90311,900
2009/6/16,514,"[15,16,21,25,30]",14,19,14179700,101,191600,2707,12300,77201,1100
2009/6/23,515,"[5,21,24,25,26]",31,19,14286000,105,185700,2201,15300,73385,1200
2009/6/30,516,"[3,12,14,15,26]",5,35,7943400,132,151300,4069,8500,96117,900
2009/7/7,517,"[12,26,28,29,30]",5,14,19710700,111,178600,2816,12200,83844,1000
2009/7/14,518,"[11,16,18,20,27]",23,26,10316600,160,120400,3399,9800,92280,900
2009/7/21,519,"[2,9,25,29,31]",4,15,16888000,97,187600,2383,13200,69047,1100
2009/7/28,520,"[2,3,11,14,30]",8,17,15451100,135,139700,2996,10900,89410,900
2009/8/4,521,"[4,9,14,25,26]",15,27,9662800,200,93700,3550,9100,90283,900
2009/8/11,522,"[4,19,22,23,27]",31,26,9522600,91,195400,3219,9500,81376,900
2009/8/18,523,"[8,17,18,19,24]",10,28,9389500,125,151100,3747,8700,93646,900
2009/8/25,524,"[7,10,17,22,24]",12,16,16889500,126,154000,3179,10500,83901,1000
2009/9/1,525,"[1,14,21,25,27]",6,10,26813300,126,152800,2424,13700,77176,1100
2009/9/8,526,"[4,5,16,21,31]",26,13,20788400,95,204300,2534,13200,74347,1100
2009/9/15,527,"[11,13,15,23,25]",4,26,10342000,124,155700,3576,9300,92687,900
2009/9/22,528,"[2,11,14,15,21]",8,16,15068700,105,164900,2418,12400,74570,1000
2009/9/29,529,"[5,7,14,16,20]",15,15,18224000,89,220600,2458,13800,77610,1100
2009/10/6,530,"[2,3,5,16,19]",10,22,12106200,110,173900,2738,12100,81095,1000
2009/10/13,531,"[13,21,22,26,27]",19,17,15168900,119,155600,2772,11500,82062,1000
2009/10/20,532,"[5,10,21,27,28]",18,31,8710200,126,153900,3396,9800,89209,900
2009/10/27,533,"[6,13,19,23,31]",20,32,8463800,160,121600,3129,10700,83937,1000
2009/11/3,534,"[7,22,25,26,30]",4,12,21304700,94,195300,3000,10600,88462,900
2009/11/10,535,"[18,20,23,24,31]",7,28,9765100,108,181800,2649,12800,77122,1100
2009/11/17,536,"[14,18,20,22,24]",19,21,12345300,82,227100,2349,13700,70615,1100
2009/11/24,537,"[9,10,27,29,30]",5,22,11655900,86,214200,2774,11500,77490,1000
2009/12/1,538,"[8,10,13,20,21]",31,23,11869800,157,124900,3491,9700,86082,1000
2009/12/8,539,"[9,18,23,26,29]",5,46,5893000,181,107500,3692,9100,87642,1000
2009/12/15,540,"[2,19,22,27,29]",6,13,21349400,112,178000,2855,12100,86092,1000
2009/12/22,541,"[1,9,10,16,23]",30,21,13310200,169,118800,2841,12200,79303,1100
2009/12/29,542,"[3,9,11,20,27]",21,32,8949200,194,106000,4561,7800,104748,800
2010/1/5,543,"[4,7,17,22,25]",30,27,8457100,155,105800,3536,8000,82742,800
2010/1/12,544,"[3,9,18,29,30]",28,43,6223100,99,194100,3881,8500,90012,900
2010/1/19,545,"[1,15,23,28,29]",2,15,18197900,87,225400,2571,13200,76806,1100
2010/1/26,546,"[3,8,19,22,29]",20,31,9214400,179,114600,3945,9000,98790,900
2010/2/2,547,"[5,23,25,29,31]",28,12,23615400,67,303800,2678,13100,83555,1100
2010/2/9,548,"[5,6,16,23,29]",31,20,14297700,125,164300,3390,10500,91737,1000
2010/2/16,549,"[10,12,19,24,25]",14,30,9563800,118,174600,3610,9800,93299,1000
2010/2/23,550,"[8,16,22,28,31]",3,43,6557800,258,78500,3970,8800,94364,900
2010/3/2,551,"[1,2,10,24,31]",28,14,20110000,63,321000,2396,14600,72660,1200
2010/3/9,552,"[7,11,14,17,28]",29,36,7421700,188,102100,4221,7800,98601,800
2010/3/16,553,"[2,13,23,24,30]",15,21,12939600,131,149000,3247,10400,88766,900
2010/3/23,554,"[2,6,23,24,28]",9,17,15230600,109,170600,3047,10500,82585,1000
2010/3/30,555,"[1,15,18,24,29]",23,22,12255200,118,164100,2745,12200,77334,1100
2010/4/6,556,"[4,6,16,17,24]",26,35,7771700,163,119800,3650,9200,90613,900
2010/4/13,557,"[8,18,21,22,28]",31,22,12222500,124,155700,3089,10800,83958,1000
2010/4/20,558,"[4,10,16,22,30]",27,53,5164100,184,106800,4389,7700,93179,900
2010/4/27,559,"[2,4,7,11,16]",25,24,11299600,153,127300,2964,11300,86385,1000
2010/5/4,560,"[11,13,17,29,30]",5,27,8842100,166,103300,2961,10000,78748,900
2010/5/11,561,"[1,5,6,16,25]",18,23,11625700,88,218200,2739,12100,76038,1100
2010/5/18,562,"[2,7,12,15,17]",23,18,14535900,137,137200,2874,11300,83874,1000
2010/5/25,563,"[4,5,18,19,30]",1,22,11839900,97,192900,2768,11700,80764,1000
2010/6/1,564,"[9,17,19,22,29]",6,21,12478300,133,141500,3226,10100,87524,900
2010/6/8,565,"[18,19,20,28,29]",13,20,12905900,76,243900,2579,12400,72339,1100
2010/6/15,566,"[3,8,23,28,30]",31,26,9868800,108,170600,4075,7800,96798,800
2010/6/22,567,"[10,12,20,24,25]",17,26,10114500,129,146400,3388,9600,81484,1000
2010/6/29,568,"[8,12,16,24,30]",23,97,2716700,288,65700,5302,6100,101461,800
2010/7/6,569,"[10,17,23,26,28]",5,21,12349600,183,101800,3058,10500,85973,900
2010/7/13,570,"[1,2,5,6,10]",8,37,6873700,192,95100,2583,12200,68640,1200
2010/7/20,571,"[9,22,27,28,29]",26,14,17010200,60,285100,2976,9900,82802,900
2010/7/27,572,"[1,6,18,23,29]",21,15,16216000,79,221200,3308,9100,76232,1000
2010/8/3,573,"[15,21,22,23,29]",5,15,16176400,133,131000,2816,10700,80604,900
2010/8/10,574,"[3,7,8,13,15]",25,20,11866600,137,124400,2898,10100,82744,900
2010/8/17,575,"[10,16,20,21,27]",24,28,8627400,110,157700,2860,10500,73756,1000
2010/8/24,576,"[6,8,10,21,23]",18,35,7066800,113,157200,2843,10800,80706,900
2010/8/31,577,"[5,10,21,24,25]",13,28,8927400,117,153400,3841,8100,84695,900
2010/9/7,578,"[5,11,16,19,30]",18,26,9531100,105,169500,3124,9800,83190,900
2010/9/14,579,"[1,4,15,17,23]",8,21,11802900,137,129900,2783,11000,77689,1000
2010/9/21,580,"[1,4,14,15,26]",18,17,14207200,87,199400,2758,10900,72193,1000
2010/9/28,581,"[2,6,12,14,30]",3,20,12406700,107,166600,2730,11300,75898,1000
2010/10/5,582,"[3,14,22,24,30]",10,10,25266100,88,206200,2367,13200,75654,1000
2010/10/12,583,"[1,3,10,11,16]",24,18,13503100,141,123800,2826,10700,79311,900
2010/10/19,584,"[6,9,11,14,22]",29,19,13275400,289,62700,3138,10000,82134,1000
2010/10/26,585,"[14,19,23,24,31]",29,18,14216200,95,193500,2635,12000,76350,1000
2010/11/2,586,"[1,5,6,10,15]",2,40,6470700,266,69900,3635,8800,85278,900
2010/11/9,587,"[11,17,19,29,30]",1,25,10205900,98,187000,3355,9400,83436,900
2010/11/16,588,"[4,11,18,26,31]",13,34,7394700,138,130800,3266,9500,76267,1000
2010/11/23,589,"[3,10,13,22,26]",12,23,10205500,102,165300,2630,11100,74306,1000
2010/11/30,590,"[4,7,11,17,19]",14,37,6801500,193,93600,3834,8100,90390,900
2010/12/7,591,"[4,8,9,13,19]",12,26,9736700,111,163800,3092,10100,76503,1000
2010/12/14,592,"[5,6,23,25,26]",14,21,12083500,137,133000,2574,12200,78774,1000
2010/12/21,593,"[11,14,22,28,29]",25,35,7495000,105,179400,3851,8400,93723,900
2010/12/28,594,"[2,5,10,22,30]",12,28,9365900,196,96100,3801,8500,94450,900
2011/1/4,595,"[7,11,15,20,23]",3,25,7546400,185,73200,3030,7700,71820,800
2011/1/11,596,"[6,9,10,14,27]",31,28,9047700,116,156800,3145,10000,83501,900
2011/1/18,597,"[2,13,16,17,19]",29,10,25344800,86,211700,2319,13600,73663,1100
2011/1/25,598,"[4,15,21,26,30]",1,35,7510200,127,148600,3458,9400,85319,1000
2011/2/1,599,"[3,7,10,11,29]",25,22,11685800,220,83900,4005,7900,98518,800
2011/2/8,600,"[1,2,3,4,22]",13,10,26415600,84,225900,4155,7900,73684,1100
2011/2/15,601,"[10,14,15,16,24]",28,7,37181100,104,179700,2579,12500,81393,1000
2011/2/22,602,"[3,14,18,22,25]",27,35,7665100,195,98800,4012,8300,90625,900
2011/3/1,603,"[4,5,26,28,30]",15,17,15279200,135,138200,2443,13200,81336,1000
2011/3/8,604,"[2,11,13,22,25]",5,32,7957300,180,101600,4096,7700,95575,800
2011/3/15,605,"[5,6,13,19,28]",17,24,8872300,141,108400,2962,8900,72870,900
2011/3/22,606,"[9,20,23,30,31]",1,14,15499100,63,247400,2288,11800,61597,1100
2011/3/29,607,"[7,8,12,18,30]",17,29,8122200,120,141000,3330,8800,85865,800
2011/4/5,608,"[13,19,21,25,29]",15,22,9405900,65,228700,3275,7800,64303,1000
2011/4/12,609,"[3,14,21,26,30]",25,22,9226300,117,124600,2738,9200,66318,900
2011/4/19,610,"[3,8,14,17,30]",19,23,8955400,102,145000,2843,9000,70296,900
2011/4/26,611,"[12,18,21,25,30]",17,33,6351800,106,142000,2515,10300,65820,1000
2011/5/3,612,"[11,18,24,27,30]",4,23,8182500,132,102400,2460,9500,64776,900
2011/5/10,613,"[2,16,17,20,28]",14,16,12434300,71,201300,2183,11300,58233,1100
2011/5/17,614,"[7,16,23,25,30]",11,10,19720200,143,99000,2315,10600,64818,900
2011/5/24,615,"[4,12,13,19,20]",10,12,16278000,69,203300,1899,12800,56872,1100
2011/5/31,616,"[7,18,21,27,28]",10,12,16661300,70,205100,2311,10700,62286,1000
2011/6/7,617,"[3,9,16,19,28]",25,24,8270400,100,142500,2798,8800,66460,900
2011/6/14,618,"[10,12,14,22,31]",23,13,15120100,91,155100,2042,11900,59757,1000
2011/6/21,619,"[4,7,14,20,30]",28,15,13439600,114,127000,2418,10300,64870,1000
2011/6/28,620,"[2,14,21,25,31]",5,18,11079800,84,170500,1941,12700,57558,1100
2011/7/5,621,"[6,12,18,24,30]",9,1129,175900,166,85900,4729,5200,77290,800
2011/7/12,622,"[13,14,20,25,27]",19,13,14594200,58,235000,1863,12600,56085,1100
2011/7/19,623,"[4,9,14,15,26]",29,22,8004000,113,111900,2371,9200,58680,900
2011/7/26,624,"[5,7,11,12,24]",4,33,5731900,116,117100,3160,7400,73619,800
2011/8/2,625,"[19,20,23,26,31]",6,9,20809100,73,184300,1478,15700,46133,1300
2011/8/9,626,"[11,12,14,17,26]",23,5,35684100,88,145600,1829,12100,57544,1000
2011/8/16,627,"[6,10,14,15,20]",19,5,36451700,53,247000,1735,13000,52537,1100
2011/8/23,628,"[1,2,10,17,20]",18,17,11376500,53,262100,1757,13700,48639,1200
2011/8/30,629,"[1,3,16,26,29]",31,15,13044500,79,177900,1955,12400,56602,1100
2011/9/6,630,"[3,4,16,19,31]",14,12,16286800,64,219300,2022,12000,58714,1000
2011/9/13,631,"[3,15,18,20,25]",29,10,19507900,75,186800,2082,11600,60059,1000
2011/9/20,632,"[6,14,15,25,26]",13,23,8097000,100,133700,3011,7700,65445,900
2011/9/27,633,"[2,12,19,20,30]",13,21,9253400,97,143900,2646,9100,65720,900
2011/10/4,634,"[6,14,24,27,31]",22,17,11374200,65,213700,2308,10400,59905,1000
2011/10/11,635,"[12,13,16,20,29]",11,7,26764300,60,224300,2105,11000,57657,1000
2011/10/18,636,"[8,13,21,26,30]",3,39,5013300,135,104000,2700,9000,63106,1000
2011/10/25,637,"[1,5,10,15,21]",11,17,11419600,130,107200,2558,9400,59708,1000
2011/11/1,638,"[1,16,18,27,30]",15,12,16493100,65,218700,1881,13100,52657,1200
2011/11/8,639,"[6,14,20,29,31]",22,38,5158400,126,111700,3687,6600,68729,900
2011/11/15,640,"[6,15,18,28,31]",8,7,27720100,77,181000,2002,12000,56971,1100
2011/11/22,641,"[5,11,14,17,22]",15,19,9966100,56,242900,3207,7300,73497,800
2011/11/29,642,"[9,22,26,27,31]",28,4,40000000,52,885600,2218,10700,48802,1200
2011/12/6,643,"[9,11,17,19,22]",6,16,12024300,117,118100,2208,10800,60506,1000
2011/12/13,644,"[5,13,15,20,27]",30,19,10381800,119,119000,2705,9000,66111,900
2011/12/20,645,"[8,13,18,19,24]",11,19,10576700,79,182700,2626,9500,66181,900
2011/12/27,646,"[3,6,16,30,31]",17,15,13557200,99,147500,2379,10600,66649,900
2012/1/10,647,"[3,6,7,10,21]",18,22,10018700,83,190700,2382,11500,67126,1000
2012/1/17,648,"[6,13,18,19,21]",26,12,16736600,161,89600,2524,9900,64052,1000
2012/1/24,649,"[3,11,18,19,21]",12,25,7920700,95,149700,2561,9600,67198,900
2012/1/31,650,"[4,11,18,24,26]",13,40,5056600,125,116200,3098,8100,71026,900
2012/2/7,651,"[8,11,15,20,31]",18,17,11631300,80,177500,2392,10200,62963,1000
2012/2/14,652,"[2,5,19,28,29]",23,9,21263100,77,178500,1960,12100,57241,1000
2012/2/21,653,"[11,16,20,22,30]",21,18,10879000,62,226900,2786,8700,67237,900
2012/2/28,654,"[6,11,22,25,27]",2,20,9667600,92,150900,2751,8700,70791,800
2012/3/6,655,"[7,9,12,14,18]",24,11,17484300,112,123300,2401,9900,65368,900
2012/3/13,656,"[4,10,15,22,23]",7,11,17013700,122,110200,2625,8800,65300,900
2012/3/20,657,"[9,14,18,23,30]",10,19,9266300,73,173200,2331,9400,58535,900
2012/3/27,658,"[7,8,11,15,26]",1,22,8351300,75,175900,2697,8400,66947,800
2012/4/3,659,"[5,9,22,30,31]",3,10,17841700,66,194200,1692,13100,51095,1100
2012/4/10,660,"[7,12,15,30,31]",18,15,12406500,83,161000,2110,10900,58936,1000
2012/4/17,661,"[2,6,9,19,20]",27,12,15964800,87,158100,2077,11400,56423,1100
2012/4/24,662,"[7,9,15,28,31]",26,17,11301400,82,168300,2824,8400,64257,900
2012/5/1,663,"[1,9,10,21,31]",23,16,11709600,53,253900,2128,10900,51699,1100
2012/5/8,664,"[6,9,11,16,29]",4,27,6930300,114,117900,2558,9100,64945,900
2012/5/15,665,"[7,12,17,20,28]",9,16,11303900,90,144300,2422,9200,61581,900
2012/5/22,666,"[10,11,17,24,29]",26,24,7537400,68,191100,2611,8600,62031,900
2012/5/29,667,"[8,9,19,26,31]",28,11,16344600,53,243700,1897,11800,55039,1000
2012/6/5,668,"[7,9,16,27,29]",30,24,7567100,101,129100,2772,8100,66072,800
2012/6/12,669,"[4,7,8,25,31]",14,14,12523000,72,174900,1836,11800,52304,1000
2012/6/19,670,"[4,6,26,27,29]",30,16,11130100,67,190900,1865,11800,54476,1000
2012/6/26,671,"[7,14,19,22,27]",28,49,3869200,130,104700,3207,7300,66499,900
2012/7/3,672,"[3,8,20,22,28]",5,23,7997000,71,186100,2476,9200,60814,900
2012/7/10,673,"[6,12,21,24,25]",22,19,9632600,58,226600,2523,9000,61720,900
2012/7/17,674,"[1,2,3,24,25]",15,20,8678000,70,178100,1427,15100,44176,1200
2012/7/24,675,"[6,21,27,28,31]",20,15,11452700,49,251800,1783,11900,52691,1000
2012/7/31,676,"[4,6,18,22,28]",1,17,10062100,54,227500,2341,9000,58572,900
2012/8/7,677,"[10,16,23,24,30]",18,10,16776800,59,204200,2316,9000,56747,900
2012/8/14,678,"[15,17,21,24,25]",20,7,22803200,35,327600,1332,14900,44022,1100
2012/8/21,679,"[5,11,23,29,31]",28,14,12601000,73,173600,2764,7900,63049,900
2012/8/28,680,"[2,3,11,15,24]",23,7,25439000,106,120600,2286,9600,60215,900
2012/9/4,681,"[6,12,17,19,30]",9,10,17833400,102,125600,2406,9200,62406,900
2012/9/11,682,"[4,8,20,25,27]",30,16,11211800,54,238600,2270,9800,58221,1000
2012/9/18,683,"[1,7,15,23,26]",11,27,128700,96,128700,2137,10000,53811,1000
2012/9/25,684,"[10,12,13,19,25]",7,17,10408200,99,128400,1942,11300,55951,1000
2012/10/2,685,"[8,11,19,21,30]",1,22,7978700,72,175100,2481,8800,61533,900
2012/10/9,686,"[3,5,7,10,18]",6,17,9976000,74,164600,2524,8300,61129,900
2012/10/16,687,"[2,9,17,24,29]",22,46,3829400,142,89100,3476,6300,66128,800
2012/10/23,688,"[4,5,9,15,26]",11,14,12261900,92,134000,1900,11200,53533,1000
2012/10/30,689,"[12,13,19,23,25]",28,19,9367900,86,148600,2355,9400,60856,900
2012/11/6,690,"[11,16,22,23,25]",9,5,34779000,109,114600,2066,10400,60194,900
2012/11/13,691,"[3,9,10,20,25]",31,11,15772600,55,226600,1935,11100,55931,1000
2012/11/20,692,"[9,13,14,23,31]",20,10,17468100,51,246000,1747,12400,51069,1100
2012/11/27,693,"[5,17,21,24,25]",3,14,12487900,77,163100,2471,8800,58782,900
2012/12/4,694,"[5,12,15,16,20]",6,12,14544900,70,179100,1723,12600,52635,1000
2012/12/11,695,"[4,19,20,27,28]",14,12,14582400,94,133700,1996,10900,54099,1000
2012/12/18,696,"[5,9,15,19,30]",6,15,12030000,78,166200,2111,10600,59022,900
2012/12/25,697,"[5,7,17,25,27]",18,29,6379000,115,115500,2756,8300,65702,900
2013/1/8,698,"[2,3,5,14,24]",9,11,17764200,62,226400,2026,12000,59777,1000
2013/1/15,699,"[6,12,21,24,28]",15,35,5064900,153,83200,3087,7100,63726,900
2013/1/22,700,"[6,8,9,21,26]",4,11,16529300,77,169600,1635,13800,51628,1100
2013/1/29,701,"[4,8,13,15,26]",3,17,11055700,94,143600,3212,7200,64382,900
2013/2/5,702,"[10,12,13,20,23]",4,14,13454600,96,140900,2149,10900,56105,1000
2013/2/12,703,"[3,10,16,28,31]",15,21,8547300,121,106500,2103,10600,55003,1000
2013/2/19,704,"[2,11,21,24,25]",23,24,7514700,77,168200,2876,7800,64898,900
2013/2/26,705,"[8,16,18,21,22]",27,28,6578000,81,163300,1940,11800,53122,1100
2013/3/5,706,"[4,6,15,16,29]",27,7,26020600,150,87200,2129,10600,59936,900
2013/3/12,707,"[2,11,23,27,29]",3,17,10440900,103,123800,2152,10200,59126,900
2013/3/19,708,"[10,11,20,28,29]",1,13,13184700,76,162000,2008,10600,53165,1000
2013/3/26,709,"[2,5,16,17,18]",30,15,11567000,84,148300,1719,12500,50069,1100
2013/4/2,710,"[2,15,18,25,26]",20,10,16255400,49,238300,1806,11200,50350,1000
2013/4/9,711,"[3,5,10,17,25]",22,17,9463000,107,108000,2587,7700,62487,800
2013/4/16,712,"[3,7,18,27,31]",1,22,7535600,60,198500,2199,9300,56618,900
2013/4/23,713,"[4,13,22,28,31]",16,38,4279200,152,76800,2553,7900,50842,1000
2013/4/30,714,"[6,10,20,22,31]",1,3,40000000,45,1172400,1500,13300,45607,1100
2013/5/7,715,"[2,3,5,9,22]",18,16,9981300,70,163900,1928,10300,55420,900
2013/5/14,716,"[13,18,19,20,24]",17,5,31787500,45,253700,1494,13200,43625,1100
2013/5/21,717,"[3,5,14,23,26]",1,18,8867600,88,130300,2306,8600,57657,900
2013/5/28,718,"[2,11,16,19,24]",23,31,5124200,98,116400,2523,7800,54451,900
2013/6/4,719,"[2,9,18,22,27]",16,20,7963700,91,125700,2453,8000,54106,900
2013/6/11,720,"[5,11,17,19,20]",15,11,14286700,49,230400,1949,10000,53977,900
2013/6/18,721,"[3,5,12,15,22]",2,21,7664800,89,129900,2667,7500,62985,800
2013/6/25,722,"[4,6,17,21,30]",9,15,10738700,87,133000,1927,10400,51968,1000
2013/7/2,723,"[4,7,9,25,31]",18,25,6562000,108,109100,1911,10600,53391,1000
2013/7/9,724,"[7,14,17,22,29]",1,28,5628900,86,131600,2681,7300,53048,900
2013/7/16,725,"[6,11,26,28,30]",19,10,15296800,61,180100,1760,10800,50342,900
2013/7/23,726,"[1,2,16,18,25]",7,14,10808400,71,153100,1534,12200,44542,1100
2013/7/30,727,"[4,7,14,16,24]",27,16,9394100,120,89900,2056,9100,51710,900
2013/8/6,728,"[1,9,11,13,28]",16,8,18646900,48,223200,1572,11800,43783,1100
2013/8/13,729,"[13,16,17,20,29]",11,5,27809300,44,227000,1260,13700,36899,1200
2013/8/20,730,"[3,5,7,14,22]",4,17,8892800,57,190500,3085,6100,64464,700
2013/8/27,731,"[7,9,18,28,30]",11,18,8640700,99,112800,1725,11200,48660,1000
2013/9/3,732,"[4,6,16,29,31]",9,20,7665700,91,121000,2239,8500,51498,900
2013/9/10,733,"[5,9,11,18,20]",31,17,9075900,84,131900,2271,8400,56982,800
2013/9/17,734,"[6,8,10,12,13]",31,11,13574800,70,153200,1946,9500,53947,900
2013/9/24,735,"[3,14,16,23,30]",7,16,9284800,123,86700,1815,10100,50968,900
2013/10/1,736,"[2,14,17,20,27]",9,4,38074300,86,127200,1537,12300,45066,1100
2013/10/8,737,"[5,12,18,19,23]",16,32,4707900,81,133600,2473,7500,55083,800
2013/10/15,738,"[7,11,14,23,29]",19,24,6100500,84,125200,2511,7200,57064,800
2013/10/22,739,"[1,4,19,24,31]",18,9,16772600,63,172100,1457,12800,41464,1100
2013/10/29,740,"[2,4,19,25,28]",11,13,11631300,91,119300,1709,11000,48469,1000
2013/11/5,741,"[6,11,12,15,25]",10,18,8412100,87,125000,2027,9300,55001,800
2013/11/12,742,"[3,5,16,26,31]",1,13,11416800,61,174700,2038,9000,52050,900
2013/11/19,743,"[4,15,18,20,30]",5,10,14807500,44,241700,1478,12400,46602,1000
2013/11/26,744,"[2,4,5,14,24]",19,16,9360200,106,101500,1979,9400,53906,900
2013/12/3,745,"[3,10,13,14,22]",15,8,18869400,49,221300,1756,10700,49490,900
2013/12/10,746,"[2,10,15,18,20]",13,11,13753300,72,150900,1610,11600,44679,1100
2013/12/17,747,"[1,12,23,29,30]",9,18,8812600,104,109500,1738,11300,47495,1000
2013/12/24,748,"[2,6,7,11,15]",4,14,11095000,80,139400,1918,10000,55707,900
2014/1/7,749,"[1,11,14,16,30]",25,11,15579700,56,219800,1681,12600,50969,1000
2014/1/14,750,"[2,5,9,13,19]",24,12,12865200,124,89400,2121,9000,56418,800
2014/1/21,751,"[7,15,18,19,30]",8,12,13002500,70,160100,1796,10800,49556,1000
2014/1/28,752,"[11,23,26,27,31]",24,6,26586900,53,216200,1475,13400,45461,1100
2014/2/4,753,"[2,10,20,23,24]",26,13,12044100,40,281200,1797,10800,49720,1000
2014/2/11,754,"[11,12,24,25,30]",31,27,5310600,79,130300,2444,7300,56561,800
2014/2/18,755,"[20,21,22,25,27]",14,10,14884600,42,254600,1193,15500,35470,1300
2014/2/25,756,"[5,8,9,27,30]",11,16,9569900,83,132500,1651,11500,47052,1000
2014/3/4,757,"[12,15,21,25,27]",22,5,30971700,47,236700,1501,12800,45828,1100
2014/3/11,758,"[8,14,19,22,24]",26,15,10203600,66,166600,1789,10600,49168,1000
2014/3/18,759,"[8,18,23,24,30]",4,11,13499100,72,148100,1966,9400,52056,900
2014/3/25,760,"[1,7,14,25,30]",8,12,12695900,63,173700,1825,10300,47112,1000
2014/4/1,761,"[7,14,16,21,31]",17,5,29959800,52,206900,1576,11800,42112,1100
2014/4/8,762,"[2,3,8,10,29]",31,8,18725100,50,215200,1798,10300,50543,900
2014/4/15,763,"[3,5,12,14,18]",8,13,11960600,78,143200,2138,9000,58521,800
2014/4/22,764,"[1,2,7,10,11]",16,29,5291900,57,193400,2247,8500,54305,900
2014/4/29,765,"[16,19,20,22,31]",26,2,40000000,40,1884700,1265,14200,35852,1300
2014/5/6,766,"[5,8,12,16,28]",13,38,3746800,91,112400,2589,6800,55108,800
2014/5/13,767,"[6,8,10,25,31]",27,13,11404800,43,247700,1641,11200,44892,1000
2014/5/20,768,"[2,3,23,24,27]",10,8,18487300,77,137900,1763,10400,48954,900
2014/5/27,769,"[3,11,15,22,24]",29,17,8647700,86,122800,2257,8100,55666,800
2014/6/3,770,"[12,18,19,22,30]",20,11,13282800,41,256000,1460,12400,43606,1000
2014/6/10,771,"[7,11,22,26,30]",27,16,9120400,69,151900,2086,8700,51054,900
2014/6/17,772,"[11,14,15,21,27]",24,11,13502100,36,296300,1745,10500,48590,900
2014/6/24,773,"[1,2,6,11,26]",17,19,7837700,70,152800,1775,10400,47810,1000
2014/7/1,774,"[5,6,9,20,30]",31,20,7472500,61,176000,1606,11500,43287,1100
2014/7/8,775,"[5,6,14,24,31]",15,6,24154100,70,148700,1645,10900,44627,1000
2014/7/15,776,"[6,14,15,18,31]",25,8,18099200,78,133300,1669,10800,44140,1000
2014/7/22,777,"[4,10,20,22,24]",21,6,23668600,40,255000,1502,11700,42882,1000
2014/7/29,778,"[10,13,14,26,30]",18,16,8908500,66,155100,1667,10600,43226,1000
2014/8/5,779,"[1,8,9,10,13]",18,12,11722600,52,194300,1413,12300,39756,1100
2014/8/12,780,"[13,15,16,18,20]",7,14,9858100,33,300400,1234,13900,34120,1300
2014/8/19,781,"[2,7,10,21,24]",4,6,24036000,66,156900,1719,10400,48235,900
2014/8/26,782,"[4,7,9,14,21]",26,17,8676200,76,139400,1905,9600,51510,900
2014/9/2,783,"[4,5,10,15,20]",8,21,7191000,103,105300,2751,6800,52684,900
2014/9/9,784,"[14,19,21,25,29]",8,12,12443400,67,160100,1276,14500,38622,1200
2014/9/16,785,"[7,21,22,26,28]",5,7,20668900,40,259800,1349,13300,40367,1100
2014/9/23,786,"[5,6,21,28,29]",7,7,19913000,52,192500,1548,11200,41777,1000
2014/9/30,787,"[11,15,22,26,31]",7,15,9852300,97,109400,1984,9200,47905,1000
2014/10/7,788,"[1,21,28,29,30]",15,6,23928600,41,251500,1176,15200,36782,1200
2014/10/14,789,"[4,5,11,16,31]",19,14,9935500,59,169300,1729,10000,48034,900
2014/10/21,790,"[11,13,15,19,21]",7,15,9668900,68,153200,1550,11600,43942,1000
2014/10/28,791,"[6,16,18,30,31]",10,11,13336500,62,169900,1570,11600,42455,1100
2014/11/4,792,"[12,13,15,18,22]",28,10,14266200,61,168000,1302,13600,40600,1100
2014/11/11,793,"[6,10,18,20,31]",24,12,11972500,57,181000,1748,10200,43820,1000
2014/11/18,794,"[3,4,8,10,31]",7,12,11801400,78,130400,1750,10000,45020,1000
2014/11/25,795,"[2,6,11,14,18]",1,18,7669300,55,180300,2238,7600,55469,800
2014/12/2,796,"[3,10,19,21,30]",7,13,11067300,99,104400,1979,9000,47352,900
2014/12/9,797,"[8,9,29,30,31]",18,26,5509700,116,88700,1801,9900,43059,1000
2014/12/16,798,"[3,8,10,23,27]",12,21,6884200,105,98900,1949,9200,52064,900
2014/12/23,799,"[1,2,17,19,26]",24,7,20309600,47,217300,1189,14800,36729,1200
2014/12/30,800,"[1,19,20,22,25]",2,9,16522900,50,213600,1273,14500,37688,1200
2015/1/6,801,"[5,7,20,22,25]",17,12,10783000,76,122300,1469,10900,40814,1000
2015/1/13,802,"[5,9,21,29,31]",6,17,8526900,50,208200,1438,12500,42233,1100
2015/1/20,803,"[2,4,18,19,27]",23,11,13347200,82,128600,1729,10500,47249,1000
2015/1/27,804,"[7,8,9,12,29]",26,11,13564600,59,181600,1848,10000,48354,1000
2015/2/3,805,"[8,9,11,17,30]",3,13,11425300,104,102600,1781,10300,52077,900
2015/2/10,806,"[3,11,21,23,28]",24,11,13518100,64,166900,1815,10200,50659,900
2015/2/17,807,"[5,7,13,17,19]",3,12,12645500,68,160300,1869,10100,50337,900
2015/2/24,808,"[8,9,26,27,30]",3,4,38078800,68,160900,1671,11300,46393,1000
2015/3/3,809,"[2,8,11,13,25]",1,17,9000500,73,150500,2479,7600,57744,800
2015/3/10,810,"[6,12,15,16,31]",17,17,8774600,43,249200,1936,9500,49546,900
2015/3/17,811,"[8,9,10,13,21]",18,11,13448300,61,174200,1737,10600,48379,900
2015/3/24,812,"[2,16,17,22,25]",13,12,12052400,79,131500,1626,11000,45193,1000
2015/3/31,813,"[3,6,9,14,15]",17,25,5977800,64,167700,2194,8400,53832,900
2015/4/7,814,"[2,3,12,25,31]",28,17,8501700,56,185400,1725,10400,47820,900
2015/4/14,815,"[20,21,26,27,28]",3,6,23852200,44,233600,1134,15700,32538,1400
2015/4/21,816,"[1,5,7,14,18]",12,28,5434600,78,140100,2005,9400,51281,900
2015/4/28,817,"[1,10,23,27,29]",18,8,18724400,41,262400,1232,15100,38834,1200
2015/5/5,818,"[5,9,14,16,18]",3,10,13373500,65,147800,1667,9900,42854,1000
2015/5/12,819,"[2,9,14,15,24]",13,9,15897000,59,174200,1667,10600,45930,1000
2015/5/19,820,"[8,12,20,21,31]",19,13,11053700,78,132300,1694,10500,44616,1000
2015/5/26,821,"[6,8,18,21,23]",30,6,23806500,74,138600,1701,10400,46026,1000
2015/6/2,822,"[7,8,10,17,28]",4,12,11927000,79,130100,1761,10100,48756,900
2015/6/9,823,"[6,10,14,18,23]",9,15,9341400,91,110600,1983,8700,49037,900
2015/6/16,824,"[4,16,22,28,29]",10,37,3968900,293,36000,2260,8000,50051,900
2015/6/23,825,"[3,8,12,21,26]",19,27,5394200,117,89400,2423,7400,54706,800
2015/6/30,826,"[1,8,21,23,27]",22,10,14783000,65,163300,1512,12100,45240,1000
2015/7/7,827,"[3,4,6,23,31]",10,6,24525200,52,203200,1352,13500,44687,1000
2015/7/14,828,"[2,8,11,15,26]",3,31,4599800,106,96600,2373,7400,52949,800
2015/7/21,829,"[8,12,19,23,31]",6,17,8141300,119,83500,2086,8200,50215,800
2015/7/28,830,"[5,6,20,23,29]",15,11,12729500,62,162200,1457,11900,43875,1000
2015/8/4,831,"[7,9,17,19,21]",3,10,13815300,66,150300,1487,11500,42277,1000
2015/8/11,832,"[9,10,15,19,31]",24,13,10466400,49,199400,1410,12000,39929,1100
2015/8/18,833,"[6,9,15,24,28]",12,26,5422800,117,86500,2029,8600,46491,900
2015/8/25,834,"[5,13,21,25,26]",2,10,14121600,88,115200,1801,9700,46865,900
2015/9/1,835,"[1,9,11,23,29]",17,21,6986500,130,81000,2123,8600,51103,900
2015/9/8,836,"[5,15,20,28,29]",10,10,14135300,70,145000,1525,11500,41612,1100
2015/9/15,837,"[4,5,9,24,25]",31,15,9613900,64,161800,1860,9600,48999,900
2015/9/22,838,"[4,6,11,12,15]",22,17,7871500,69,139300,1782,9300,48613,800
2015/9/29,839,"[2,6,14,27,30]",12,19,7674700,77,136000,2382,7600,50971,900
2015/10/6,840,"[1,5,11,15,31]",8,30,4744400,84,121700,2098,8400,50827,900
2015/10/13,841,"[5,6,7,13,18]",8,11,12419100,45,218000,1670,10100,46907,900
2015/10/20,842,"[9,18,20,24,25]",4,7,20543000,68,151900,1462,12200,42376,1100
2015/10/27,843,"[2,14,23,28,30]",26,11,13206500,76,137300,1794,10000,45914,1000
2015/11/3,844,"[3,11,14,22,26]",1,28,4897200,72,136800,2442,6900,53552,800
2015/11/10,845,"[3,10,22,24,30]",28,12,11740300,51,198400,1707,10200,46473,900
2015/11/17,846,"[1,17,27,30,31]",8,9,15513400,50,200600,1300,13300,35531,1200
2015/11/24,847,"[7,18,19,21,31]",15,12,11345100,59,165700,1605,10500,40173,1100
2015/12/1,848,"[2,3,22,29,31]",1,7,20067200,53,190400,1326,13100,42176,1000
2015/12/8,849,"[4,14,17,19,20]",26,10,14063000,48,210400,1215,14400,37527,1200
2015/12/15,850,"[1,2,13,15,18]",28,2,40000000,49,1595600,1338,13700,39895,1200
2015/12/22,851,"[10,19,20,24,31]",23,6,24575100,60,176500,1399,13100,41317,1100
2015/12/29,852,"[2,9,15,18,22]",12,15,10399800,50,224100,2493,7700,55565,900
2016/1/5,853,"[6,11,17,18,30]",28,16,8329800,64,149600,1981,8300,47051,900
2016/1/12,854,"[3,16,22,23,31]",10,23,6520800,116,92800,2077,8900,53025,900
2016/1/19,855,"[2,7,17,22,24]",25,11,13440200,75,141600,1835,10000,48760,900
2016/1/26,856,"[1,10,15,24,29]",9,14,10760500,80,135200,1664,11200,43832,1100
2016/2/2,857,"[2,4,21,24,28]",29,7,21937200,42,262600,1562,12200,46038,1000
2016/2/9,858,"[6,14,15,25,26]",22,16,9650200,50,221800,2001,9600,49135,1000
2016/2/16,859,"[13,17,19,28,31]",25,10,15935200,72,159000,1521,13000,45517,1100
2016/2/23,860,"[8,9,21,30,31]",7,23,6880300,101,112500,2223,8800,50587,1000
2016/3/1,861,"[4,8,12,17,27]",3,18,8790000,75,151500,2320,8400,58184,800
2016/3/8,862,"[3,7,9,13,23]",6,13,11963100,98,114000,2226,8600,56624,800
2016/3/15,863,"[1,2,11,27,28]",21,15,10148300,50,218700,1827,10300,49322,1000
2016/3/22,864,"[14,18,26,28,30]",8,5,29656700,64,166400,1419,13000,40758,1100
2016/3/29,865,"[3,8,16,17,31]",9,9,16893400,71,153800,2355,8000,55998,800
2016/4/5,866,"[4,16,18,26,28]",9,17,9056900,89,124200,1677,11400,48337,1000
2016/4/12,867,"[13,23,24,28,30]",31,8,18976300,52,209700,1283,14700,40991,1200
2016/4/19,868,"[1,9,14,25,30]",31,17,9124800,61,182600,1750,11000,44154,1100
2016/4/26,869,"[2,14,16,19,30]",5,9,17352400,72,155800,1612,12000,45025,1100
2016/5/3,870,"[3,12,22,23,31]",24,19,7642500,70,149000,2353,7600,52665,800
2016/5/10,871,"[4,17,24,27,31]",19,21,7114400,78,137600,2331,7900,54399,800
2016/5/17,872,"[15,16,24,28,30]",26,12,12375800,46,231900,1972,9300,53300,900
2016/5/24,873,"[4,6,10,23,29]",3,16,9228500,68,155900,1940,9400,49099,900
2016/5/31,874,"[6,7,8,22,24]",18,13,11486100,73,146900,1663,11100,47624,1000
2016/6/7,875,"[2,3,8,11,28]",10,31,4770400,109,97400,2753,6600,61654,700
2016/6/14,876,"[18,19,20,21,27]",15,7,20846400,45,232900,1311,13800,40193,1100
2016/6/21,877,"[5,14,20,22,23]",16,11,13741200,55,197400,1730,10800,46561,1000
2016/6/28,878,"[2,3,8,28,29]",26,13,11668900,64,170200,2192,8600,53338,900
2016/7/5,879,"[2,13,24,27,31]",12,12,12665000,77,141700,1832,10300,48590,1000
2016/7/12,880,"[5,7,11,12,21]",18,24,6226600,78,137600,2409,7700,55457,800
2016/7/19,881,"[10,11,17,29,30]",15,17,8412500,81,126800,1911,9300,49490,900
2016/7/26,882,"[2,7,8,18,30]",21,10,14563100,75,139400,1917,9400,51487,900
2016/8/2,883,"[1,17,18,21,25]",23,6,24209500,39,267500,1330,13500,37388,1200
2016/8/9,884,"[7,10,22,27,31]",2,9,15562600,83,121200,1595,10900,45975,900
2016/8/16,885,"[9,17,21,24,27]",11,9,15847200,60,170700,1585,11200,45000,1000
2016/8/23,886,"[1,11,20,23,29]",13,9,16226200,44,238400,1605,11300,42954,1100
2016/8/30,887,"[3,4,19,28,29]",23,14,10717100,55,195900,1751,10600,48150,1000
2016/9/6,888,"[6,17,24,29,31]",3,11,13520000,94,113600,1876,9800,48509,900
2016/9/13,889,"[5,6,12,17,22]",23,13,11311900,79,133700,1875,9700,48574,900
2016/9/20,890,"[1,7,12,24,31]",6,28,4956200,70,142400,1949,8800,45441,900
2016/9/27,891,"[10,17,29,30,31]",25,7,21013900,35,301900,1932,9400,48025,900
2016/10/4,892,"[2,3,12,19,21]",5,6,24463100,74,142400,1740,10500,47317,1000
2016/10/11,893,"[11,14,20,22,25]",5,13,10949400,87,117500,1662,10600,44838,1000
2016/10/18,894,"[11,16,21,23,30]",25,8,18528200,39,273000,1730,10600,47405,1000
2016/10/25,895,"[7,8,9,11,14]",22,21,7073000,64,166700,1772,10400,48913,900
2016/11/1,896,"[11,13,16,17,26]",30,8,18628800,58,184500,1332,13900,41767,1100
2016/11/8,897,"[16,17,18,23,31]",29,5,29102600,57,183400,1345,13400,42416,1100
2016/11/15,898,"[5,7,20,24,25]",17,8,18456900,91,116500,1803,10100,46866,1000
2016/11/22,899,"[1,7,19,20,31]",29,24,6155900,62,171100,1703,10800,42822,1100
2016/11/29,900,"[1,15,18,22,25]",29,6,24704000,40,266200,1411,13000,40249,1100
2016/12/6,901,"[2,10,13,23,24]",27,11,13647000,68,158500,1895,9800,48512,1000
2016/12/13,902,"[6,8,16,22,28]",27,11,13675900,72,150100,2225,8400,51266,900
2016/12/20,903,"[2,5,21,24,29]",4,6,26177300,52,216900,1678,11600,50119,1000
2016/12/27,904,"[3,5,8,17,21]",14,18,8964300,72,161000,2235,8900,56275,900
2017/1/10,905,"[4,17,18,22,27]",10,19,9044100,80,154300,2247,9500,59030,900
2017/1/17,906,"[2,4,6,7,23]",26,8,19387700,66,168800,1795,10700,53600,900
2017/1/24,907,"[3,4,10,22,31]",6,12,12695700,66,165800,2066,9100,52223,900
2017/1/31,908,"[18,19,21,23,31]",17,17,9298100,92,123400,1684,11600,46524,1100
2017/2/7,909,"[3,12,14,20,27]",22,10,15532800,61,182900,1750,11000,47976,1000
2017/2/14,910,"[10,14,20,26,30]",3,9,16973400,80,137100,1487,12700,42451,1100
2017/2/21,911,"[2,3,4,13,16]",17,7,22609500,47,241900,1495,13100,48938,1000
2017/2/28,912,"[9,12,19,21,22]",18,15,10724100,74,156100,1680,11900,48357,1000
2017/3/7,913,"[2,9,17,21,23]",28,24,6538300,72,156500,2186,8900,52636,900
2017/3/14,914,"[2,7,15,19,24]",22,22,6916900,69,158400,2054,9200,50030,900
2017/3/21,915,"[14,22,24,26,27]",7,11,13224800,65,160700,1321,13700,41427,1100
2017/3/28,916,"[17,18,23,28,30]",5,15,9996500,106,101600,1681,11100,49396,900
2017/4/4,917,"[1,9,10,24,27]",13,21,7059300,65,163800,1572,11700,42884,1100
2017/4/11,918,"[16,20,22,27,29]",30,5,28662500,36,285900,1245,14300,38025,1200
2017/4/18,919,"[4,7,9,15,23]",11,12,12582800,127,85400,2290,8200,55044,800
2017/4/25,920,"[5,15,22,24,25]",30,12,12658300,75,145500,1801,10500,49221,1000
2017/5/2,921,"[6,8,10,14,30]",13,13,11675400,60,181700,1985,9500,52761,900
2017/5/9,922,"[2,13,14,21,22]",7,8,18147700,82,127100,1516,11900,45865,1000
2017/5/16,923,"[8,20,21,22,27]",19,9,16244800,59,178000,1491,12200,42871,1100
2017/5/23,924,"[2,7,8,14,23]",15,20,7222800,114,91000,2612,6800,58438,800
2017/5/30,925,"[9,14,19,27,30]",16,8,18097900,53,196200,1814,9900,45848,1000
2017/6/6,926,"[3,9,18,27,29]",26,26,5506100,64,160700,2346,7500,50732,900
2017/6/13,927,"[1,6,7,17,18]",16,11,13049200,69,149400,1495,11900,43960,1000
2017/6/20,928,"[4,9,11,19,23]",22,16,9215200,105,100800,2312,7900,54487,800
2017/6/27,929,"[2,4,5,11,20]",22,9,16453400,68,156400,1816,10100,51442,900
2017/7/4,930,"[9,14,24,25,27]",16,12,12136700,57,183500,1714,10500,49396,900
2017/7/11,931,"[2,3,18,24,25]",9,11,13286200,110,95400,1841,9800,50368,900
2017/7/18,932,"[1,3,14,17,19]",23,8,17562600,71,142100,1286,13600,41211,1100
2017/7/25,933,"[3,4,22,26,29]",5,6,23706000,65,157200,1460,12100,44474,1000
2017/8/1,934,"[3,7,8,11,13]",4,15,9475800,85,120100,2232,7900,53777,800
2017/8/8,935,"[3,11,13,20,31]",16,8,17283400,48,206900,1376,12500,41186,1000
2017/8/15,936,"[7,21,23,25,31]",10,11,12396900,55,178100,1299,13000,39669,1100
2017/8/22,937,"[5,12,13,15,24]",25,15,9476000,63,162000,1599,11000,47584,900
2017/8/29,938,"[4,9,16,21,22]",1,25,5812500,61,171100,2110,8500,49604,900
2017/9/5,939,"[8,12,20,23,28]",16,18,8136300,117,89900,1917,9500,49125,900
2017/9/12,940,"[4,9,25,27,28]",12,10,14318100,96,107100,1535,11600,44948,1000
2017/9/19,941,"[3,11,12,15,28]",17,16,8846800,79,128700,2106,8300,54036,800
2017/9/26,942,"[2,7,10,22,29]",17,11,13176300,106,98200,2271,7900,54678,800
2017/10/3,943,"[4,11,18,28,30]",10,21,6901800,69,150900,2418,7400,49269,900
2017/10/10,944,"[5,11,13,16,27]",23,18,7771500,83,121000,1988,8700,49178,900
2017/10/17,945,"[14,17,21,25,31]",15,6,23896800,42,245200,1569,11300,43437,1000
2017/10/24,946,"[5,14,24,28,29]",20,9,15691700,43,235900,1481,11800,42947,1000
2017/10/31,947,"[3,7,19,24,27]",16,24,5990900,114,90600,2419,7400,54817,800
2017/11/7,948,"[3,6,12,13,22]",4,12,11865000,68,150400,1752,10100,48414,900
2017/11/14,949,"[1,2,5,6,21]",25,7,19808100,62,160600,1520,11300,41044,1100
2017/11/21,950,"[5,8,12,14,28]",1,15,9340200,77,130700,2196,7900,52567,800
2017/11/28,951,"[3,9,12,26,27]",25,23,6122600,104,97200,2441,7100,54742,800
2017/12/5,952,"[4,10,15,16,18]",8,11,12921100,35,291700,1745,10100,45823,1000
2017/12/12,953,"[4,5,9,22,29]",2,3,40000000,84,375600,1910,9200,50251,900
2017/12/19,954,"[11,16,21,23,25]",18,19,7857100,64,167500,1606,11500,45913,1000
2017/12/26,955,"[9,12,17,21,30]",28,12,13043900,75,149900,2019,9600,49537,1000
2018/1/9,956,"[6,15,18,22,29]",31,34,4740900,82,141200,2425,8200,55501,900
2018/1/16,957,"[2,15,26,29,31]",3,6,24966700,79,136200,1362,13600,40932,1100
2018/1/23,958,"[3,10,15,17,19]",20,11,13050100,41,251500,1528,11600,44348,1000
2018/1/30,959,"[2,3,9,14,19]",15,14,10635900,53,201800,1882,9800,52351,900
2018/2/6,960,"[2,3,5,16,20]",9,16,9235900,78,136100,1610,11400,46989,1000
2018/2/13,961,"[2,11,18,20,29]",3,12,11653600,72,139500,1650,10500,44224,1000
2018/2/20,962,"[3,10,15,18,25]",27,14,10564800,77,137900,2295,8000,53809,800
2018/2/27,963,"[4,7,17,21,28]",10,21,7128200,93,115600,2621,7100,55730,800
2018/3/6,964,"[16,19,27,28,30]",12,13,11301700,59,178900,1294,14100,39950,1100
2018/3/13,965,"[7,13,15,19,28]",23,10,14405000,88,117600,1881,9500,46002,1000
2018/3/20,966,"[1,11,25,26,27]",30,10,14329400,59,174400,1328,13400,39499,1100
2018/3/27,967,"[4,7,11,14,31]",2,10,14385100,87,118700,2158,8200,50947,900
2018/4/3,968,"[1,5,10,20,24]",3,11,13011700,73,140800,1634,10900,45238,1000
2018/4/10,969,"[1,4,18,24,27]",6,11,12973900,77,133100,1536,11500,43490,1000
2018/4/17,970,"[2,4,19,27,28]",7,20,7333600,126,83600,1978,9200,51738,900
2018/4/24,971,"[7,17,18,20,24]",13,5,28779600,58,178200,1570,11400,43806,1000
2018/5/1,972,"[13,19,21,22,27]",14,9,15894200,75,137000,1601,11100,43481,1000
2018/5/8,973,"[1,7,12,13,31]",30,13,10898300,77,132100,1520,11600,42570,1000
2018/5/15,974,"[10,18,21,24,27]",30,4,35806600,67,153500,1674,10600,44576,1000
2018/5/22,975,"[10,18,19,28,29]",16,8,18231200,33,317500,1460,12400,41078,1100
2018/5/29,976,"[2,4,15,16,19]",8,7,21427200,72,149600,1520,12200,45956,1000
2018/6/5,977,"[9,17,21,22,23]",5,7,21213400,100,106600,1750,10500,47696,1000
2018/6/12,978,"[1,8,20,26,28]",7,2,40000000,49,1582400,1386,13200,40499,1100
2018/6/19,979,"[1,10,23,25,28]",12,2,40000000,63,1341300,1307,14600,40811,1200
2018/6/26,980,"[8,24,27,30,31]",16,12,13016500,80,140200,1704,11400,50315,1000
2018/7/3,981,"[10,11,19,28,30]",22,17,8847200,108,100000,1971,9500,53359,900
2018/7/10,982,"[5,8,20,22,27]",24,15,9896900,49,217600,1932,9500,48965,900
2018/7/17,983,"[6,10,12,15,23]",25,19,7528900,97,105900,1935,9200,49190,900
2018/7/24,984,"[2,4,5,16,27]",14,13,10996700,72,142600,1912,9300,51345,900
2018/7/31,985,"[5,11,16,17,26]",3,9,16245300,78,134600,1625,11200,45783,1000
2018/8/7,986,"[1,21,22,25,27]",28,6,24112000,38,273500,1303,13800,39046,1200
2018/8/14,987,"[6,13,15,17,21]",22,6,22599700,52,187300,1453,11600,38768,1100
2018/8/21,988,"[1,9,11,14,21]",28,14,10715000,71,151700,1689,11000,46888,1000
2018/8/28,989,"[2,7,10,16,30]",24,19,7937200,123,88000,1832,10200,49450,900
2018/9/4,990,"[3,9,17,23,25]",13,40,3498700,102,98500,2663,6500,54874,800
2018/9/11,991,"[1,3,9,15,30]",6,10,14608000,76,138000,2060,8800,49184,900
2018/9/18,992,"[1,14,17,20,31]",24,13,11195000,44,237600,1213,14900,35793,1300
2018/9/25,993,"[1,4,24,29,30]",10,8,18112700,58,179400,1274,14100,40754,1100
2018/10/2,994,"[7,8,19,27,31]",26,12,12005300,62,166900,2064,8600,48955,900
2018/10/9,995,"[1,5,14,21,30]",12,11,12669100,44,227500,1623,10600,43543,1000
2018/10/16,996,"[9,19,20,22,26]",7,8,18389100,67,157700,1337,13600,39758,1200
2018/10/23,997,"[1,3,8,11,14]",16,15,9783200,64,164700,1896,9600,52889,900
2018/10/30,998,"[1,7,19,20,25]",27,13,11533000,71,151700,2002,9300,46263,1000
2018/11/6,999,"[6,17,18,20,29]",26,9,16569900,56,191300,1689,10900,44377,1000
2018/11/13,1000,"[3,8,14,18,26]",7,22,6796300,91,118000,2307,8000,50803,900
2018/11/20,1001,"[5,12,16,22,27]",18,18,8161700,71,148600,2371,7700,52500,900
2018/11/27,1002,"[2,9,11,20,27]",5,27,5512100,113,94600,2516,7300,56459,800
2018/12/4,1003,"[11,14,15,22,29]",10,20,7485100,71,151400,2007,9200,51339,900
2018/12/11,1004,"[1,18,22,27,30]",20,13,11354400,61,173800,1733,10600,47728,1000
2018/12/18,1005,"[5,13,18,26,31]",11,49,3133300,68,162200,2215,8600,48005,1000
2018/12/25,1006,"[10,15,19,23,26]",6,16,9896800,101,112600,1662,11800,47549,1000
2019/1/8,1007,"[2,10,11,25,31]",17,28,6009200,75,161100,2217,9400,56470,900
2019/1/15,1008,"[3,4,22,26,27]",11,5,29891900,94,114200,1762,10500,50773,900
2019/1/22,1009,"[2,8,17,23,27]",4,21,7248000,100,109300,2134,8800,52637,900
2019/1/29,1010,"[10,17,20,21,30]",15,9,17087200,48,230100,1597,11900,42664,1100
2019/2/5,1011,"[9,16,21,30,31]",27,8,19187700,51,216200,1591,12000,43437,1100
2019/2/12,1012,"[1,13,18,26,29]",8,16,9116400,101,103700,1975,9100,44054,1000
2019/2/19,1013,"[1,6,11,19,28]",8,16,9402400,123,87800,2465,7500,56378,800
2019/2/26,1014,"[4,17,19,20,25]",5,10,15455500,74,150000,1596,12000,44579,1100
2019/3/5,1015,"[3,5,6,20,25]",27,11,13932700,70,157200,1570,12100,50229,900
2019/3/12,1016,"[5,21,23,25,27]",22,5,30605000,48,229000,1562,12100,45992,1000
2019/3/19,1017,"[9,16,21,23,24]",8,15,10211800,59,186500,1626,11700,45488,1000
2019/3/26,1018,"[13,16,23,27,29]",15,4,37942900,42,259600,1434,13100,43156,1100
2019/4/2,1019,"[5,6,16,23,24]",3,21,7325500,88,125500,2007,9500,50914,900
2019/4/9,1020,"[3,12,17,24,30]",31,28,5419100,73,149300,2256,8300,54038,900
2019/4/16,1021,"[13,19,23,25,29]",8,12,13091900,85,132700,1539,12700,45483,1100
2019/4/23,1022,"[5,13,24,27,29]",22,20,7703800,74,149500,2463,7700,54032,900
2019/4/30,1023,"[2,12,22,23,26]",25,16,9189700,58,182100,1806,10100,45801,1000
2019/5/7,1024,"[4,11,12,23,28]",3,17,8619600,102,103200,2469,7300,56168,800
2019/5/14,1025,"[3,4,13,19,23]",18,6,24847800,60,178500,2112,8700,53847,900
2019/5/21,1026,"[3,14,15,22,26]",1,18,8252800,74,144200,2090,8800,50284,900
2019/5/28,1027,"[5,6,17,21,27]",19,18,8300500,88,121900,2398,7700,55944,800
2019/6/4,1028,"[2,3,8,16,27]",17,15,10052800,86,125900,2369,7900,58138,800
2019/6/11,1029,"[3,4,9,11,29]",5,18,8287400,97,110400,2562,7200,61647,700
2019/6/18,1030,"[21,24,26,27,28]",22,12,12925900,78,142800,1191,16200,36679,1300
2019/6/25,1031,"[5,8,17,21,23]",15,26,5961500,71,156800,2481,7700,57264,800
2019/7/2,1032,"[1,9,14,21,26]",29,9,17196200,78,142500,1724,11100,43939,1100
2019/7/9,1033,"[2,12,14,24,31]",22,17,8972200,69,158800,1512,12500,44630,1100
2019/7/16,1034,"[12,22,27,28,29]",10,8,18487900,48,221300,1375,13300,43244,1100
2019/7/23,1035,"[3,8,11,16,31]",26,16,9247600,97,109500,2178,8400,55219,800
2019/7/30,1036,"[7,14,16,23,28]",9,20,7329300,93,113200,2263,8000,49639,900
2019/8/6,1037,"[7,19,23,24,27]",17,12,12012100,74,139900,1843,9700,50667,900
2019/8/13,1038,"[2,5,21,23,30]",8,7,19465200,59,165900,1450,11600,43271,1000
2019/8/20,1039,"[4,19,22,24,30]",12,9,16371600,66,160300,1486,12300,45104,1000
2019/8/27,1040,"[7,10,13,25,27]",30,13,11660300,68,160100,1911,9800,50923,900
2019/9/3,1041,"[3,9,14,15,27]",31,30,5111700,134,82200,3371,5600,63279,700
2019/9/10,1042,"[11,12,19,23,28]",7,19,7833600,136,78600,2134,8600,54432,800
2019/9/17,1043,"[7,9,23,24,25]",30,7,20638100,55,188700,1798,10000,49749,900
2019/9/24,1044,"[12,19,27,28,30]",1,23,6293500,53,196200,1843,9700,47834,900
2019/10/1,1045,"[3,5,7,10,18]",16,22,6722500,78,136200,2276,8000,53933,800
2019/10/8,1046,"[16,23,24,28,29]",12,12,12091300,62,168100,1469,12200,46772,1000
2019/10/15,1047,"[8,12,19,25,26]",9,19,7527300,88,116700,2106,8400,50487,900
2019/10/22,1048,"[1,8,11,19,23]",12,18,7942800,92,111600,1934,9200,50243,900
2019/10/29,1049,"[2,16,21,26,31]",27,9,16406500,45,235700,1289,14200,38533,1200
2019/11/5,1050,"[2,15,19,23,28]",10,16,9282300,83,128500,2165,8500,51323,900
2019/11/12,1051,"[7,11,12,21,22]",5,19,7839100,126,84900,2079,8900,52300,900
2019/11/19,1052,"[4,8,9,14,26]",5,14,10341600,59,176200,1761,10200,48794,900
2019/11/26,1053,"[2,3,13,16,23]",14,19,7684700,56,187300,2108,8600,53194,800
2019/12/3,1054,"[2,19,25,26,31]",22,10,14934100,44,243800,1541,12000,42021,1100
2019/12/10,1055,"[1,5,18,19,21]",9,10,15085000,65,166700,1614,11600,44771,1000
2019/12/17,1056,"[3,12,14,21,25]",10,78,2001000,70,160100,2167,8900,52882,900
2019/12/24,1057,"[9,13,21,23,26]",1,13,12342200,71,162300,1735,11500,50611,1000
2020/1/7,1058,"[2,16,19,24,27]",20,49,3451000,95,127800,3234,6500,66435,800
2020/1/14,1059,"[2,11,13,16,18]",3,7,21912000,60,183600,1537,12400,46907,1000
2020/1/21,1060,"[19,23,24,28,31]",11,14,11259300,71,159400,1837,10600,51051,1000
2020/1/28,1061,"[5,10,19,23,28]",9,32,4963500,103,110700,2480,7900,59622,800
2020/2/4,1062,"[14,18,23,29,31]",17,14,11341700,39,292400,1531,12900,43562,1100
2020/2/11,1063,"[10,18,20,26,27]",25,7,21236900,63,169500,1345,13700,40425,1100
2020/2/18,1064,"[1,5,8,28,29]",7,12,13004000,62,180800,1623,11900,47892,1000
2020/2/25,1065,"[8,11,14,16,31]",10,13,11880600,45,246500,1543,12400,45050,1100
2020/3/3,1066,"[15,17,20,22,23]",21,12,12993200,43,260500,1464,13200,42864,1100
2020/3/10,1067,"[2,10,13,15,28]",26,10,15201300,87,125500,1820,10300,48403,1000
2020/3/17,1068,"[2,3,20,24,31]",9,13,11948300,70,159400,1539,12500,46404,1000
2020/3/24,1069,"[1,3,9,14,25]",20,14,11007000,71,155900,2159,8800,53875,900
2020/3/31,1070,"[7,9,11,27,31]",21,21,7345200,67,165300,1943,9800,51916,900
2020/4/7,1071,"[2,3,4,27,31]",7,24,6406100,69,160000,1608,11900,48881,1000
2020/4/14,1072,"[3,4,10,12,13]",31,12,11276800,55,176700,1670,10000,45168,900
2020/4/21,1073,"[2,13,21,24,30]",14,3,40000000,58,366900,1512,10800,40045,1000
2020/4/28,1074,"[15,18,20,22,27]",21,6,19353000,46,181300,1213,11900,33222,1100
2020/5/5,1075,"[4,11,13,16,31]",6,10,10611700,50,152400,1135,11600,33385,1000
2020/5/12,1076,"[5,7,11,22,26]",15,14,8805400,75,118000,1893,8100,44325,900
2020/5/19,1077,"[3,17,19,25,31]",4,12,11265800,54,179800,1648,10200,42816,1000
2020/5/26,1078,"[3,10,16,17,25]",24,17,8781000,85,126100,1738,10600,46839,1000
2020/6/2,1079,"[2,6,14,16,26]",4,19,8123100,103,107600,1970,9700,50539,900
2020/6/9,1080,"[4,5,13,19,21]",14,13,11939000,53,210300,1895,10100,49785,1000
2020/6/16,1081,"[2,3,4,24,25]",8,21,7677200,88,131600,2263,8800,58053,900
2020/6/23,1082,"[1,2,14,19,29]",5,15,11038300,63,188800,1562,13100,47209,1100
2020/6/30,1083,"[1,3,19,26,29]",5,11,14782500,72,162200,1699,11900,47316,1100
2020/7/7,1084,"[11,19,28,29,31]",2,10,16393900,89,132300,1783,11400,51241,1000
2020/7/14,1085,"[9,10,16,17,28]",13,13,12553700,69,169900,1872,10800,50999,1000
2020/7/21,1086,"[2,18,19,28,30]",16,14,11632600,61,191800,1960,10300,54230,900
2020/7/28,1087,"[1,3,4,9,16]",28,10,15969100,88,130300,2313,8500,56871,900
2020/8/4,1088,"[2,8,14,17,26]",4,27,5914500,101,113500,2688,7300,56893,900
2020/8/11,1089,"[3,13,18,19,22]",29,15,10228600,74,148900,1819,10500,53091,900
2020/8/18,1090,"[4,12,15,22,25]",10,15,10657600,63,182300,1890,10500,51803,1000
2020/8/25,1091,"[1,14,25,29,31]",30,10,16273700,41,285100,1436,14100,44259,1100
2020/9/1,1092,"[9,13,14,19,22]",25,18,9041500,65,179800,1942,10400,54119,900
2020/9/8,1093,"[2,12,17,23,30]",8,17,9421800,105,109500,2037,9700,53411,900
2020/9/15,1094,"[3,5,8,14,22]",21,19,8423100,74,155300,2780,7100,62172,800
2020/9/22,1095,"[4,10,16,21,24]",6,20,7502200,93,115900,2117,8800,51353,900
2020/9/29,1096,"[1,2,12,20,22]",8,12,13244400,68,167900,1761,11200,46435,1100
2020/10/6,1097,"[5,12,18,19,24]",16,21,7519100,102,111200,2308,8500,54897,900
2020/10/13,1098,"[3,13,17,28,31]",19,15,10384800,90,124300,2213,8700,55943,900
2020/10/20,1099,"[1,3,5,14,23]",15,17,9340100,72,158400,2302,8500,57081,900
2020/10/27,1100,"[13,18,19,25,27]",16,12,13185500,61,186300,1919,10200,51629,900
2020/11/3,1101,"[1,8,10,12,29]",13,11,14094600,66,168700,2001,9600,50817,900
2020/11/10,1102,"[8,13,20,26,29]",6,17,9283800,70,161900,1607,12200,43863,1100
2020/11/17,1103,"[1,6,7,21,31]",18,10,15875700,50,228100,1569,12500,45522,1100
2020/11/24,1104,"[7,16,20,23,28]",6,8,19111300,50,219600,1851,10200,44849,1100
2020/12/1,1105,"[4,11,16,21,26]",9,25,6393900,99,115900,1821,10900,48628,1000
2020/12/8,1106,"[2,18,21,25,30]",19,16,9816500,57,197900,1762,11000,46965,1000
2020/12/15,1107,"[7,10,16,18,29]",5,15,10839600,66,176900,1712,11800,47820,1100
2020/12/22,1108,"[6,10,14,17,19]",27,11,14890700,63,186700,1760,11500,48744,1000
2020/12/29,1109,"[7,15,17,26,27]",8,16,10902000,75,167000,1979,10900,53903,1000
2021/1/5,1110,"[2,7,19,23,28]",3,31,4633300,186,55400,2831,6300,56113,800
2021/1/12,1111,"[2,3,4,13,31]",29,27,5747800,69,161500,2517,7600,56365,800
2021/1/19,1112,"[5,6,8,13,25]",29,12,13432000,106,109200,2131,9400,55946,900
2021/1/26,1113,"[19,20,21,26,27]",12,14,11518100,59,196300,1387,14400,42920,1200
2021/2/2,1114,"[7,18,21,25,26]",12,16,10215300,100,117400,2084,9700,51318,1000
2021/2/9,1115,"[2,4,6,11,29]",20,25,6514100,81,144400,2269,8900,59009,800
2021/2/16,1116,"[7,24,25,27,29]",10,7,24007300,45,268200,1596,13100,49992,1000
2021/2/23,1117,"[4,13,22,27,30]",19,14,11621600,118,99000,1999,10100,50044,1000
2021/3/2,1118,"[8,13,16,27,29]",11,18,9251300,66,181200,2288,9000,54657,900
2021/3/9,1119,"[9,10,12,17,18]",14,10,16530400,80,148400,1874,10900,51748,1000
2021/3/16,1120,"[2,10,11,17,31]",26,22,7456700,91,129500,2263,9000,56884,900
2021/3/23,1121,"[13,19,21,24,25]",16,13,12460500,72,161600,1902,10600,52556,1000
2021/3/30,1122,"[8,9,14,25,28]",11,13,12813700,88,135900,1976,10400,52681,1000
2021/4/6,1123,"[7,17,26,28,29]",24,12,14166000,57,214200,1841,11400,53622,1000
2021/4/13,1124,"[3,4,6,8,27]",12,9,17882100,79,146300,2107,9500,61671,800
2021/4/20,1125,"[2,6,10,14,21]",18,13,12916500,87,138600,2031,10200,53299,1000
2021/4/27,1126,"[6,8,20,30,31]",25,10,16783500,58,207800,1526,13600,45249,1200
2021/5/4,1127,"[8,22,24,27,28]",16,15,10405200,85,131900,1626,11900,48712,1000
2021/5/11,1128,"[4,7,13,24,30]",2,12,13423000,95,121800,2056,9700,53295,900
2021/5/18,1129,"[5,9,16,29,30]",12,27,5838500,110,102900,1876,10400,50409,1000
2021/5/25,1130,"[5,6,8,25,26]",11,14,11387900,108,106000,2182,9000,56162,900
2021/6/1,1131,"[6,8,11,24,29]",23,15,10713600,105,109900,2771,7200,63136,800
2021/6/8,1132,"[3,4,14,15,18]",5,12,13059000,57,197500,1560,12500,47966,1000
2021/6/15,1133,"[14,17,23,28,30]",7,17,10427900,89,143000,1953,11300,51871,1100
2021/6/22,1134,"[6,13,20,23,28]",21,14,12157100,78,156700,1885,11200,49379,1100
2021/6/29,1135,"[7,19,21,23,28]",24,19,8999100,89,138000,2606,8100,58054,900
2021/7/6,1136,"[11,15,20,22,23]",4,11,15440200,82,148800,1771,11900,48715,1100
2021/7/13,1137,"[7,8,21,25,31]",14,8,20626500,79,150000,1773,11500,52896,1000
2021/7/20,1138,"[14,20,23,28,29]",27,10,16293400,42,278700,2045,9900,51377,1000
2021/7/27,1139,"[12,16,17,24,31]",22,16,10096300,50,232100,1739,11500,48162,1000
2021/8/3,1140,"[7,11,17,19,28]",25,18,8932400,111,104000,2448,8100,59660,800
2021/8/10,1141,"[9,12,17,18,27]",22,13,11911000,69,161200,1966,9800,52495,900
2021/8/17,1142,"[11,23,25,29,30]",18,13,13383900,53,235800,1684,12800,53180,1000
2021/8/24,1143,"[3,4,16,19,27]",23,27,6536500,141,89900,2501,8700,60839,900
2021/8/31,1144,"[4,11,14,21,30]",27,12,14938600,86,149700,1990,11200,55520,1000
2021/9/7,1145,"[11,14,20,28,31]",12,15,11958100,85,151600,2009,11100,56774,1000
2021/9/14,1146,"[4,5,11,29,30]",24,20,8773900,72,175000,2571,8400,62879,900
2021/9/21,1147,"[6,8,23,27,29]",21,22,7872300,104,119600,2842,7500,65376,800
2021/9/28,1148,"[1,3,6,15,19]",10,13,13657900,89,143300,1767,12500,53134,1000
2021/10/5,1149,"[5,12,14,15,20]",7,10,17310200,64,194300,1557,13800,47146,1100
2021/10/12,1150,"[1,10,13,27,29]",14,17,9949000,70,173500,1684,12500,49882,1100
2021/10/19,1151,"[14,18,21,30,31]",9,7,24345000,71,172400,1540,13700,47665,1100
2021/10/26,1152,"[2,12,14,23,27]",21,20,8522900,91,134500,2405,8800,62070,800
2021/11/2,1153,"[17,25,27,29,30]",15,10,17157800,93,132500,1585,13400,51396,1000
2021/11/9,1154,"[9,10,12,21,24]",27,16,10500100,70,172400,2087,10000,52983,1000
2021/11/16,1155,"[1,9,13,16,19]",18,32,5298700,41,297100,1603,13100,45928,1200
2021/11/23,1156,"[1,3,14,27,30]",7,11,14665200,93,124600,2221,9000,56211,900
2021/11/30,1157,"[2,6,7,13,30]",17,14,11975200,69,174500,1825,11400,52625,1000
2021/12/7,1158,"[1,14,23,25,26]",29,10,16795300,49,246200,1485,14000,45129,1200
2021/12/14,1159,"[11,12,14,18,31]",6,4,40000000,66,292700,1710,12100,51704,1000
2021/12/21,1160,"[7,19,22,24,31]",21,13,13510700,54,233600,2011,10800,53107,1000
2021/12/28,1161,"[3,9,13,17,24]",29,23,7869700,146,89000,2613,8600,64292,900
2022/1/4,1162,"[2,21,23,24,29]",11,17,8449800,91,113400,1620,11000,46475,1000
2022/1/11,1163,"[2,9,11,22,29]",3,63,2948800,174,76700,3615,6300,72873,800
2022/1/18,1164,"[4,9,19,26,31]",25,14,12513100,76,165500,1917,11300,52925,1000
2022/1/25,1165,"[5,13,16,27,31]",24,12,14776300,128,99500,2289,9600,57827,900
2022/2/1,1166,"[6,11,14,17,25]",24,32,5627200,123,105100,3246,6900,69778,800
2022/2/8,1167,"[2,14,21,27,30]",23,36,4847200,142,88200,3288,6600,67181,800
2022/2/15,1168,"[5,13,14,24,31]",2,12,14563100,125,100400,2261,9600,58120,900
2022/2/22,1169,"[1,7,9,21,27]",13,20,8914500,93,137700,2195,10100,59767,900
2022/3/1,1170,"[2,16,18,20,28]",29,10,17659700,50,253700,1732,12600,49618,1100
2022/3/8,1171,"[1,3,6,16,23]",31,33,5304200,95,132300,2029,10700,54355,1000
2022/3/15,1172,"[11,24,26,28,29]",22,8,21837300,74,169600,1632,13300,53586,1000
2022/3/22,1173,"[3,4,13,16,27]",9,28,5926500,116,102700,2708,7600,60332,800
2022/3/29,1174,"[5,6,21,29,30]",27,13,14017800,90,145400,2133,10600,58241,1000
2022/4/5,1175,"[1,7,15,16,29]",2,13,13399000,63,198600,1969,11000,52590,1000
2022/4/12,1176,"[1,12,20,27,29]",17,10,17110400,52,236300,1581,13400,47513,1100
2022/4/19,1177,"[3,10,16,21,30]",7,19,9097400,87,142700,2238,9600,54326,1000
2022/4/26,1178,"[1,5,9,13,22]",31,7,24472900,85,144700,2079,10200,55768,1000
2022/5/3,1179,"[18,19,20,25,30]",27,7,23567700,50,237000,1319,15500,40788,1300
2022/5/10,1180,"[13,15,16,26,29]",27,27,6269300,91,133600,1823,11500,51706,1000
2022/5/17,1181,"[2,9,13,16,22]",15,22,7636200,47,256700,2276,9100,56381,900
2022/5/24,1182,"[7,10,20,22,28]",21,9,18384100,69,172200,1681,12200,47520,1100
2022/5/31,1183,"[3,7,9,14,15]",23,16,10548500,109,111200,2242,9300,59050,900
2022/6/7,1184,"[5,8,12,19,27]",15,57,2908100,99,120200,3363,6100,66839,800
2022/6/14,1185,"[1,14,16,17,22]",4,19,8687100,57,208000,1518,13500,46749,1100
2022/6/21,1186,"[9,13,15,24,28]",17,20,8371300,89,135100,2129,9700,56344,900
2022/6/28,1187,"[3,5,6,11,23]",16,19,8651200,89,132600,2794,7300,67811,700
2022/7/5,1188,"[2,25,26,29,31]",6,14,11778900,61,194200,1920,10600,49889,1000
2022/7/12,1189,"[6,7,16,17,22]",9,12,13370900,72,160000,1710,11600,51328,1000
2022/7/19,1190,"[3,20,23,24,28]",29,9,17421200,47,239600,1592,12200,46822,1000
2022/7/26,1191,"[11,16,20,25,26]",7,3,40000000,66,761000,1428,13800,41459,1200
2022/8/2,1192,"[4,10,11,22,31]",28,16,10144100,96,121400,2353,8500,55583,900
2022/8/9,1193,"[1,4,8,11,20]",15,15,10481600,66,171100,1989,9800,49219,1000
2022/8/16,1194,"[3,5,7,18,20]",30,16,9978300,68,168600,2059,9600,52405,900
2022/8/23,1195,"[3,10,11,13,14]",4,11,15079700,92,129500,1747,11800,53032,1000
2022/8/30,1196,"[1,5,17,19,23]",26,22,7559600,96,124400,1942,10600,52136,1000
2022/9/6,1197,"[7,9,17,26,27]",24,10,16695400,74,162000,2097,9900,53745,1000
2022/9/13,1198,"[10,11,17,30,31]",1,23,7243500,134,89300,2189,9400,53955,1000
2022/9/20,1199,"[6,13,19,23,28]",10,18,8748900,78,145000,2473,7900,53773,900
2022/9/27,1200,"[2,16,18,22,24]",4,19,8488300,95,121900,2199,9100,55211,900
2022/10/4,1201,"[1,2,16,23,30]",8,16,10221700,92,127700,2064,9800,48041,1100
2022/10/11,1202,"[4,5,15,27,30]",12,15,10497900,89,127100,1739,11200,49039,1000
2022/10/18,1203,"[4,7,8,12,19]",23,18,9031100,125,93400,2572,7800,60703,800
2022/10/25,1204,"[5,10,12,18,20]",4,19,8543900,51,228600,1868,10800,52354,1000
2022/11/1,1205,"[11,12,16,24,28]",20,19,8665000,76,155600,2453,8300,57828,900
2022/11/8,1206,"[7,9,12,14,30]",19,15,11155300,78,154100,1976,10500,55731,900
2022/11/15,1207,"[2,8,14,25,28]",7,22,7509200,115,103200,2495,8200,56104,900
2022/11/22,1208,"[5,10,15,16,27]",26,21,7784300,80,146800,2282,8900,57110,900
2022/11/29,1209,"[12,14,17,27,28]",29,14,11440500,63,182600,1886,10500,52071,1000
2022/12/6,1210,"[14,26,27,30,31]",10,14,11633300,80,146200,1641,12300,47365,1100
2022/12/13,1211,"[4,8,16,25,26]",12,25,6595700,141,84000,2301,8900,55884,900
2022/12/20,1212,"[14,19,23,30,31]",26,14,11965900,57,211100,1791,11600,48387,1100
2022/12/27,1213,"[17,21,23,25,26]",6,8,21753300,70,178600,1425,15200,45377,1200
2023/1/10,1214,"[5,9,10,19,26]",2,22,8762100,83,166800,2239,10700,60851,1000
2023/1/17,1215,"[1,2,3,5,20]",6,12,14095300,119,102100,2655,7900,52623,1000
2023/1/24,1216,"[10,12,18,25,28]",13,12,13678000,69,170800,1852,11000,51016,1000
2023/1/31,1217,"[8,10,14,20,25]",30,16,10427500,67,178800,1877,11000,50008,1000
2023/2/7,1218,"[1,3,4,7,11]",16,38,4498800,85,144400,3026,7000,68417,800
2023/2/14,1219,"[9,10,13,21,29]",11,12,13498600,68,171100,1950,10300,51344,1000
2023/2/21,1220,"[2,5,11,12,30]",16,26,6357400,111,106900,2906,7000,69529,700
2023/2/28,1221,"[4,11,13,21,26]",19,23,7226200,101,118200,2000,10300,52111,1000
2023/3/7,1222,"[4,18,23,26,28]",7,15,11177000,62,194200,1682,12400,48030,1100
2023/3/14,1223,"[1,11,21,26,31]",25,30,5362800,88,131300,2747,7200,46445,1100
2023/3/21,1224,"[1,5,8,11,22]",14,27,6332900,74,166000,2696,7800,64549,800
2023/3/28,1225,"[1,7,15,29,31]",19,17,9503500,55,211000,1861,10800,46592,1100
2023/4/4,1226,"[2,5,13,18,21]",4,16,10211900,84,139700,2205,9200,53785,900
2023/4/11,1227,"[1,5,11,20,26]",14,32,5034200,109,106100,4073,4900,64603,800
2023/4/18,1228,"[1,4,18,19,26]",22,12,13997700,70,172300,2184,9500,56686,900
2023/4/25,1229,"[1,5,7,12,27]",26,21,7891900,99,120200,2673,7700,63918,800
2023/5/2,1230,"[4,18,21,22,23]",28,10,16895400,86,141100,1707,12300,49953,1100
2023/5/9,1231,"[1,14,20,21,31]",5,16,10109100,87,133500,1726,11600,45837,1100
2023/5/16,1232,"[4,5,17,27,29]",6,18,9049100,88,132900,2083,9700,54270,900
2023/5/23,1233,"[3,8,17,19,23]",22,24,6570900,84,134800,2419,8100,57628,800
2023/5/30,1234,"[4,14,15,27,28]",22,27,5847800,80,141700,1978,9900,50903,1000
2023/6/6,1235,"[8,12,17,22,28]",5,12,13407000,133,86900,1970,10100,52327,1000
2023/6/13,1236,"[1,18,19,30,31]",29,12,13032400,53,211900,1668,11600,44679,1100
2023/6/20,1237,"[2,9,10,25,31]",18,14,11521300,94,123200,1838,10900,48832,1000
2023/6/27,1238,"[13,16,19,21,25]",29,10,16172800,66,176000,1692,11900,44941,1100
2023/7/4,1239,"[7,9,11,18,30]",1,25,6505800,109,107200,2336,8600,58781,900
2023/7/11,1240,"[13,15,20,27,30]",6,7,22829200,81,141700,1372,14500,42297,1200
2023/7/18,1241,"[1,2,3,7,27]",11,20,7709000,124,89300,2008,9500,54457,900
2023/7/25,1242,"[5,7,18,19,27]",29,15,10421700,78,143900,2603,7400,61077,800
2023/8/1,1243,"[2,4,13,15,20]",24,8,19592300,68,165500,1561,12500,44516,1100
2023/8/8,1244,"[2,6,9,11,19]",22,24,6581500,116,97800,2662,7300,60313,800
2023/8/15,1245,"[10,11,16,29,30]",19,15,9906500,58,184000,1865,9900,47981,1000
2023/8/22,1246,"[16,17,20,21,28]",18,3,40000000,42,1143400,1474,13200,42165,1200
2023/8/29,1247,"[9,15,23,26,30]",19,16,10082000,71,163200,1682,11900,47273,1100
2023/9/5,1248,"[2,4,5,14,25]",24,14,11624900,128,91300,1972,10200,56297,900
2023/9/12,1249,"[7,9,11,14,21]",27,22,7177800,102,111200,2200,8900,57308,800
2023/9/19,1250,"[2,12,13,19,23]",27,10,15493300,95,117100,1897,10100,53637,900
2023/9/26,1251,"[3,4,5,30,31]",17,26,6117200,66,173100,1696,11600,49820,1000
2023/10/3,1252,"[1,4,11,25,30]",10,23,6966500,104,110600,2946,6700,58681,800
2023/10/10,1253,"[1,11,17,19,25]",28,17,8898300,83,130900,1772,10600,50069,900
2023/10/17,1254,"[1,5,12,17,28]",14,25,6557400,70,168200,2587,7800,58893,900
2023/10/24,1255,"[2,3,4,17,23]",12,13,12054800,102,110300,2197,8800,56954,800
2023/10/31,1256,"[7,8,14,19,21]",23,20,7891400,102,111100,2180,9000,55216,900
2023/11/7,1257,"[8,13,19,22,24]",21,16,10097900,66,175800,1832,10900,50260,1000
2023/11/14,1258,"[3,6,12,19,30]",13,25,6260100,62,181300,2336,8300,54661,900
2023/11/21,1259,"[1,13,17,18,22]",25,8,19362900,65,171200,1570,12200,43922,1100
2023/11/28,1260,"[2,4,14,21,29]",12,6,26352100,85,133600,2094,9400,54322,900
2023/12/5,1261,"[19,21,25,29,31]",7,10,16214300,64,182000,1284,15700,41327,1200
2023/12/12,1262,"[11,16,18,19,29]",31,10,16134000,60,193100,1772,11300,50061,1000
2023/12/19,1263,"[1,2,15,25,28]",5,11,15404900,88,138300,1640,12800,47720,1100
2023/12/26,1264,"[2,7,10,22,27]",24,22,7801600,84,146700,2516,8400,58064,900
2024/1/9,1265,"[8,9,11,15,31]",17,12,14843900,72,177700,2185,10100,56888,1000
2024/1/16,1266,"[1,16,22,23,31]",18,9,18389400,57,208500,1654,12400,46580,1100
2024/1/23,1267,"[13,15,18,20,29]",17,6,27226400,55,213300,1483,13700,44516,1100
2024/1/30,1268,"[9,11,14,22,29]",31,31,5371900,102,117200,2799,7400,62690,800
2024/2/6,1269,"[5,10,16,20,21]",14,17,9537400,71,164000,1782,11300,48487,1000
2024/2/13,1270,"[2,7,16,19,26]",20,14,11400500,54,212300,2044,9700,52786,900
2024/2/20,1271,"[16,17,19,22,23]",24,13,12742600,63,188900,1670,12300,48376,1100
2024/2/27,1272,"[3,7,14,21,30]",13,32,5039800,85,136300,2530,7900,56312,900
2024/3/5,1273,"[7,18,20,22,23]",5,13,12579000,77,152500,1696,12000,48005,1100
2024/3/12,1274,"[1,7,8,10,14]",18,10,15989000,51,225200,1781,11100,50153,1000
2024/3/19,1275,"[6,11,12,13,14]",5,6,27749900,57,209800,1690,12200,50378,1000
2024/3/26,1276,"[4,9,13,16,31]",27,7,22342300,111,101200,1953,9900,49556,1000
2024/4/2,1277,"[2,13,18,22,28]",30,16,10201300,57,205700,2112,9600,52891,1000
2024/4/9,1278,"[3,10,19,21,31]",29,16,9891400,73,155700,2094,9400,52583,900
2024/4/16,1279,"[1,14,18,22,28]",26,17,9647500,87,135400,2098,9700,52996,1000
2024/4/23,1280,"[7,9,14,17,20]",13,11,14759600,65,179400,1751,11500,50278,1000
2024/4/30,1281,"[4,10,15,18,24]",5,15,10582100,79,144300,1917,10300,50044,1000
2024/5/7,1282,"[2,22,23,30,31]",29,14,11337700,75,152000,1901,10300,50983,1000
2024/5/14,1283,"[1,11,25,29,31]",3,14,11168500,65,172800,2013,9600,51403,900
2024/5/21,1284,"[4,11,23,28,31]",22,9,17401100,89,126400,2130,9100,53345,900
2024/5/28,1285,"[4,5,18,23,25]",11,16,9649700,96,115500,1833,10400,50721,900
2024/6/4,1286,"[9,10,12,13,30]",25,10,15853000,59,193000,1547,12700,46866,1100
2024/6/11,1287,"[10,12,23,26,30]",22,13,12012200,71,158000,1718,11300,44776,1100
2024/6/18,1288,"[4,12,14,16,22]",8,8,19482100,92,121700,1555,12400,47550,1000
2024/6/25,1289,"[17,18,21,27,30]",3,10,16096400,68,170000,1517,13200,46566,1100
2024/7/2,1290,"[21,26,27,29,31]",7,14,11602300,53,220100,1399,14400,38811,1300
2024/7/9,1291,"[1,2,8,11,29]",19,17,9326100,104,109500,2146,9100,58272,800
2024/7/16,1292,"[6,11,21,23,25]",27,9,16989200,54,203400,1694,11200,47825,1000
2024/7/23,1293,"[6,8,10,20,28]",15,14,11080200,71,156900,1801,10700,47288,1000
2024/7/30,1294,"[8,21,22,27,29]",1,10,15742100,48,235600,1819,10700,50252,1000
2024/8/6,1295,"[4,11,12,21,26]",28,23,6714000,93,119200,2362,8100,55692,900
2024/8/13,1296,"[9,13,18,19,21]",6,12,12228200,73,144400,1620,11200,46005,1000
2024/8/20,1297,"[1,12,17,21,28]",31,5,31218800,59,190000,1687,11500,45198,1100
2024/8/27,1298,"[2,4,12,13,17]",29,9,17357800,55,204000,1836,10500,51571,900
2024/9/3,1299,"[3,4,9,11,18]",7,27,5971300,116,99800,2911,6800,70737,700
2024/9/10,1300,"[1,4,16,27,31]",15,17,9436300,78,147700,1610,12400,47039,1100
2024/9/17,1301,"[13,15,25,26,27]",17,9,17427300,51,220900,1510,12900,42174,1200
2024/9/24,1302,"[6,11,12,17,24]",4,21,7571500,116,98400,2428,8100,60421,800
2024/10/1,1303,"[7,14,17,30,31]",22,17,9460300,118,97900,1984,10000,52693,900
2024/10/8,1304,"[3,4,6,20,31]",2,11,14104000,33,337700,1381,13900,42786,1100
2024/10/15,1305,"[7,12,14,29,30]",4,17,9318200,91,125000,1973,9900,52224,900
2024/10/22,1306,"[5,7,27,28,29]",16,16,9850600,83,136400,1806,10800,51258,1000
2024/10/29,1307,"[11,13,16,18,20]",19,17,9124100,79,141000,1470,13100,42318,1100
2024/11/5,1308,"[3,8,12,16,22]",29,22,7198800,125,91000,2335,8400,56299,900
2024/11/12,1309,"[6,12,25,27,29]",22,5,31146600,53,211000,1850,10400,49424,1000
2024/11/19,1310,"[13,14,19,24,28]",3,12,13000800,75,149400,1812,10700,49142,1000
2024/11/26,1311,"[3,11,27,28,31]",26,17,9262100,66,171300,2163,9000,56360,900
2024/12/3,1312,"[10,12,13,21,31]",23,14,11538300,89,130300,1884,10600,48525,1000
2024/12/10,1313,"[2,5,9,22,31]",15,11,14439300,98,116400,1884,10400,52311,900
2024/12/17,1314,"[18,20,21,23,30]",25,12,13519900,56,208100,1503,13400,44942,1100
2024/12/24,1315,"[6,15,22,29,30]",13,5,33339700,77,155500,1879,11000,52042,1000
2025/1/7,1316,"[4,7,10,11,17]",23,18,10244200,138,95900,3201,7100,71597,800
2025/1/14,1317,"[7,22,26,30,31]",11,27,5887800,109,104700,1708,11500,46649,1100
2025/1/21,1318,"[5,7,15,24,29]",12,16,9912400,107,106400,1874,10500,51563,1000
2025/1/28,1319,"[4,6,16,26,29]",31,16,9926900,79,144400,1816,10800,49195,1000
2025/2/4,1320,"[2,3,7,25,28]",4,20,8100700,76,153100,2264,8900,60443,800
2025/2/11,1321,"[1,5,6,24,25]",11,8,19262900,96,115300,1880,10200,48808,1000
2025/2/18,1322,"[5,16,18,22,28]",6,12,13612300,72,162900,1959,10300,50231,1000
2025/2/25,1323,"[4,9,18,24,25]",15,15,10662700,77,149200,2163,9200,53795,900
2025/3/4,1324,"[5,6,14,20,27]",1,10,16151000,67,173100,1842,10900,49450,1000
2025/3/11,1325,"[10,15,22,23,25]",13,13,12476500,64,182000,1494,13500,46286,1100
2025/3/18,1326,"[4,9,15,19,26]",3,17,9062300,88,125700,1944,9800,48637,1000
2025/3/25,1327,"[4,9,26,27,29]",16,14,11145300,100,112000,1736,11100,49881,1000
2025/4/1,1328,"[1,12,15,27,31]",18,11,14222600,54,208100,1720,11300,46806,1000
2025/4/8,1329,"[5,6,8,21,30]",23,11,14312600,66,171300,1903,10300,52101,900
2025/4/15,1330,"[1,13,24,25,31]",11,13,12140500,60,188900,1627,12000,45905,1100
2025/4/22,1331,"[9,11,13,27,28]",16,21,7479000,91,123900,2367,8200,56200,900
2025/4/29,1332,"[12,16,17,20,25]",28,10,15169000,63,172900,1389,13500,40962,1200
2025/5/6,1333,"[7,11,18,25,26]",6,17,8873100,83,130500,2406,7800,56247,800
2025/5/13,1334,"[3,8,21,27,29]",16,12,13049800,113,99500,2094,9300,54335,900
2025/5/20,1335,"[12,17,18,22,31]",30,9,16859700,60,181600,1624,11600,45231,1000
2025/5/27,1336,"[3,20,21,24,25]",26,8,19389800,40,278500,1678,11500,42228,1100
2025/6/3,1337,"[3,11,17,20,22]",14,13,12051400,77,146100,1888,10300,50893,1000
2025/6/10,1338,"[13,18,21,28,31]",11,19,8041800,83,132200,1971,9600,46523,1000
2025/6/17,1339,"[6,14,21,23,31]",22,24,6537500,79,142600,1640,11900,46153,1100
2025/6/24,1340,"[8,19,22,24,27]",25,8,19233600,56,197300,1960,9700,51905,900
2025/7/1,1341,"[5,12,16,24,28]",31,51,3147900,92,125300,2789,7100,54974,900
2025/7/8,1342,"[1,9,13,19,23]",11,14,11182500,68,165400,1773,10900,47482,1000
2025/7/15,1343,"[4,13,22,29,30]",9,14,10913700,114,96200,1995,9500,51703,900
2025/7/22,1344,"[2,5,21,24,28]",12,17,8751600,111,96200,1721,10700,51191,900
2025/7/29,1345,"[3,11,14,30,31]",28,15,10253200,108,102300,2418,7900,59577,800
2025/8/5,1346,"[5,16,20,23,30]",2,11,14086300,67,166100,1658,11600,44855,1100
2025/8/12,1347,"[4,16,18,27,31]",24,9,16506100,92,116000,1879,9800,48750,900
2025/8/19,1348,"[4,16,20,26,28]",29,6,25420500,47,233100,1548,12200,42242,1100
2025/8/26,1349,"[2,3,15,28,29]",20,10,15486700,51,218100,1864,10300,50869,900
2025/9/2,1350,"[2,3,11,22,28]",15,24,6694900,115,100300,2648,7500,63949,800
2025/9/9,1351,"[4,9,10,19,29]",6,20,7955500,98,116600,2407,8200,55326,900
2025/9/16,1352,"[5,8,10,11,29]",27,24,6375200,87,126300,2398,7900,58351,800
2025/9/23,1353,"[6,11,13,14,18]",5,15,9947500,67,159900,1512,12200,45382,1000
2025/9/30,1354,"[11,13,15,16,26]",2,14,11067500,56,198700,1449,13300,42528,1100
2025/10/7,1355,"[3,6,10,23,27]",15,19,8427800,119,96600,2049,9700,55242,900
2025/10/14,1356,"[6,7,20,22,24]",5,10,14858700,54,197600,1386,13300,41624,1100
2025/10/21,1357,"[7,9,21,25,28]",15,16,9659900,82,135400,2237,8600,54912,900
2025/10/28,1358,"[1,6,22,27,29]",28,15,10226000,48,229500,1613,11800,48176,1000
2025/11/4,1359,"[1,3,15,16,20]",13,9,17120200,42,263500,1404,13600,40512,1200
2025/11/11,1360,"[4,18,20,24,29]",31,7,22132200,57,195200,1731,11100,45891,1000
2025/11/18,1361,"[20,25,26,27,30]",13,8,19064800,39,280900,1242,15200,35706,1300
2025/11/25,1362,"[6,12,13,17,26]",18,8,18773800,78,138300,1790,10400,47791,1000
2025/12/2,1363,"[6,12,16,19,31]",25,4,39686100,84,135700,1616,12200,46746,1100
