draw_date,draw_number,winning_number,ストレート口数,ストレート賞金,ボックス口数,ボックス賞金,セット(ストレート)口数,セット(ストレート)賞金,セット(ボックス)口数,セット(ボックス)賞金,ミニ口数,ミニ賞金
1994/10/7,1,191,0,119800,0,39900,0,79800,0,19900,0,11900
1994/10/14,2,988,0,333500,0,111100,0,222300,0,55500,0,33300
1994/10/21,3,194,0,71700,0,11900,0,41800,0,5900,0,7100
1994/10/28,4,105,0,57200,0,9500,0,33300,0,4700,0,5700
1994/11/4,5,592,0,113400,0,18900,0,66100,0,9400,0,11300
1994/11/11,6,792,0,102600,0,17100,0,59800,0,8500,0,10200
1994/11/18,7,708,0,149100,0,24800,0,86900,0,12400,0,14900
1994/11/25,8,234,0,58200,0,9700,0,33900,0,4800,0,5800
1994/12/2,9,243,0,83600,0,13900,0,48700,0,6900,0,8300
1994/12/9,10,340,0,154600,0,25700,0,90100,0,12800,0,15400
1994/12/16,11,326,0,47500,0,7900,0,27700,0,3900,0,4700
1994/12/23,12,247,0,45800,0,7600,0,26700,0,3800,0,4500
1994/12/30,13,229,0,112700,0,37500,0,75100,0,18700,0,11200
1995/1/6,14,743,0,91400,0,15200,0,53300,0,7600,0,9100
1995/1/10,15,019,0,62000,0,10300,0,36100,0,5100,0,6200
1995/1/13,16,179,0,78900,0,13100,0,46000,0,6500,0,7800
1995/1/17,17,475,0,110900,0,18400,0,64600,0,9200,0,11000
1995/1/20,18,291,0,63400,0,10500,0,36900,0,5200,0,6300
1995/1/24,19,852,0,49300,0,8200,0,28700,0,4100,0,4900
1995/1/27,20,502,0,78800,0,13100,0,45900,0,6500,0,7800
1995/1/31,21,558,0,250100,0,83300,0,166700,0,41600,0,25000
1995/2/3,22,951,0,88000,0,14600,0,51300,0,7300,0,8800
1995/2/7,23,912,0,61900,0,10300,0,36100,0,5100,0,6100
1995/2/10,24,039,0,97600,0,16200,0,56900,0,8100,0,9700
1995/2/14,25,458,0,110700,0,18400,0,64500,0,9200,0,11000
1995/2/17,26,984,0,190100,0,31600,0,110800,0,15800,0,19000
1995/2/21,27,917,0,69500,0,11500,0,40500,0,5700,0,6900
1995/2/24,28,789,0,90300,0,15000,0,52600,0,7500,0,9000
1995/2/28,29,589,0,91500,0,15200,0,53300,0,7600,0,9100
1995/3/3,30,725,0,48300,0,8000,0,28100,0,4000,0,4800
1995/3/7,31,073,0,94600,0,15700,0,55100,0,7800,0,9400
1995/3/10,32,547,0,96000,0,16000,0,56000,0,8000,0,9600
1995/3/14,33,063,0,98700,0,16400,0,57500,0,8200,0,9800
1995/3/17,34,634,0,84500,0,14000,0,49200,0,7000,0,8400
1995/3/21,35,333,0,65500,0,0,0,0,0,0,0,6500
1995/3/24,36,405,0,97600,0,16200,0,56900,0,8100,0,9700
1995/3/28,37,168,0,86400,0,14400,0,50400,0,7200,0,8600
1995/3/31,38,389,0,103700,0,17200,0,60400,0,8600,0,10300
1995/4/4,39,587,0,116100,0,19300,0,67700,0,9600,0,11600
1995/4/7,40,304,0,102400,0,17000,0,59700,0,8500,0,10200
1995/4/11,41,048,0,82800,0,13800,0,48300,0,6900,0,8200
1995/4/14,42,228,0,69700,0,23200,0,46400,0,11600,0,6900
1995/4/18,43,922,0,111600,0,37200,0,74400,0,18600,0,11100
1995/4/21,44,697,0,199500,0,33200,0,116300,0,16600,0,19900
1995/4/25,45,970,0,186600,0,31100,0,108800,0,15500,0,18600
1995/4/28,46,298,0,73700,0,12200,0,42900,0,6100,0,7300
1995/5/2,47,989,0,110400,0,36800,0,73600,0,18400,0,11000
1995/5/5,48,202,0,137400,0,45800,0,91600,0,22900,0,13700
1995/5/9,49,476,0,118400,0,19700,0,69000,0,9800,0,11800
1995/5/12,50,042,0,95800,0,15900,0,55800,0,7900,0,9500
1995/5/16,51,802,0,86500,0,14400,0,50400,0,7200,0,8600
1995/5/19,52,717,0,106600,0,35500,0,71000,0,17700,0,10600
1995/5/23,53,889,0,120000,0,40000,0,80000,0,20000,0,12000
1995/5/26,54,226,0,61000,0,20300,0,40600,0,10100,0,6100
1995/5/30,55,728,0,66500,0,11000,0,38700,0,5500,0,6600
1995/6/2,56,929,0,70900,0,23600,0,47200,0,11800,0,7000
1995/6/6,57,836,0,105600,0,17600,0,61600,0,8800,0,10500
1995/6/9,58,383,0,131200,0,43700,0,87400,0,21800,0,13100
1995/6/13,59,410,0,81000,0,13500,0,47200,0,6700,0,8100
1995/6/16,60,980,0,109600,0,18200,0,63900,0,9100,0,10900
1995/6/20,61,542,0,99700,0,16600,0,58100,0,8300,0,9900
1995/6/23,62,725,0,57300,0,9500,0,33400,0,4700,0,5700
1995/6/27,63,251,0,68800,0,11400,0,40100,0,5700,0,6800
1995/6/30,64,260,0,122700,0,20400,0,71500,0,10200,0,12200
1995/7/4,65,588,0,149400,0,49800,0,99600,0,24900,0,14900
1995/7/7,66,512,0,61600,0,10200,0,35900,0,5100,0,6100
1995/7/11,67,512,0,48900,0,8100,0,28500,0,4000,0,4800
1995/7/14,68,750,0,144400,0,24000,0,84200,0,12000,0,14400
1995/7/18,69,902,0,69900,0,11600,0,40700,0,5800,0,6900
1995/7/21,70,963,0,97100,0,16100,0,56600,0,8000,0,9700
1995/7/25,71,661,0,145000,0,48300,0,96600,0,24100,0,14500
1995/7/28,72,879,0,120200,0,20000,0,70100,0,10000,0,12000
1995/8/1,73,452,0,89500,0,14900,0,52200,0,7400,0,8900
1995/8/4,74,174,0,78900,0,13100,0,46000,0,6500,0,7800
1995/8/8,75,283,0,86400,0,14400,0,50400,0,7200,0,8600
1995/8/11,76,238,0,55600,0,9200,0,32400,0,4600,0,5500
1995/8/15,77,972,0,78000,0,13000,0,45500,0,6500,0,7800
1995/8/18,78,241,0,77300,0,12800,0,45000,0,6400,0,7700
1995/8/22,79,310,0,67300,0,11200,0,39200,0,5600,0,6700
1995/8/25,80,882,0,85700,0,28500,0,57100,0,14200,0,8500
1995/8/29,81,269,0,83100,0,13800,0,48400,0,6900,0,8300
1995/9/1,82,144,0,161600,0,53800,0,107700,0,26900,0,16100
1995/9/5,83,174,0,65900,0,10900,0,38400,0,5400,0,6500
1995/9/8,84,882,0,81600,0,27200,0,54400,0,13600,0,8100
1995/9/12,85,307,0,92600,0,15400,0,54000,0,7700,0,9200
1995/9/15,86,864,0,123300,0,20500,0,71900,0,10200,0,12300
1995/9/19,87,370,0,108300,0,18000,0,63100,0,9000,0,10800
1995/9/22,88,739,0,139300,0,23200,0,81200,0,11600,0,13900
1995/9/26,89,697,0,147900,0,24600,0,86200,0,12300,0,14700
1995/9/29,90,689,0,69400,0,11500,0,40400,0,5700,0,6900
1995/10/3,91,168,0,87300,0,14500,0,50900,0,7200,0,8700
1995/10/6,92,957,0,121800,0,20300,0,71000,0,10100,0,12100
1995/10/10,93,910,0,63800,0,10600,0,37200,0,5300,0,6300
1995/10/13,94,933,0,196400,0,65400,0,130900,0,32700,0,19600
1995/10/17,95,306,0,85100,0,14100,0,49600,0,7000,0,8500
1995/10/20,96,944,0,201900,0,67300,0,134600,0,33600,0,20100
1995/10/24,97,988,0,52300,0,17400,0,34800,0,8700,0,5200
1995/10/27,98,562,0,96800,0,16100,0,56400,0,8000,0,9600
1995/10/31,99,571,0,99600,0,16600,0,58100,0,8300,0,9900
1995/11/3,100,899,0,92200,0,30700,0,61400,0,15300,0,9200
1995/11/7,101,945,0,123100,0,20500,0,71800,0,10200,0,12300
1995/11/10,102,560,0,179300,0,29800,0,104500,0,14900,0,17900
1995/11/14,103,824,0,69300,0,11500,0,40400,0,5700,0,6900
1995/11/17,104,610,0,98900,0,16400,0,57600,0,8200,0,9800
1995/11/21,105,619,0,86800,0,14400,0,50600,0,7200,0,8600
1995/11/24,106,086,0,139100,0,23100,0,81100,0,11500,0,13900
1995/11/28,107,082,0,77200,0,12800,0,45000,0,6400,0,7700
1995/12/1,108,254,0,92000,0,15000,0,52600,0,7500,0,9000
1995/12/5,109,191,0,153400,0,51100,0,102200,0,25500,0,15300
1995/12/8,110,385,0,71000,0,11600,0,40800,0,5800,0,7000
1995/12/12,111,056,0,141100,0,23500,0,82300,0,11700,0,14100
1995/12/15,112,167,0,100100,0,16600,0,58300,0,8300,0,10000
1995/12/19,113,744,0,191100,0,63700,0,127400,0,31800,0,19100
1995/12/22,114,205,0,91100,0,15100,0,53100,0,7500,0,9100
1995/12/26,115,770,0,215000,0,71600,0,143300,0,35800,0,21500
1995/12/29,116,366,0,129600,0,43200,0,86400,0,21600,0,12900
1996/1/5,117,952,0,76200,0,12700,0,44400,0,6300,0,7600
1996/1/9,118,635,0,87100,0,14500,0,50800,0,7200,0,8700
1996/1/12,119,952,0,70400,0,11700,0,41000,0,5800,0,7000
1996/1/16,120,650,0,119200,0,19800,0,69500,0,9900,0,11900
1996/1/19,121,439,0,123700,0,20600,0,72100,0,10300,0,12300
1996/1/23,122,458,0,97100,0,16100,0,56600,0,8000,0,9700
1996/1/26,123,513,0,64300,0,10700,0,37500,0,5300,0,6400
1996/1/30,124,863,0,76500,0,12700,0,44600,0,6300,0,7600
1996/2/2,125,409,0,110900,0,18400,0,64600,0,9200,0,11000
1996/2/6,126,318,0,56800,0,9400,0,33100,0,4700,0,5600
1996/2/9,127,217,0,57300,0,9500,0,33400,0,4700,0,5700
1996/2/13,128,855,0,140900,0,46900,0,93900,0,23400,0,14000
1996/2/16,129,620,0,87300,0,14500,0,50900,0,7200,0,8700
1996/2/20,130,559,0,151800,0,50600,0,101200,0,25300,0,15100
1996/2/23,131,820,0,86600,0,14400,0,50500,0,7200,0,8600
1996/2/27,132,016,0,137700,0,22900,0,80300,0,11400,0,13700
1996/3/1,133,926,0,65800,0,10900,0,38300,0,5400,0,6500
1996/3/5,134,603,0,79000,0,13100,0,46000,0,6500,0,7900
1996/3/8,135,454,0,157400,0,52400,0,104900,0,26200,0,15700
1996/3/12,136,295,0,77900,0,12900,0,45400,0,6400,0,7700
1996/3/15,137,819,0,79000,0,13100,0,46000,0,6500,0,7900
1996/3/19,138,995,0,179800,0,59900,0,119800,0,29900,0,17900
1996/3/22,139,356,0,72500,0,12000,0,42200,0,6000,0,7200
1996/3/26,140,054,0,133900,0,22300,0,78100,0,11100,0,13300
1996/3/29,141,783,0,111100,0,18500,0,64800,0,9200,0,11100
1996/4/2,142,077,0,158300,0,52700,0,105500,0,26300,0,15800
1996/4/5,143,694,0,117200,0,19500,0,68300,0,9700,0,11700
1996/4/9,144,594,0,100900,0,16800,0,58800,0,8400,0,10000
1996/4/12,145,125,0,53800,0,8900,0,31300,0,4400,0,5300
1996/4/16,146,766,0,166900,0,55600,0,111200,0,27800,0,16600
1996/4/19,147,464,0,135800,0,45200,0,90500,0,22600,0,13500
1996/4/23,148,489,0,85400,0,14200,0,49800,0,7100,0,8500
1996/4/26,149,003,0,201000,0,67000,0,134000,0,33500,0,20100
1996/4/30,150,538,0,68000,0,11300,0,39600,0,5600,0,6800
1996/5/3,151,332,0,97700,0,32500,0,65100,0,16200,0,9700
1996/5/7,152,224,0,65900,0,21900,0,43900,0,10900,0,6500
1996/5/10,153,750,0,128500,0,21400,0,74900,0,10700,0,12800
1996/5/14,154,791,0,126100,0,21000,0,73500,0,10500,0,12600
1996/5/17,155,126,0,66400,0,11000,0,38700,0,5500,0,6600
1996/5/21,156,991,0,110900,0,36900,0,73900,0,18400,0,11000
1996/5/24,157,570,0,128700,0,21400,0,75000,0,10700,0,12800
1996/5/28,158,604,0,110300,0,18300,0,64300,0,9100,0,11000
1996/5/31,159,259,0,48400,0,8000,0,28200,0,4000,0,4800
1996/6/4,160,839,0,110400,0,18400,0,64400,0,9200,0,11000
1996/6/7,161,284,0,75900,0,12600,0,44200,0,6300,0,7500
1996/6/11,162,516,0,76800,0,12800,0,44800,0,6400,0,7600
1996/6/14,163,648,499,86400,1696,14400,511,50400,2312,7200,1631,8600
1996/6/18,164,198,239,124900,1377,20800,349,72800,2543,10400,784,12400
1996/6/21,165,563,496,84500,1945,14000,516,49200,2851,7000,1244,8400
1996/6/25,166,331,649,78800,744,26200,644,52500,889,13100,1417,7800
1996/6/28,167,233,431,113400,674,37800,364,75600,839,18900,1334,11300
1996/7/2,168,107,657,72700,2612,12000,806,42100,3275,6000,1174,7200
1996/7/5,169,351,519,69500,3295,11500,623,40500,4241,5700,1070,6900
1996/7/9,170,574,369,106600,1620,17700,489,62100,2561,8800,922,10600
1996/7/12,171,679,304,127400,1280,21200,430,74300,2239,10600,815,12700
1996/7/16,172,355,438,113300,479,37700,392,75500,730,18800,1420,11300
1996/7/19,173,581,303,100300,1808,16700,424,58500,2928,8300,920,10000
1996/7/23,174,967,230,152200,985,25300,277,88700,1583,12600,806,15200
1996/7/26,175,683,359,92900,1881,15400,523,54100,2929,7700,780,9200
1996/7/30,176,203,373,98600,1390,16400,517,57500,2356,8200,893,9800
1996/8/2,177,845,392,91200,1483,15200,511,53200,2483,7600,1178,9100
1996/8/6,178,464,369,120200,459,40000,319,80100,701,20000,908,12000
1996/8/9,179,168,382,81300,1883,13500,621,47400,3077,6700,1056,8100
1996/8/13,180,632,356,88100,1871,14600,392,51300,2857,7300,1026,8800
1996/8/16,181,890,289,107600,1115,17900,395,62700,2065,8900,844,10700
1996/8/20,182,439,342,112900,1073,18800,378,65800,1888,9400,1086,11200
1996/8/23,183,589,453,80700,1250,13400,714,47000,2305,6700,1833,8000
1996/8/27,184,492,287,104200,1939,17300,343,60700,3349,8600,786,10400
1996/8/30,185,882,572,72500,1018,24100,621,48300,1386,12000,1135,7200
1996/9/3,186,439,458,95900,1496,15900,546,55900,2107,7900,1266,9500
1996/9/6,187,975,291,120300,1705,20000,344,70100,2493,10000,847,12000
1996/9/10,188,254,593,60800,2462,10100,914,35400,3621,5000,1478,6000
1996/9/13,189,199,262,140100,513,46700,218,96400,908,23300,1054,14000
1996/9/17,190,170,196,136400,1223,22700,246,79500,2459,11300,677,13600
1996/9/20,191,424,419,106000,486,35300,429,70600,666,17600,1128,10600
1996/9/24,192,021,264,115000,1402,19100,253,67000,2245,9500,1021,11500
1996/9/27,193,656,258,142800,389,47600,287,95200,690,23800,1436,14200
1996/10/1,194,812,483,75100,1999,12500,715,43800,2853,6200,1482,7500
1996/10/4,195,819,432,82800,1836,13800,627,48300,2919,6900,1259,8200
1996/10/8,196,907,404,93300,1259,15500,679,54400,1956,7700,991,9300
1996/10/11,197,728,607,69300,1725,11500,821,40400,2355,5700,1496,6900
1996/10/15,198,374,520,81600,1774,13600,597,47600,2352,6800,936,8100
1996/10/18,199,269,519,72800,2183,12100,672,42400,3232,6000,1051,7200
1996/10/22,200,411,408,98000,762,32600,441,65300,987,16300,1423,9800
1996/10/25,201,176,377,100200,1693,16700,459,58400,2525,8300,643,10000
1996/10/29,202,676,251,176900,388,58900,217,117900,639,29400,620,17600
1996/11/1,203,093,288,118100,1424,19600,351,68800,2470,9800,1268,11800
1996/11/5,204,211,535,71900,1314,23900,466,47900,1492,11900,794,7100
1996/11/8,205,531,637,59300,2821,9800,764,34500,3488,4900,903,5900
1996/11/12,206,938,228,109500,1490,18200,332,63800,3075,9100,1049,10900
1996/11/15,207,413,489,82200,1596,13700,550,47900,2166,6800,1120,8200
1996/11/19,208,781,336,88800,1813,14800,471,51800,3094,7400,957,8800
1996/11/22,209,920,475,76600,1763,12700,617,44600,2808,6300,919,7600
1996/11/26,210,192,346,77700,2481,12900,458,45300,4376,6400,895,7700
1996/11/29,211,022,221,137600,514,45800,229,91700,1061,22900,1096,13700
1996/12/3,212,151,242,112200,753,37400,291,74800,1211,18700,1516,11200
1996/12/6,213,502,413,80800,1888,13400,664,47100,2660,6700,783,8000
1996/12/10,214,870,268,145300,1002,24200,290,84700,1684,12100,805,14500
1996/12/13,215,215,910,45600,3512,7600,1144,26600,5081,3800,1449,4500
1996/12/17,216,337,495,102600,573,34200,447,68400,738,17100,1184,10200
1996/12/20,217,712,822,48600,3467,8100,1092,28300,4687,4000,1493,4800
1996/12/24,218,594,294,106200,1386,17700,413,61900,2698,8800,898,10600
1996/12/27,219,260,299,118800,1548,19800,351,69300,2522,9900,959,11800
1997/1/7,220,112,1028,54500,1501,18100,919,36300,1545,9000,1654,5400
1997/1/10,221,514,600,67600,1810,11200,814,39400,2615,5600,1256,6700
1997/1/14,222,227,661,71100,821,23700,690,47400,793,11800,1511,7100
1997/1/17,223,333,1580,67800,0,0,0,0,0,0,1003,6700
1997/1/21,224,466,294,128900,509,42900,299,85900,741,21400,969,12800
1997/1/24,225,751,389,90000,1984,15000,373,52500,2867,7500,906,9000
1997/1/28,226,952,648,57400,2807,9500,889,33400,4173,4700,1252,5700
1997/1/31,227,188,315,115000,595,38300,335,76600,914,19100,1211,11500
1997/2/4,228,014,297,111000,1421,18500,326,64700,2399,9200,1155,11100
1997/2/7,229,409,383,100000,1056,16600,570,58300,1758,8300,1069,10000
1997/2/11,230,383,282,121100,478,40300,349,80700,653,20100,816,12100
1997/2/14,231,523,586,62400,2153,10400,743,36400,3222,5200,1717,6200
1997/2/18,232,945,326,98600,1349,16400,382,57500,2226,8200,1820,9800
1997/2/21,233,065,290,109100,1246,18100,326,63600,2665,9000,1094,10900
1997/2/25,234,317,687,59800,2325,9900,829,34800,3029,4900,1480,5900
1997/2/28,235,582,534,63500,2759,10500,641,37000,4088,5200,1098,6300
1997/3/4,236,830,408,90200,1438,15000,542,52600,2242,7500,1234,9000
1997/3/7,237,648,400,100500,1339,16700,444,58600,1828,8300,969,10000
1997/3/11,238,414,609,65900,861,21900,778,43900,1010,10900,1353,6500
1997/3/14,239,741,580,55400,3037,9200,737,32300,4757,4600,1055,5500
1997/3/18,240,229,657,59200,791,19700,952,39400,1000,9800,1237,5900
1997/3/21,241,400,185,150200,256,50000,204,100100,347,25000,1933,15000
1997/3/25,242,066,309,123100,465,41000,270,82000,695,20500,867,12300
1997/3/28,243,608,280,119800,1002,19900,413,69800,1552,9900,609,11900
1997/4/1,244,140,352,85300,2454,14200,257,49700,3343,7100,728,8500
1997/4/4,245,827,337,96000,1167,16000,457,56000,1999,8000,1043,9600
1997/4/8,246,593,494,65000,1855,10800,621,37900,3297,5400,1009,6500
1997/4/11,247,537,368,74900,2253,12400,396,43600,2922,6200,828,7400
1997/4/15,248,193,397,82300,1687,13700,491,48000,2756,6800,510,8200
1997/4/18,249,624,432,67500,2238,11200,588,39300,3058,5600,1066,6700
1997/4/22,250,180,235,110900,1379,18400,331,64600,2481,9200,602,11000
1997/4/25,251,227,483,76300,621,25400,524,50800,1062,12700,1060,7600
1997/4/29,252,004,199,184900,230,61600,179,123200,330,30800,614,18400
1997/5/2,253,616,372,88500,660,29500,491,59000,885,14700,1183,8800
1997/5/6,254,238,367,78100,1690,13000,454,45500,2796,6500,980,7800
1997/5/9,255,770,424,92100,558,30700,338,61400,691,15300,1122,9200
1997/5/13,256,088,307,107300,538,35700,315,71500,744,17800,1091,10700
1997/5/16,257,935,363,85800,1368,14300,476,50000,2170,7100,902,8500
1997/5/20,258,447,430,85500,483,28500,504,57000,663,14200,900,8500
1997/5/23,259,216,521,59500,1993,9900,744,34700,2979,4900,895,5900
1997/5/27,260,061,167,126600,1266,21100,270,73800,2087,10500,739,12600
1997/5/30,261,596,293,98000,987,16300,464,57100,1710,8100,1281,9800
1997/6/3,262,042,227,117900,1357,19600,241,68700,2084,9800,789,11700
1997/6/6,263,839,348,80900,1212,13400,633,47100,2049,6700,1300,8000
1997/6/10,264,362,379,79300,1708,13200,387,46200,2723,6600,675,7900
1997/6/13,265,928,484,68500,1368,11400,596,39900,2423,5700,1141,6800
1997/6/17,266,972,157,121500,1234,20200,243,70800,2182,10100,854,12100
1997/6/20,267,093,197,119900,957,19900,281,69900,1659,9900,687,11900
1997/6/24,268,024,350,91700,1261,15200,384,53400,1735,7600,1370,9100
1997/6/27,269,782,221,109700,1278,18200,328,63900,2210,9100,920,10900
1997/7/1,270,793,288,108100,1279,18000,375,63000,1986,9000,779,10800
1997/7/4,271,823,486,66600,1904,11100,610,38800,2744,5500,1,6600
1997/7/8,272,783,314,94900,1285,15800,384,55300,2238,7900,888,9400
1997/7/11,273,526,451,72400,1418,12000,615,42200,2284,6000,1095,7200
1997/7/15,274,854,241,108300,1091,18000,361,63100,1942,9000,1239,10800
1997/7/18,275,806,191,137900,906,22900,298,80400,1413,11400,783,13700
1997/7/22,276,385,425,69600,1739,11600,565,40600,2661,5800,666,6900
1997/7/25,277,632,276,84300,1754,14000,362,49100,2917,7000,855,8400
1997/7/29,278,877,222,149700,286,49900,194,99800,624,24900,1021,14900
1997/8/1,279,891,298,81500,1649,13500,412,47500,3243,6700,827,8100
1997/8/5,280,326,707,54900,1705,9100,693,32000,2142,4500,1235,5400
1997/8/8,281,907,223,123500,915,20500,362,72000,1425,10200,611,12300
1997/8/12,282,743,245,95100,1245,15800,360,55400,2122,7900,886,9500
1997/8/15,283,940,128,144600,806,24100,204,84300,1575,12000,538,14400
1997/8/19,284,588,265,115100,359,38300,285,76700,537,19100,1028,11500
1997/8/22,285,760,208,137100,730,22800,263,79900,1448,11400,571,13700
1997/8/26,286,272,306,100300,603,33400,340,66800,1059,16700,802,10000
1997/8/29,287,925,573,54300,1936,9000,882,31600,3252,4500,1220,5400
1997/9/2,288,144,374,87900,603,29300,364,58600,968,14600,1831,8700
1997/9/5,289,838,218,122300,509,40700,255,81500,869,20300,1080,12200
1997/9/9,290,167,234,120300,1137,20000,289,70100,1891,10000,872,12000
1997/9/12,291,085,185,130600,1128,21700,284,76100,1827,10800,625,13000
1997/9/16,292,737,180,149000,320,49600,214,99300,525,24800,885,14900
1997/9/19,293,663,289,96200,603,32000,420,64100,918,16000,1115,9600
1997/9/23,294,107,381,87400,1177,14500,517,50900,1550,7200,702,8700
1997/9/26,295,075,272,114000,1075,19000,325,66500,1848,9500,663,11400
1997/9/30,296,880,398,112100,510,37300,337,74700,636,18600,560,11200
1997/10/3,297,144,297,108200,613,36000,306,72100,998,18000,937,10800
1997/10/6,298,104,955,42800,2032,7100,1067,24900,1812,3500,656,4200
1997/10/8,299,155,252,101600,576,33800,240,67700,864,16900,1060,10100
1997/10/10,300,126,462,64900,1579,10800,574,37800,1790,5400,1126,6400
1997/10/13,301,330,536,67000,745,22300,547,44600,893,11100,652,6700
1997/10/15,302,001,317,103100,395,34300,291,68700,526,17100,906,10300
1997/10/17,303,497,195,125100,932,20800,293,72900,1738,10400,557,12500
1997/10/20,304,399,210,118700,386,39500,292,79100,610,19700,1063,11800
1997/10/22,305,367,219,108100,951,18000,383,63000,1361,9000,608,10800
1997/10/24,306,748,268,110300,900,18300,292,64300,1675,9100,895,11000
1997/10/27,307,690,212,122400,911,20400,283,71400,1616,10200,613,12200
1997/10/29,308,519,328,79200,1156,13200,500,46200,1723,6600,1161,7900
1997/10/31,309,777,1397,57100,0,0,0,0,0,0,973,5700
1997/11/3,310,575,205,118900,355,39600,225,79200,527,19800,495,11800
1997/11/5,311,104,388,79700,1050,13200,507,46400,1450,6600,537,7900
1997/11/7,312,068,176,128800,798,21400,273,75100,1448,10700,775,12800
1997/11/10,313,069,269,120000,835,20000,240,70000,1305,10000,579,12000
1997/11/12,314,242,286,88100,581,29300,331,58700,913,14600,855,8800
1997/11/14,315,137,312,74700,1510,12400,461,43500,2261,6200,933,7400
1997/11/17,316,218,379,67100,1390,11100,525,39100,2142,5500,995,6700
1997/11/19,317,190,270,86000,1154,14300,309,50100,2117,7100,569,8600
1997/11/21,318,537,242,81000,1607,13500,350,47200,2250,6700,599,8100
1997/11/24,319,395,137,108300,978,18000,254,63100,1711,9000,391,10800
1997/11/26,320,598,165,140900,546,23400,234,82100,1104,11700,500,14000
1997/11/28,321,429,427,66400,1230,11000,646,38700,2126,5500,1103,6600
1997/12/1,322,064,196,117300,968,19500,257,68400,1621,9700,761,11700
1997/12/3,323,375,431,65500,1700,10900,447,38200,2175,5400,577,6500
1997/12/5,324,805,217,106200,971,17700,313,61900,1625,8800,765,10600
1997/12/8,325,531,396,64400,1982,10700,467,37500,2647,5300,710,6400
1997/12/10,326,930,300,85000,1170,14100,393,49500,2024,7000,497,8500
1997/12/12,327,980,207,119400,845,19900,287,69600,1679,9900,487,11900
1997/12/15,328,736,210,112400,1116,18700,291,65500,1600,9300,961,11200
1997/12/17,329,543,150,142500,810,23700,180,83100,1418,11800,748,14200
1997/12/19,330,179,265,94800,1287,15800,372,55300,2165,7900,746,9400
1997/12/22,331,196,241,110300,1063,18300,330,64300,1913,9100,613,11000
1997/12/24,332,167,299,89500,1037,14900,474,52200,1628,7400,828,8900
1997/12/26,333,238,363,68000,1744,11300,665,39600,2843,5600,1053,6800
1997/12/29,334,480,223,118600,1067,19700,307,69100,1900,9800,684,11800
1998/1/5,335,950,261,86700,1361,14400,459,50500,2509,7200,757,8600
1998/1/7,336,551,309,98400,473,32800,300,65600,690,16400,728,9800
1998/1/9,337,632,294,81400,1506,13500,346,47400,2568,6700,696,8100
1998/1/12,338,704,294,90700,1190,15100,462,52900,1904,7500,646,9000
1998/1/14,339,152,240,78900,1997,13100,311,46000,3081,6500,686,7800
1998/1/16,340,992,168,139100,283,46300,252,92700,568,23100,524,13900
1998/1/19,341,259,418,52300,2409,8700,786,30500,4149,4300,774,5200
1998/1/21,342,686,157,162600,212,54200,204,108400,453,27100,670,16200
1998/1/23,343,997,189,152200,283,50700,235,101400,434,25300,596,15200
1998/1/26,344,035,341,82700,1377,13700,427,48200,2361,6800,1287,8200
1998/1/28,345,513,393,61600,1935,10200,521,35900,2687,5100,1088,6100
1998/1/30,346,000,767,101100,0,0,0,0,0,0,1091,10100
1998/2/2,347,718,289,99300,984,16500,398,57900,1554,8200,900,9900
1998/2/4,348,394,217,110700,831,18400,329,64500,1616,9200,677,11000
1998/2/6,349,431,198,111100,1122,18500,259,64800,1997,9200,770,11100
1998/2/9,350,638,280,84000,1398,14000,427,49000,2287,7000,907,8400
1998/2/11,351,417,397,57000,1625,9500,609,33200,2415,4700,807,5700
1998/2/13,352,038,256,95400,998,15900,361,55600,2066,7900,745,9500
1998/2/16,353,996,247,135700,237,45200,240,90400,518,22600,599,13500
1998/2/18,354,750,243,102600,856,17100,323,59800,1582,8500,544,10200
1998/2/20,355,487,167,141900,668,23600,245,82700,1219,11800,611,14100
1998/2/23,356,852,302,68100,1949,11300,437,39700,3389,5600,813,6800
1998/2/25,357,756,157,138800,661,23100,203,80900,1126,11500,722,13800
1998/2/27,358,469,290,86500,1112,14400,469,50400,1869,7200,994,8600
1998/3/2,359,277,259,117600,405,39200,264,78400,633,19600,738,11700
1998/3/4,360,965,192,116800,1030,19400,250,68100,1771,9700,697,11600
1998/3/6,361,965,197,128600,965,21400,222,75000,1585,10700,565,12800
1998/3/9,362,640,205,133400,853,22200,263,77800,1408,11100,729,13300
1998/3/11,363,458,296,81700,1141,13600,553,47600,1778,6800,1037,8100
1998/3/13,364,908,235,110200,994,18300,322,64200,1931,9100,642,11000
1998/3/16,365,887,220,154200,241,51400,241,102800,515,25700,626,15400
1998/3/18,366,841,209,99900,1148,16600,337,58200,2100,8300,814,9900
1998/3/20,367,778,382,97700,278,32500,305,65100,428,16200,1123,9700
1998/3/23,368,805,213,118100,890,19600,338,68800,1508,9800,556,11800
1998/3/25,369,135,480,52500,2294,8700,616,30600,3504,4300,1083,5200
1998/3/27,370,091,173,112000,1107,18600,291,65300,2120,9300,698,11200
1998/3/30,371,798,190,112900,1158,18800,297,65800,1919,9400,797,11200
1998/4/1,372,202,252,116700,363,38900,280,77800,583,19400,479,11600
1998/4/3,373,417,479,59600,1573,9900,659,34700,2534,4900,959,5900
1998/4/6,374,409,311,91300,983,15200,425,53200,1537,7600,616,9100
1998/4/8,375,994,331,96500,299,32100,362,64300,494,16000,545,9600
1998/4/10,376,274,219,97000,1148,16100,290,56500,2084,8000,620,9700
1998/4/13,377,155,238,104300,480,34700,224,69500,749,17300,998,10400
1998/4/15,378,075,223,95500,1055,15900,292,55700,1928,7900,632,9500
1998/4/17,379,649,230,102500,855,17000,306,59700,1544,8500,1065,10200
1998/4/20,380,820,328,83600,972,13900,425,48700,1551,6900,1223,8300
1998/4/22,381,885,231,112200,269,37400,304,74800,458,18700,633,11200
1998/4/24,382,606,260,116200,314,38700,274,77400,449,19300,589,11600
1998/4/27,383,081,146,133400,910,22200,209,77800,1722,11100,548,13300
1998/4/29,384,690,158,114700,771,19100,230,66900,1469,9500,625,11400
1998/5/1,385,332,295,97300,446,32400,288,64800,681,16200,837,9700
1998/5/4,386,578,177,111900,708,18600,258,65200,1212,9300,577,11100
1998/5/6,387,396,216,90800,1057,15100,294,52900,2111,7500,498,9000
1998/5/8,388,227,463,64000,455,21300,592,42600,598,10600,1032,6400
1998/5/11,389,275,312,73100,1772,12100,384,42600,2602,6000,718,7300
1998/5/13,390,956,205,100000,936,16600,288,58300,1916,8300,875,10000
1998/5/15,391,066,223,130400,286,43400,182,86900,631,21700,941,13000
1998/5/18,392,426,396,68300,1557,11300,502,39800,2005,5600,930,6800
1998/5/20,393,029,235,94700,986,15700,319,55200,1913,7800,582,9400
1998/5/22,394,729,357,70400,1168,11700,570,41000,2124,5800,587,7000
1998/5/25,395,440,311,99300,373,33100,337,66200,588,16500,614,9900
1998/5/27,396,963,256,79800,1416,13300,360,46500,2269,6600,845,7900
1998/5/29,397,345,274,104000,656,17300,354,60600,996,8600,763,10400
1998/6/1,398,274,277,81600,1482,13600,418,47600,2205,6800,702,8100
1998/6/3,399,816,329,73600,1001,12200,519,42900,1829,6100,846,7300
1998/6/5,400,596,295,83200,1118,13800,464,48500,2041,6900,599,8300
1998/6/8,401,354,195,129900,899,21600,182,75700,1243,10800,709,12900
1998/6/10,402,058,231,101200,904,16800,297,59000,1750,8400,662,10100
1998/6/12,403,431,184,115700,996,19200,238,67400,1673,9600,910,11500
1998/6/15,404,109,418,73300,1197,12200,581,42700,1756,6100,729,7300
1998/6/17,405,891,228,94800,1021,15800,330,55300,2271,7900,532,9400
1998/6/19,406,222,1209,62500,0,0,0,0,0,0,883,6200
1998/6/22,407,042,224,104100,1062,17300,286,60700,1874,8600,716,10400
1998/6/24,408,237,319,75800,1223,12600,422,44200,2229,6300,1001,7500
1998/6/26,409,400,177,164000,258,54600,186,109300,467,27300,542,16400
1998/6/29,410,866,170,159900,256,53300,155,106600,513,26600,803,15900
1998/7/1,411,636,193,140600,300,46800,191,93700,474,23400,967,14000
1998/7/3,412,514,451,68400,1186,11400,630,39900,1924,5700,1045,6800
1998/7/6,413,910,328,86400,1340,14400,381,50400,1988,7200,718,8600
1998/7/8,414,737,262,107100,416,35700,249,71400,676,17800,742,10700
1998/7/10,415,834,217,110200,888,18300,308,64200,1810,9100,727,11000
1998/7/13,416,001,297,126800,359,42200,234,84500,438,21100,536,12600
1998/7/15,417,371,293,79700,1514,13200,371,46400,2473,6600,648,7900
1998/7/17,418,429,362,76300,1089,12700,553,44500,1871,6300,881,7600
1998/7/20,419,723,456,61300,1243,10200,499,35700,1885,5100,909,6100
1998/7/22,420,427,393,64600,1435,10700,520,37600,1971,5300,923,6400
1998/7/24,421,402,241,102400,1069,17000,317,59700,1620,8500,492,10200
1998/7/27,422,495,149,127800,800,21300,249,74500,1812,10600,741,12700
1998/7/29,423,367,275,88800,1037,14800,384,51800,1733,7400,693,8800
1998/7/31,424,043,291,86100,909,14300,516,50200,1523,7100,720,8600
1998/8/3,425,535,233,121900,356,40600,224,81200,541,20300,962,12100
1998/8/5,426,618,361,70000,1168,11600,481,40800,2216,5800,1079,7000
1998/8/7,427,159,248,98300,999,16300,348,57300,1727,8100,560,9800
1998/8/10,428,512,426,62400,1475,10400,512,36400,2633,5200,678,6200
1998/8/12,429,641,209,99700,939,16600,268,58100,1839,8300,565,9900
1998/8/14,430,652,191,94000,1077,15600,273,54800,1993,7800,593,9400
1998/8/17,431,219,278,81100,1035,13500,438,47300,1888,6700,609,8100
1998/8/19,432,163,317,70300,1185,11700,429,41000,2065,5800,640,7000
1998/8/21,433,255,238,101300,402,33700,276,67500,706,16800,708,10100
1998/8/24,434,698,154,139700,626,23200,234,81400,1171,11600,682,13900
1998/8/26,435,161,194,123800,404,41200,193,82500,807,20600,457,12300
1998/8/28,436,244,235,113400,386,37800,238,75600,596,18900,774,11300
1998/8/31,437,727,442,75500,455,25100,503,50300,561,12500,1069,7500
1998/9/2,438,235,446,59200,1609,9800,608,34500,2571,4900,910,5900
1998/9/4,439,605,280,97900,967,16300,362,57100,1710,8100,579,9700
1998/9/7,440,520,294,96200,1018,16000,373,56100,1525,8000,578,9600
1998/9/9,441,196,192,94100,1061,15600,349,54800,2020,7800,778,9400
1998/9/11,442,174,225,79300,1629,13200,339,46200,2863,6600,665,7900
1998/9/14,443,198,243,90000,1148,15000,403,52500,2161,7500,585,9000
1998/9/16,444,107,283,88400,745,14700,425,51500,1217,7300,511,8800
1998/9/18,445,087,195,113200,664,18800,297,66000,1496,9400,815,11300
1998/9/21,446,531,438,56800,1873,9400,521,33100,2693,4700,773,5600
1998/9/23,447,453,156,101600,747,16900,209,59200,1314,8400,1068,10100
1998/9/25,448,785,152,131600,724,21900,214,76700,1358,10900,583,13100
1998/9/28,449,048,215,117900,768,19600,273,68700,1310,9800,819,11700
1998/9/30,450,033,203,120700,392,40200,192,80400,672,20100,677,12000
1998/10/2,451,423,295,82200,1188,13700,429,47900,1729,6800,919,8200
1998/10/5,452,666,1171,68100,0,0,0,0,0,0,726,6800
1998/10/7,453,102,409,68900,1245,11400,494,40100,1450,5700,587,6800
1998/10/9,454,713,374,72500,1375,12000,396,42200,2107,6000,907,7200
1998/10/12,455,612,381,67200,1531,11200,512,39200,2445,5600,818,6700
1998/10/14,456,887,244,128400,218,42800,212,85600,360,21400,488,12800
1998/10/16,457,189,294,76800,1200,12800,392,44800,2187,6400,1087,7600
1998/10/19,458,383,219,132600,292,44200,232,88400,442,22100,545,13200
1998/10/21,459,620,242,99400,865,16500,286,57900,1536,8200,562,9900
1998/10/23,460,150,219,107200,1076,17800,185,62500,2042,8900,583,10700
1998/10/26,461,190,360,78900,1365,13100,364,46000,2406,6500,505,7800
1998/10/28,462,292,191,111100,439,37000,226,74000,847,18500,582,11100
1998/10/30,463,994,254,117700,273,39200,262,78400,550,19600,639,11700
1998/11/2,464,086,155,147400,788,24500,196,85900,1410,12200,514,14700
1998/11/4,465,095,255,93900,950,15600,305,54700,2092,7800,434,9300
1998/11/6,466,256,354,78700,1043,13100,427,45900,1833,6500,830,7800
1998/11/9,467,882,359,94100,426,31300,296,62700,573,15600,692,9400
1998/11/11,468,687,206,122200,702,20300,255,71200,1174,10100,523,12200
1998/11/13,469,949,112,206500,163,68800,134,137600,329,34400,676,20600
1998/11/16,470,577,211,130500,282,43500,190,87000,591,21700,1012,13000
1998/11/18,471,301,330,72800,1138,12100,470,42400,2072,6000,621,7200
1998/11/20,472,616,306,90200,371,30000,369,60100,507,15000,785,9000
1998/11/23,473,407,270,95400,642,15900,313,55600,1098,7900,424,9500
1998/11/25,474,041,231,103100,995,17100,193,60100,1847,8500,515,10300
1998/11/27,475,583,243,85300,1347,14200,347,49700,2329,7100,709,8500
1998/11/30,476,111,1957,39800,0,0,0,0,0,0,842,3900
1998/12/2,477,498,154,131400,519,21900,248,76600,1009,10900,811,13100
1998/12/4,478,277,231,108700,386,36200,252,72400,622,18100,571,10800
1998/12/7,479,962,190,92300,1159,15300,319,53800,2397,7600,755,9200
1998/12/9,480,335,369,75700,430,25200,384,50400,536,12600,1275,7500
1998/12/11,481,550,310,84900,478,28300,353,56600,789,14100,781,8400
1998/12/14,482,818,341,89400,417,29800,383,59600,583,14900,897,8900
1998/12/16,483,075,232,102800,870,17100,330,59900,1736,8500,603,10200
1998/12/18,484,899,236,99800,448,33200,277,66500,906,16600,868,9900
1998/12/21,485,485,277,94700,917,15700,454,55200,1527,7800,724,9400
1998/12/23,486,932,204,93600,995,15600,312,54600,2091,7800,676,9300
1998/12/25,487,856,205,100300,1020,16700,362,58500,1855,8300,876,10000
1998/12/28,488,115,531,64300,570,21400,613,42800,529,10700,1096,6400
1998/12/30,489,618,259,75500,1116,12500,474,44000,2123,6200,745,7500
1999/1/4,490,634,187,99400,710,16500,311,57900,1295,8200,587,9900
1999/1/6,491,995,256,117700,226,39200,297,78400,364,19600,534,11700
1999/1/8,492,931,184,103900,994,17300,282,60600,2072,8600,602,10300
1999/1/11,493,385,711,48900,1950,8100,787,28500,2659,4000,666,4800
1999/1/13,494,153,358,63300,2024,10500,378,36900,3211,5200,826,6300
1999/1/15,495,827,295,71900,1148,11900,510,41900,2008,5900,1159,7100
1999/1/18,496,028,219,101400,1078,16900,363,59100,1806,8400,919,10100
1999/1/20,497,595,250,100600,366,33500,396,67000,555,16700,597,10000
1999/1/22,498,211,257,81300,855,27100,336,54200,1118,13500,650,8100
1999/1/25,499,012,404,74400,1517,12400,407,43400,2125,6200,902,7400
1999/1/27,500,679,217,125700,646,20900,295,73300,1405,10400,539,12500
1999/1/29,501,640,176,103400,977,17200,279,60300,1759,8600,1792,10300
1999/2/1,502,929,283,99000,421,33000,421,66000,598,16500,1023,9900
1999/2/3,503,782,211,116200,804,19300,262,67700,1599,9600,581,11600
1999/2/5,504,947,190,106800,986,17800,322,62300,1908,8900,871,10600
1999/2/8,505,480,157,138300,915,23000,257,80600,1617,11500,482,13800
1999/2/10,506,993,301,108100,307,36000,311,72000,451,18000,722,10800
1999/2/12,507,172,174,99300,1212,16500,279,57900,2305,8200,784,9900
1999/2/15,508,295,326,64000,1815,10600,581,37300,3556,5300,843,6400
1999/2/17,509,831,356,69500,1391,11500,471,40500,2566,5700,788,6900
1999/2/19,510,253,271,73500,1714,12200,358,42800,3120,6100,830,7300
1999/2/22,511,914,312,78900,1207,13100,506,46000,2216,6500,837,7800
1999/2/24,512,947,169,132300,626,22000,220,77100,1232,11000,635,13200
1999/2/26,513,900,164,140500,311,46800,198,93600,730,23400,860,14000
1999/3/1,514,122,345,83600,577,27800,412,55700,904,13900,701,8300
1999/3/3,515,286,212,87600,1206,14600,413,51100,2250,7300,840,8700
1999/3/5,516,583,258,77800,1575,12900,396,45300,2831,6400,591,7700
1999/3/8,517,287,166,105700,1129,17600,312,61600,2174,8800,683,10500
1999/3/10,518,402,221,104100,891,17300,364,60700,1452,8600,471,10400
1999/3/12,519,658,202,113900,764,18900,252,66400,1512,9400,994,11300
1999/3/15,520,493,192,108700,863,18100,286,63400,1786,9000,734,10800
1999/3/17,521,535,189,120400,305,40100,207,80200,450,20000,1184,12000
1999/3/19,522,073,143,118700,785,19700,244,69200,1792,9800,682,11800
1999/3/22,523,532,199,83000,1255,13800,256,48400,2101,6900,535,8300
1999/3/24,524,036,214,98800,765,16400,356,57600,1476,8200,756,9800
1999/3/26,525,919,340,81600,426,27200,394,54400,690,13600,1007,8100
1999/3/29,526,357,560,51100,1844,8500,661,29800,2554,4200,893,5100
1999/3/31,527,593,322,61600,1559,10200,529,35900,2892,5100,670,6100
1999/4/2,528,743,220,106800,891,17800,251,62300,1660,8900,617,10600
1999/4/5,529,413,347,77700,1165,12900,463,45300,1793,6400,721,7700
1999/4/7,530,719,250,85200,1043,14200,364,49700,2102,7100,467,8500
1999/4/9,531,835,320,62200,1557,10300,491,36200,2749,5100,1162,6200
1999/4/12,532,277,184,120300,357,40100,262,80200,571,20000,697,12000
1999/4/14,533,200,156,160500,200,53500,158,107000,409,26700,532,16000
1999/4/16,534,432,174,108100,1056,18000,268,63000,1720,9000,736,10800
1999/4/19,535,205,249,100400,931,16700,338,58500,1531,8300,530,10000
1999/4/21,536,951,208,91600,982,15200,303,53400,2002,7600,910,9100
1999/4/23,537,998,729,52300,387,17400,615,34800,476,8700,1154,5200
1999/4/26,538,628,349,72200,1161,12000,504,42100,1924,6000,939,7200
1999/4/28,539,435,221,79900,1234,13300,339,46600,2116,6600,1169,7900
1999/4/30,540,154,187,111000,894,18500,244,64700,1747,9200,698,11100
1999/5/3,541,033,166,123100,363,41000,159,82000,573,20500,635,12300
1999/5/5,542,614,220,83300,850,13800,319,48500,1468,6900,586,8300
1999/5/7,543,362,312,75300,1235,12500,366,43900,2211,6200,820,7500
1999/5/10,544,269,314,82500,1099,13700,404,48100,1812,6800,681,8200
1999/5/12,545,838,197,107800,331,35900,256,71800,540,17900,1006,10700
1999/5/14,546,098,156,112700,708,18700,329,65700,1561,9300,722,11200
1999/5/17,547,806,184,120300,715,20000,307,70100,1260,10000,531,12000
1999/5/19,548,411,246,95000,374,31600,303,63300,672,15800,549,9500
1999/5/21,549,450,115,140300,632,23300,216,81800,1324,11600,624,14000
1999/5/24,550,666,745,90800,0,0,0,0,0,0,803,9000
1999/5/26,551,300,216,135000,207,45000,191,90000,412,22500,611,13500
1999/5/28,552,993,340,88100,345,29300,375,58700,516,14600,855,8800
1999/5/31,553,019,265,82700,1221,13700,387,48200,2319,6800,805,8200
1999/6/2,554,355,276,94800,455,31600,253,63200,677,15800,786,9400
1999/6/4,555,602,259,97300,926,16200,362,56700,1478,8100,641,9700
1999/6/7,556,331,371,77500,422,25800,399,51600,577,12900,846,7700
1999/6/9,557,443,236,111500,298,37100,254,74300,404,18500,563,11100
1999/6/11,558,666,959,73400,0,0,0,0,0,0,658,7300
1999/6/14,559,297,179,104100,896,17300,290,60700,1814,8600,667,10400
1999/6/16,560,057,166,108200,815,18000,216,63100,1813,9000,600,10800
1999/6/18,561,190,250,92000,964,15300,261,53600,2046,7600,536,9200
1999/6/21,562,382,218,85200,1185,14200,432,49700,2430,7100,775,8500
1999/6/23,563,080,135,164200,255,54700,154,109400,512,27300,412,16400
1999/6/25,564,732,454,58500,1103,9700,714,34100,1827,4800,1026,5800
1999/6/28,565,982,248,97500,1076,16200,300,56800,2299,8100,520,9700
1999/6/30,566,906,199,109100,776,18100,330,63600,1631,9000,526,10900
1999/7/2,567,433,491,66700,469,22200,581,44400,558,11100,1034,6600
1999/7/5,568,953,203,94100,1275,15600,283,54800,2825,7800,866,9400
1999/7/7,569,049,169,124800,748,20800,250,72800,1507,10400,675,12400
1999/7/9,570,587,278,101300,830,16800,338,59000,1496,8400,768,10100
1999/7/12,571,798,171,123800,860,20600,234,72200,1453,10300,1160,12300
1999/7/14,572,731,296,75600,1313,12600,419,44100,2191,6300,803,7500
1999/7/16,573,597,183,123700,832,20600,285,72100,1358,10300,534,12300
1999/7/19,574,910,328,71200,1398,11800,565,41500,2463,5900,679,7100
1999/7/21,575,939,245,90800,406,30200,308,60500,737,15100,788,9000
1999/7/23,576,487,180,126400,605,21000,276,73700,1199,10500,657,12600
1999/7/26,577,228,333,81700,416,27200,466,54400,535,13600,940,8100
1999/7/28,578,398,299,74300,907,12300,422,43300,2043,6100,1054,7400
1999/7/30,579,588,234,111200,230,37000,277,74100,443,18500,916,11100
1999/8/2,580,385,466,48300,1763,8000,801,28100,3021,4000,908,4800
1999/8/4,581,160,177,122400,725,20400,177,71400,1528,10200,404,12200
1999/8/6,582,315,498,50600,1700,8400,623,29500,2763,4200,662,5000
1999/8/9,583,850,240,85000,1003,14100,291,49500,2267,7000,560,8500
1999/8/11,584,085,157,114700,710,19100,207,66900,1532,9500,550,11400
1999/8/13,585,365,258,71300,1237,11800,376,41500,2560,5900,492,7100
1999/8/16,586,207,253,87400,798,14500,389,50900,1503,7200,493,8700
1999/8/18,587,569,156,111300,630,18500,256,64900,1603,9200,378,11100
1999/8/20,588,652,194,103800,834,17300,221,60500,1612,8600,801,10300
1999/8/23,589,485,226,95700,833,15900,343,55800,1615,7900,785,9500
1999/8/25,590,947,298,87300,769,14500,376,50900,1538,7200,600,8700
1999/8/27,591,046,159,119400,644,19900,233,69600,1237,9900,1284,11900
1999/8/30,592,036,246,93200,971,15500,345,54300,1727,7700,828,9300
1999/9/1,593,829,343,69000,980,11500,510,40200,1874,5700,793,6900
1999/9/3,594,130,239,99800,913,16600,299,58200,1704,8300,564,9900
1999/9/6,595,162,184,101700,1116,16900,263,59300,2230,8400,478,10100
1999/9/8,596,193,352,66000,1000,11000,461,38500,1916,5500,1078,6600
1999/9/10,597,429,256,81700,926,13600,443,47600,1780,6800,593,8100
1999/9/13,598,306,250,97600,954,16200,301,56900,1608,8100,371,9700
1999/9/15,599,554,140,120400,204,40100,262,80200,391,20000,540,12000
1999/9/17,600,752,307,68600,1389,11400,437,40000,2324,5700,540,6800
1999/9/20,601,421,249,82000,1182,13600,357,47800,2045,6800,683,8200
1999/9/22,602,979,162,132400,204,44100,134,88200,435,22000,866,13200
1999/9/24,603,699,160,132000,190,44000,160,88000,407,22000,831,13200
1999/9/27,604,939,200,105400,387,35100,249,70200,663,17500,697,10500
1999/9/29,605,030,214,112700,293,37500,227,75100,531,18700,503,11200
1999/10/1,606,638,212,82300,1040,13700,406,48000,1788,6800,838,8200
1999/10/4,607,405,280,94700,673,15700,340,55200,1045,7800,683,9400
1999/10/6,608,964,206,93800,764,15600,275,54700,1517,7800,700,9300
1999/10/8,609,178,200,98200,724,16300,288,57200,1569,8100,741,9800
1999/10/11,610,337,249,93200,284,31000,229,62100,431,15500,741,9300
1999/10/13,611,801,177,100100,766,16600,248,58300,1522,8300,352,10000
1999/10/15,612,730,233,91000,860,15100,307,53000,1554,7500,478,9100
1999/10/18,613,591,155,100200,913,16700,314,58400,1624,8300,697,10000
1999/10/20,614,369,439,52100,1016,8600,683,30300,1713,4300,531,5200
1999/10/22,615,142,131,102900,892,17100,240,60000,1646,8500,886,10200
1999/10/25,616,475,303,86500,663,14400,386,50400,1302,7200,667,8600
1999/10/27,617,092,147,107700,701,17900,202,62800,1593,8900,570,10700
1999/10/29,618,279,267,71400,1180,11900,421,41600,2438,5900,494,7100
1999/11/1,619,567,236,113300,582,18800,255,66000,840,9400,564,11300
1999/11/3,620,866,160,123500,228,41100,173,82300,397,20500,655,12300
1999/11/5,621,044,171,127900,221,42600,205,85200,416,21300,910,12700
1999/11/8,622,639,348,63000,1278,10500,460,36700,2369,5200,920,6300
1999/11/10,623,308,246,78100,836,13000,481,45500,1604,6500,488,7800
1999/11/12,624,675,115,152400,654,25400,138,88900,1112,12700,495,15200
1999/11/15,625,546,223,95600,856,15900,281,55700,1673,7900,774,9500
1999/11/17,626,588,149,143600,221,47800,190,95700,311,23900,604,14300
1999/11/19,627,472,200,87500,1117,14500,347,51000,2023,7200,643,8700
1999/11/22,628,201,230,96100,1058,16000,292,56000,1582,8000,413,9600
1999/11/24,629,118,328,67900,392,22600,442,45200,515,11300,710,6700
1999/11/26,630,223,335,70800,431,23600,439,47200,692,11800,1110,7000
1999/11/29,631,194,230,90100,896,15000,392,52500,1570,7500,674,9000
1999/12/1,632,182,208,81100,1084,13500,289,47300,2336,6700,705,8100
1999/12/3,633,446,174,138700,215,46200,216,92400,354,23100,535,13800
1999/12/6,634,382,236,88200,1059,14700,327,51400,2116,7300,487,8800
1999/12/8,635,669,252,89100,292,29700,388,59400,444,14800,588,8900
1999/12/10,636,403,227,102600,604,17100,347,59800,1198,8500,611,10200
1999/12/13,637,633,237,90600,453,30200,281,60400,932,15100,882,9000
1999/12/15,638,951,251,87200,939,14500,262,50800,2011,7200,803,8700
1999/12/17,639,783,205,101000,791,16800,318,58900,1625,8400,678,10100
1999/12/20,640,908,198,103000,862,17100,331,60000,1768,8500,499,10300
1999/12/22,641,636,208,108900,321,36300,238,72600,530,18100,764,10800
1999/12/24,642,433,240,104800,289,34900,286,69800,480,17400,661,10400
1999/12/27,643,364,326,76500,1222,12700,391,44600,2208,6300,607,7600
1999/12/29,644,949,252,96400,399,32100,305,64200,684,16000,600,9600
2000/1/5,645,584,202,112800,820,18800,290,65800,1636,9400,620,11200
2000/1/7,646,732,222,84700,1085,14100,332,49400,2250,7000,830,8400
2000/1/10,647,175,229,91500,958,15200,303,53300,1543,7600,604,9100
2000/1/12,648,044,117,163700,204,54500,157,109100,409,27200,564,16300
2000/1/14,649,282,242,101500,402,33800,233,67600,702,16900,949,10100
2000/1/17,650,969,369,74300,444,24700,491,49500,596,12300,1091,7400
2000/1/19,651,345,282,81300,978,13500,427,47400,1331,6700,675,8100
2000/1/21,652,258,440,51600,1517,8600,754,30100,2622,4300,786,5100
2000/1/24,653,037,227,99600,885,16600,295,58100,1636,8300,873,9900
2000/1/26,654,507,189,102800,775,17100,320,59900,1657,8500,517,10200
2000/1/28,655,798,249,86300,815,14300,369,50300,1623,7100,1299,8600
2000/1/31,656,028,162,111700,900,18600,269,65100,1771,9300,981,11100
2000/2/2,657,959,399,79100,363,26300,403,52700,616,13100,758,7900
2000/2/4,658,553,202,106700,458,35500,271,71100,795,17700,725,10600
2000/2/7,659,649,197,109800,931,18300,357,64000,1613,9100,539,10900
2000/2/9,660,875,213,100200,809,16700,262,58400,1721,8300,624,10000
2000/2/11,661,081,117,131100,697,21800,177,76400,1723,10900,576,13100
2000/2/14,662,646,334,83900,417,27900,447,55900,479,13900,799,8300
2000/2/16,663,070,123,156000,230,52000,148,104000,449,26000,771,15600
2000/2/18,664,195,291,88000,874,14600,371,51300,1652,7300,760,8800
2000/2/21,665,297,189,96600,1085,16100,370,56300,2249,8000,471,9600
2000/2/23,666,277,307,78600,461,26200,362,52400,745,13100,919,7800
2000/2/25,667,943,196,100800,762,16800,351,58800,1809,8400,595,10000
2000/2/28,668,157,244,102500,896,17000,320,59700,1480,8500,779,10200
2000/3/1,669,367,285,90300,747,15000,415,52600,1399,7500,532,9000
2000/3/3,670,811,254,106700,383,35500,283,71100,612,17700,714,10600
2000/3/6,671,682,241,91400,1157,15200,289,53300,1868,7600,1343,9100
2000/3/8,672,916,251,78100,1027,13000,394,45500,2227,6500,952,7800
2000/3/10,673,385,508,44800,1714,7400,974,26100,3123,3700,758,4400
2000/3/13,674,478,248,101500,721,16900,350,59200,1318,8400,722,10100
2000/3/15,675,944,200,105300,290,35100,269,70200,598,17500,855,10500
2000/3/17,676,830,153,104500,779,17400,324,60900,1609,8700,755,10400
2000/3/20,677,068,171,116000,549,19300,234,67600,1142,9600,696,11600
2000/3/22,678,628,246,87200,838,14500,392,50800,1382,7200,765,8700
2000/3/24,679,261,199,108900,812,18100,264,63500,1749,9000,385,10800
2000/3/27,680,277,330,83500,458,27800,400,55600,704,13900,637,8300
2000/3/29,681,503,292,78700,889,13100,415,45900,1588,6500,702,7800
2000/3/31,682,973,157,105200,915,17500,276,61300,2102,8700,565,10500
2000/4/3,683,632,300,72600,1241,12100,471,42300,2270,6000,807,7200
2000/4/5,684,715,245,81600,952,13600,401,47600,1599,6800,638,8100
2000/4/7,685,947,363,72700,854,12100,475,42400,1598,6000,921,7200
2000/4/10,686,790,145,136000,594,22600,196,79300,1422,11300,628,13600
2000/4/12,687,751,202,110700,747,18400,187,64500,1493,9200,494,11000
2000/4/14,688,232,197,123200,324,41000,186,82100,545,20500,740,12300
2000/4/17,689,042,252,88800,1054,14800,348,51800,1994,7400,674,8800
2000/4/19,690,274,297,70600,1164,11700,441,41100,2024,5800,694,7000
2000/4/21,691,132,200,102000,953,17000,220,59500,1803,8500,666,10200
2000/4/24,692,548,178,106400,870,17700,301,62000,1822,8800,729,10600
2000/4/26,693,094,150,124100,721,20600,190,72300,1676,10300,457,12400
2000/4/28,694,900,180,123700,282,41200,217,82400,592,20600,940,12300
2000/5/1,695,797,228,129200,225,43000,243,86100,480,21500,531,12900
2000/5/3,696,003,120,167200,186,55700,165,111400,310,27800,488,16700
2000/5/5,697,971,133,99600,931,16600,223,58100,1900,8300,508,9900
2000/5/8,698,907,310,68800,1410,11400,539,40100,2596,5700,513,6800
2000/5/10,699,278,288,72200,1059,12000,504,42100,2172,6000,496,7200
2000/5/12,700,232,227,103000,335,34300,265,68600,544,17100,1251,10300
2000/5/15,701,883,248,109200,323,36400,276,72800,558,18200,830,10900
2000/5/17,702,993,391,62000,556,20600,524,41300,992,10300,626,6200
2000/5/19,703,424,329,90600,378,30200,313,60400,381,15100,974,9000
2000/5/22,704,869,185,124900,560,20800,232,72800,1152,10400,1113,12400
2000/5/24,705,094,195,105100,762,17500,277,61300,1597,8700,428,10500
2000/5/26,706,948,250,97100,808,16100,339,56600,1619,8000,642,9700
2000/5/29,707,851,156,104400,1112,17400,290,60900,2130,8700,729,10400
2000/5/31,708,337,285,89200,374,29700,300,59400,503,14800,1068,8900
2000/6/2,709,762,215,82600,1142,13700,348,48100,2875,6800,834,8200
2000/6/5,710,114,338,84000,421,28000,417,56000,459,14000,757,8400
2000/6/7,711,755,122,146800,296,48900,137,97800,455,24400,749,14600
2000/6/9,712,428,294,72900,959,12100,492,42500,1629,6000,945,7200
2000/6/12,713,620,266,93500,847,15500,375,54500,1544,7700,525,9300
2000/6/14,714,943,190,95600,683,15900,289,55700,1616,7900,669,9500
2000/6/16,715,040,246,112600,285,37500,214,75000,586,18700,601,11200
2000/6/19,716,469,273,81600,800,13600,474,47600,1617,6800,840,8100
2000/6/21,717,743,214,99200,751,16500,305,57800,1499,8200,458,9900
2000/6/23,718,241,213,101600,892,16900,305,59200,1657,8400,452,10100
2000/6/26,719,234,306,86000,1002,14300,405,50100,1585,7100,643,8600
2000/6/28,720,217,251,79000,992,13100,389,46000,2145,6500,654,7900
2000/6/30,721,889,292,80800,453,26900,404,53800,750,13400,1090,8000
2000/7/3,722,214,296,88000,1048,14600,356,51300,1733,7300,560,8800
2000/7/5,723,739,262,83000,838,13800,410,48400,1705,6900,753,8300
2000/7/7,724,376,247,90200,861,15000,321,52600,1614,7500,1215,9000
2000/7/10,725,397,250,89500,1043,14900,353,52200,1859,7400,783,8900
2000/7/12,726,629,363,66100,1020,11000,496,38500,1975,5500,820,6600
2000/7/14,727,125,339,62500,1292,10400,575,36400,2364,5200,991,6200
2000/7/17,728,743,268,84400,992,14000,390,49200,1829,7000,707,8400
2000/7/19,729,189,195,90200,881,15000,344,52600,1952,7500,532,9000
2000/7/21,730,974,173,90200,890,15000,333,52600,2124,7500,599,9000
2000/7/24,731,808,196,99200,338,33000,349,66100,609,16500,629,9900
2000/7/26,732,715,238,76300,896,12700,474,44500,1632,6300,551,7600
2000/7/28,733,179,194,86100,1002,14300,344,50200,2209,7100,515,8600
2000/7/31,734,496,196,95100,826,15800,337,55400,1753,7900,637,9500
2000/8/2,735,610,211,112500,494,18700,276,65600,1084,9300,398,11200
2000/8/4,736,603,192,102300,779,17000,275,59600,1586,8500,574,10200
2000/8/7,737,821,207,89500,848,14900,325,52200,1906,7400,599,8900
2000/8/9,738,065,123,146100,444,24300,167,85200,1078,12100,409,14600
2000/8/11,739,918,226,77600,829,12900,438,45200,1875,6400,682,7700
2000/8/14,740,602,213,84400,799,14000,362,49200,1407,7000,404,8400
2000/8/16,741,054,91,135400,548,22500,163,78900,1262,11200,673,13500
2000/8/18,742,286,166,94500,880,15700,306,55100,1875,7800,595,9400
2000/8/21,743,854,160,98000,1012,16300,281,57100,2257,8100,329,9800
2000/8/23,744,946,317,72100,821,12000,417,42000,1775,6000,536,7200
2000/8/25,745,031,162,117500,678,19500,166,68500,1633,9700,869,11700
2000/8/28,746,134,172,104100,848,17300,307,60700,1698,8600,540,10400
2000/8/30,747,831,364,66900,923,11100,498,39000,1690,5500,444,6600
2000/9/1,748,617,280,88400,685,14700,372,51500,1421,7300,728,8800
2000/9/4,749,920,330,67800,1216,11300,527,39500,2237,5600,487,6700
2000/9/6,750,912,302,60400,1157,10000,547,35200,2447,5000,632,6000
2000/9/8,751,266,173,113700,291,37900,223,75800,540,18900,907,11300
2000/9/11,752,370,160,104700,759,17400,246,61000,1731,8700,572,10400
2000/9/13,753,208,205,96400,643,16000,329,56200,1412,8000,345,9600
2000/9/15,754,307,223,93000,644,15500,325,54200,1224,7700,362,9300
2000/9/18,755,982,182,82900,988,13800,371,48300,2273,6900,729,8200
2000/9/20,756,386,198,84600,955,14100,309,49300,1983,7000,371,8400
2000/9/22,757,375,298,64800,1202,10800,454,37800,2125,5400,631,6400
2000/9/25,758,088,149,149100,227,49700,163,99400,376,24800,584,14900
2000/9/27,759,548,161,99000,753,16500,320,57700,1492,8200,459,9900
2000/9/29,760,699,137,131500,268,43800,164,87600,518,21900,958,13100
2000/10/2,761,805,235,82100,929,13600,479,47800,1744,6800,507,8200
2000/10/4,762,804,163,105200,773,17500,239,61300,1629,8700,600,10500
2000/10/6,763,610,258,84000,1030,14000,327,49000,1777,7000,573,8400
2000/10/9,764,094,177,93600,812,15600,310,54600,1629,7800,427,9300
2000/10/11,765,117,353,69200,390,23000,455,46100,508,11500,552,6900
2000/10/13,766,835,222,67000,1422,11100,385,39000,2927,5500,928,6700
2000/10/16,767,618,379,61700,1049,10200,719,35900,1785,5100,693,6100
2000/10/18,768,192,212,77800,1065,12900,349,45300,2384,6400,466,7700
2000/10/20,769,220,219,92400,399,30800,306,61600,642,15400,588,9200
2000/10/23,770,325,351,59900,1333,9900,595,34900,2162,4900,630,5900
2000/10/25,771,522,326,74700,439,24900,321,49800,761,12400,664,7400
2000/10/27,772,574,166,110700,794,18400,211,64500,1712,9200,522,11000
2000/10/30,773,811,164,123700,331,41200,239,82400,553,20600,525,12300
2000/11/1,774,080,247,87800,316,29200,397,58500,440,14600,400,8700
2000/11/3,775,923,244,65600,1040,10900,484,38200,2191,5400,694,6500
2000/11/6,776,302,256,93700,942,15600,333,54600,1685,7800,513,9300
2000/11/8,777,237,349,58400,1186,9700,647,34000,2025,4800,623,5800
2000/11/10,778,226,296,84600,376,28200,385,56400,444,14100,743,8400
2000/11/13,779,167,197,109200,819,18200,282,63700,1582,9100,606,10900
2000/11/15,780,033,209,103100,361,34300,220,68700,620,17100,755,10300
2000/11/17,781,472,237,78000,1153,13000,392,45500,2095,6500,594,7800
2000/11/20,782,014,144,115200,853,19200,240,67200,1612,9600,706,11500
2000/11/22,783,924,300,67600,974,11200,560,39400,1828,5600,725,6700
2000/11/24,784,703,333,69400,1240,11500,456,40400,1925,5700,516,6900
2000/11/27,785,908,251,87700,916,14600,510,51100,1633,7300,499,8700
2000/11/29,786,160,127,130400,740,21700,185,76000,1541,10800,451,13000
2000/12/1,787,221,263,86400,523,28800,309,57600,801,14400,683,8600
2000/12/4,788,433,203,131900,324,43900,233,87900,444,21900,634,13100
2000/12/6,789,787,168,141300,252,47100,201,94200,380,23500,636,14100
2000/12/8,790,807,249,97200,802,16200,415,56700,1360,8100,558,9700
2000/12/11,791,552,267,101500,472,33800,295,67600,697,16900,878,10100
2000/12/13,792,220,249,96900,422,32300,327,64600,593,16100,646,9600
2000/12/15,793,685,213,118300,771,19700,269,69000,1430,9800,683,11800
2000/12/18,794,199,208,122000,416,40600,244,81300,758,20300,805,12200
2000/12/20,795,461,260,94400,1098,15700,331,55000,1791,7800,610,9400
2000/12/22,796,360,248,89400,1313,14900,364,52100,2354,7400,394,8900
2000/12/25,797,418,296,84100,1062,14000,471,49000,1702,7000,1057,8400
2000/12/27,798,477,216,113300,353,37700,253,75500,610,18800,770,11300
2000/12/29,799,953,244,88500,1288,14700,338,51600,2373,7300,671,8800
2001/1/5,800,817,242,98500,857,16400,410,57400,1658,8200,801,9800
2001/1/8,801,793,197,88300,1211,14700,291,51500,2245,7300,540,8800
2001/1/10,802,468,277,88200,922,14700,415,51400,1417,7300,561,8800
2001/1/12,803,405,267,97100,801,16100,355,56600,1532,8000,627,9700
2001/1/15,804,331,360,83000,495,27600,368,55300,615,13800,983,8300
2001/1/17,805,224,431,58900,577,19600,602,39200,696,9800,932,5800
2001/1/19,806,221,419,63500,718,21100,540,42300,826,10500,645,6300
2001/1/22,807,122,1036,40800,886,13600,766,27200,823,6800,838,4000
2001/1/24,808,296,153,111400,874,18500,341,64900,1641,9200,550,11100
2001/1/26,809,127,734,38600,1609,6400,1365,22500,2076,3200,980,3800
2001/1/29,810,929,321,87000,494,29000,416,58000,797,14500,961,8700
2001/1/31,811,559,175,126900,392,42300,297,84600,589,21100,514,12600
2001/2/2,812,614,309,89800,1047,14900,460,52300,1594,7400,825,8900
2001/2/5,813,096,309,108600,950,18100,369,63300,1797,9000,435,10800
2001/2/7,814,873,239,87900,1083,14600,413,51200,2342,7300,698,8700
2001/2/9,815,839,210,93200,1023,15500,452,54300,2278,7700,826,9300
2001/2/12,816,650,183,131700,752,21900,215,76800,1572,10900,529,13100
2001/2/14,817,922,286,91200,430,30400,365,60800,758,15200,630,9100
2001/2/16,818,427,478,55400,1767,9200,785,32300,2738,4600,1052,5500
2001/2/19,819,369,730,47200,1647,7800,1172,27500,2381,3900,773,4700
2001/2/21,820,033,284,94100,478,31300,267,62700,813,15600,921,9400
2001/2/23,821,292,237,97600,534,32500,321,65000,1072,16200,572,9700
2001/2/26,822,459,271,102300,844,17000,483,59600,1705,8500,551,10200
2001/2/28,823,535,259,103100,400,34300,297,68700,658,17100,898,10300
2001/3/2,824,102,280,95700,1002,15900,430,55800,1624,7900,616,9500
2001/3/5,825,339,521,66000,659,22000,625,44000,774,11000,884,6600
2001/3/7,826,823,401,58500,1427,9700,677,34100,2589,4800,1312,5800
2001/3/9,827,802,240,92200,1061,15300,421,53700,1958,7600,503,9200
2001/3/12,828,939,565,55400,778,18400,722,36900,1002,9200,1204,5500
2001/3/14,829,442,267,92000,505,30600,317,61300,860,15300,745,9200
2001/3/16,830,247,298,74900,1438,12400,475,43600,2505,6200,718,7400
2001/3/19,831,764,253,116600,886,19400,272,68000,1688,9700,572,11600
2001/3/21,832,626,338,82900,456,27600,411,55200,565,13800,819,8200
2001/3/23,833,826,345,73600,1426,12200,521,42900,2258,6100,698,7300
2001/3/26,834,594,246,117100,851,19500,308,68300,1603,9700,539,11700
2001/3/28,835,309,369,67400,1124,11200,634,39300,2054,5600,863,6700
2001/3/30,836,926,326,69300,1357,11500,577,40400,2156,5700,801,6900
2001/4/2,837,539,344,76400,1207,12700,501,44500,1980,6300,1225,7600
2001/4/4,838,524,282,72300,1141,12000,572,42100,1865,6000,1008,7200
2001/4/6,839,679,196,126300,683,21000,276,73600,1474,10500,511,12600
2001/4/9,840,059,209,112500,1011,18700,267,65600,1954,9300,794,11200
2001/4/11,841,306,275,84600,1026,14100,487,49300,1739,7000,513,8400
2001/4/13,842,219,334,70200,1281,11700,542,40900,2523,5800,884,7000
2001/4/16,843,768,166,161000,616,26800,225,93900,1018,13400,557,16100
2001/4/18,844,170,151,132300,824,22000,198,77100,1766,11000,448,13200
2001/4/20,845,274,323,68200,1788,11300,518,39700,3036,5600,430,6800
2001/4/23,846,531,545,55900,2031,9300,675,32600,2951,4600,935,5500
2001/4/25,847,473,248,86700,1169,14400,374,50500,2418,7200,521,8600
2001/4/27,848,098,181,105400,1028,17500,352,61400,2117,8700,771,10500
2001/4/30,849,539,439,59800,1483,9900,509,34800,2214,4900,1493,5900
2001/5/2,850,646,172,146700,273,48900,220,97800,427,24400,778,14600
2001/5/4,851,717,235,102700,314,34200,292,68400,594,17100,597,10200
2001/5/7,852,057,263,90100,1375,15000,340,52500,2458,7500,876,9000
2001/5/9,853,363,284,96300,392,32100,320,64200,564,16000,803,9600
2001/5/11,854,112,421,68700,658,22900,459,45800,1021,11400,679,6800
2001/5/14,855,939,451,67400,484,22400,557,44900,697,11200,1814,6700
2001/5/16,856,099,354,89800,350,29900,323,59800,662,14900,609,8900
2001/5/18,857,921,326,63300,1441,10500,677,36900,2644,5200,762,6300
2001/5/21,858,510,419,82600,912,13700,453,48100,1467,6800,531,8200
2001/5/23,859,400,130,170300,160,56700,160,113500,350,28300,712,17000
2001/5/25,860,963,231,84800,1284,14100,352,49400,2803,7000,537,8400
2001/5/28,861,931,207,92300,1299,15300,318,53800,2600,7600,898,9200
2001/5/30,862,883,255,94100,419,31300,331,62700,791,15600,671,9400
2001/6/1,863,585,211,107300,423,35700,348,71500,609,17800,726,10700
2001/6/4,864,426,391,65800,1650,10900,521,38300,2395,5400,1198,6500
2001/6/6,865,329,353,60600,1156,10100,623,35300,2464,5000,1011,6000
2001/6/8,866,571,253,85400,1160,14200,365,49800,2270,7100,550,8500
2001/6/11,867,432,284,85800,1070,14300,384,50000,1868,7100,1020,8500
2001/6/13,868,634,330,79000,971,13100,395,46000,1547,6500,576,7900
2001/6/15,869,245,251,90700,1008,15100,371,52900,1776,7500,756,9000
2001/6/18,870,772,221,99100,611,33000,296,66000,1177,16500,613,9900
2001/6/20,871,639,464,44700,1754,7400,718,26000,3059,3700,2948,4400
2001/6/22,872,755,163,143900,303,47900,192,95900,506,23900,805,14300
2001/6/25,873,367,333,78200,1340,13000,492,45600,2231,6500,799,7800
2001/6/27,874,454,201,125800,380,41900,231,83800,569,20900,483,12500
2001/6/29,875,778,199,145900,276,48600,231,97200,425,24300,589,14500
2001/7/2,876,845,299,88800,1174,14800,492,51800,1966,7400,682,8800
2001/7/4,877,589,309,94100,645,15600,387,54800,1307,7800,939,9400
2001/7/6,878,318,318,82400,952,13700,481,48000,1852,6800,792,8200
2001/7/9,879,908,204,113800,831,18900,403,66300,1711,9400,542,11300
2001/7/11,880,678,223,106000,797,17600,384,61800,1305,8800,566,10600
2001/7/13,881,494,154,133800,362,44600,242,89200,567,22300,626,13300
2001/7/16,882,703,264,87500,1015,14500,524,51000,1853,7200,601,8700
2001/7/18,883,745,200,99300,861,16500,352,57900,1701,8200,651,9900
2001/7/20,884,388,197,104200,366,34700,261,69400,616,17300,828,10400
2001/7/23,885,307,262,92600,874,15400,461,54000,1509,7700,471,9200
2001/7/25,886,302,201,110700,638,18400,305,64500,1436,9200,460,11000
2001/7/27,887,672,160,94300,1244,15700,294,55000,2756,7800,599,9400
2001/7/30,888,691,172,114100,910,19000,278,66500,2000,9500,618,11400
2001/8/1,889,139,309,64300,955,10700,423,37500,1942,5300,2810,6400
2001/8/3,890,332,308,79000,555,26300,392,52600,756,13100,935,7900
2001/8/6,891,254,259,87500,1073,14500,378,51000,2149,7200,640,8700
2001/8/8,892,353,271,95800,388,31900,281,63800,661,15900,484,9500
2001/8/10,893,184,143,109800,782,18300,322,64000,1831,9100,601,10900
2001/8/13,894,592,204,85200,1129,14200,362,49700,2488,7100,491,8500
2001/8/15,895,614,216,89500,817,14900,358,52200,1508,7400,667,8900
2001/8/17,896,108,285,83700,784,13900,509,48800,1563,6900,540,8300
2001/8/20,897,055,210,133100,302,44300,198,88700,497,22100,651,13300
2001/8/22,898,980,143,113400,618,18900,264,66100,1566,9400,443,11300
2001/8/24,899,350,182,112100,893,18600,274,65300,1861,9300,441,11200
2001/8/27,900,088,367,76500,587,25500,501,51000,751,12700,727,7600
2001/8/29,901,694,196,104300,824,17300,326,60800,1832,8600,528,10400
2001/8/31,902,377,284,88500,496,29500,340,59000,825,14700,832,8800
2001/9/3,903,648,266,99100,918,16500,370,57800,1673,8200,651,9900
2001/9/5,904,005,139,141400,296,47100,233,94200,508,23500,629,14100
2001/9/7,905,812,275,77900,988,12900,472,45400,2235,6400,799,7700
2001/9/10,906,202,276,85000,551,28300,382,56600,796,14100,616,8500
2001/9/12,907,865,330,72900,750,12100,563,42500,1514,6000,461,7200
2001/9/14,908,042,258,96900,829,16100,286,56500,1567,8000,573,9600
2001/9/17,909,116,327,81100,375,27000,517,54000,504,13500,848,8100
2001/9/19,910,947,344,70400,845,11700,500,41000,1859,5800,528,7000
2001/9/21,911,972,136,102800,985,17100,245,59900,2198,8500,627,10200
2001/9/24,912,891,149,99700,865,16600,313,58100,1870,8300,540,9900
2001/9/26,913,524,273,75100,1112,12500,436,43800,2062,6200,881,7500
2001/9/28,914,737,198,104900,395,34900,303,69900,618,17400,875,10400
2001/10/1,915,356,392,67700,1160,11200,504,39400,2003,5600,1106,6700
2001/10/3,916,276,172,107100,895,17800,275,62400,1864,8900,445,10700
2001/10/5,917,502,270,86500,889,14400,423,50400,1706,7200,678,8600
2001/10/8,918,997,225,99500,340,33100,386,66300,401,16500,479,9900
2001/10/10,919,223,359,61800,590,20600,430,41200,1046,10300,789,6100
2001/10/12,920,498,135,131700,629,21900,270,76800,1294,10900,552,13100
2001/10/15,921,315,528,51500,1726,8500,750,30000,2424,4200,1002,5100
2001/10/17,922,893,305,63000,923,10500,705,36700,1849,5200,537,6300
2001/10/19,923,232,287,84000,418,28000,336,56000,721,14000,1001,8400
2001/10/22,924,511,237,100600,440,33500,290,67000,689,16700,706,10000
2001/10/24,925,971,130,133700,731,22200,183,77900,1613,11100,375,13300
2001/10/26,926,373,362,77000,580,25600,432,51300,833,12800,484,7700
2001/10/29,927,468,449,68900,1225,11400,554,40100,1924,5700,703,6800
2001/10/31,928,848,160,140300,286,46700,238,93500,452,23300,502,14000
2001/11/2,929,032,211,103600,930,17200,227,60400,1850,8600,929,10300
2001/11/5,930,905,250,100200,780,16700,441,58400,1310,8300,690,10000
2001/11/7,931,330,420,60100,792,20000,467,40000,1148,10000,677,6000
2001/11/9,932,471,257,81200,1309,13500,364,47300,2473,6700,429,8100
2001/11/12,933,337,475,61800,729,20600,592,41200,778,10300,774,6100
2001/11/14,934,361,315,78300,1084,13000,403,45600,1916,6500,414,7800
2001/11/16,935,304,209,117800,688,19600,297,68700,1317,9800,439,11700
2001/11/19,936,666,1424,53500,0,0,0,0,0,0,792,5300
2001/11/21,937,865,128,140300,682,23300,189,81800,1347,11600,433,14000
2001/11/23,938,603,258,81300,1015,13500,402,47400,1996,6700,506,8100
2001/11/26,939,308,530,60100,1010,10000,814,35000,1695,5000,593,6000
2001/11/28,940,188,232,102700,370,34200,279,68400,655,17100,744,10200
2001/11/30,941,059,138,138100,579,23000,230,80500,1249,11500,823,13800
2001/12/3,942,614,277,80400,1125,13400,537,46900,2133,6700,807,8000
2001/12/5,943,881,233,122200,297,40700,218,81400,494,20300,649,12200
2001/12/7,944,937,270,90500,908,15000,367,52700,1804,7500,855,9000
2001/12/10,945,019,262,85600,1234,14200,392,49900,2532,7100,902,8500
2001/12/12,946,361,279,78500,1238,13000,453,45700,2218,6500,428,7800
2001/12/14,947,220,535,51500,726,17100,841,34300,904,8500,771,5100
2001/12/17,948,478,248,103700,736,17200,455,60400,1404,8600,708,10300
2001/12/19,949,788,177,144300,301,48100,187,96200,464,24000,575,14400
2001/12/21,950,707,269,96600,429,32200,371,64400,582,16100,601,9600
2001/12/24,951,147,357,66100,1311,11000,589,38500,2059,5500,607,6600
2001/12/26,952,549,168,102700,853,17100,360,59900,1910,8500,765,10200
2001/12/28,953,875,230,110800,885,18400,349,64600,1727,9200,703,11000
2002/1/4,954,103,429,68300,1126,11300,566,39800,1845,5600,649,6800
2002/1/7,955,845,183,100500,985,16700,412,58600,1857,8300,828,10000
2002/1/9,956,981,187,104700,1013,17400,288,61000,2008,8700,374,10400
2002/1/11,957,533,197,110200,474,36700,233,73400,869,18300,986,11000
2002/1/14,958,454,291,94700,512,31500,248,63100,849,15700,871,9400
2002/1/16,959,911,336,90900,437,30300,325,60600,689,15100,607,9000
2002/1/18,960,060,224,119100,368,39700,306,79400,570,19800,553,11900
2002/1/21,961,345,403,73800,1175,12300,576,43000,1670,6100,807,7300
2002/1/23,962,559,228,112900,360,37600,322,75200,467,18800,632,11200
2002/1/25,963,805,267,95000,909,15800,489,55400,1511,7900,701,9500
2002/1/28,964,230,289,92700,1242,15400,359,54000,2490,7700,840,9200
2002/1/30,965,131,491,54200,848,18000,647,36100,1375,9000,920,5400
2002/2/1,966,832,207,85800,1248,14300,363,50000,2619,7100,1456,8500
2002/2/4,967,715,302,83400,1315,13900,544,48600,2166,6900,838,8300
2002/2/6,968,181,212,107300,478,35700,280,71500,923,17800,590,10700
2002/2/8,969,950,165,121700,955,20200,288,70900,1940,10100,681,12100
2002/2/11,970,749,158,107600,1006,17900,351,62700,2158,8900,604,10700
2002/2/13,971,147,359,64600,1437,10700,617,37600,2523,5300,737,6400
2002/2/15,972,337,662,43800,1059,14600,1030,29200,1092,7300,1063,4300
2002/2/18,973,557,355,105400,448,35100,317,70200,564,17500,751,10500
2002/2/20,974,795,161,129600,781,21600,221,75600,1527,10800,805,12900
2002/2/22,975,432,258,92800,1030,15400,362,54100,2059,7700,1279,9200
2002/2/25,976,000,740,112400,0,0,0,0,0,0,975,11200
2002/2/27,977,192,190,97200,1230,16200,302,56700,2654,8100,509,9700
2002/3/1,978,158,256,95600,1065,15900,374,55700,2107,7900,798,9500
2002/3/4,979,011,351,82500,692,27500,411,55000,1071,13700,832,8200
2002/3/6,980,420,257,100400,973,16700,311,58500,1680,8300,641,10000
2002/3/8,981,250,211,112200,1076,18700,273,65400,1847,9300,520,11200
2002/3/11,982,071,143,145600,963,24200,185,84900,1891,12100,600,14500
2002/3/13,983,727,347,71400,610,23800,534,47600,873,11900,1025,7100
2002/3/15,984,824,261,90100,1039,15000,416,52500,1867,7500,884,9000
2002/3/18,985,622,305,85100,583,28300,365,56700,1138,14100,1062,8500
2002/3/20,986,505,352,87000,386,29000,391,58000,517,14500,721,8700
2002/3/22,987,683,157,103600,995,17200,303,60400,2125,8600,617,10300
2002/3/25,988,241,245,91900,1307,15300,325,53600,2452,7600,722,9100
2002/3/27,989,979,207,104700,401,34900,347,69800,500,17400,585,10400
2002/3/29,990,543,211,109200,879,18200,291,63700,1604,9100,752,10900
2002/4/1,991,505,310,107200,428,35700,308,71400,581,17800,724,10700
2002/4/3,992,124,344,72600,1135,12100,536,42300,1895,6000,831,7200
2002/4/5,993,393,380,67400,721,22400,471,44900,1256,11200,675,6700
2002/4/8,994,658,187,113000,956,18800,320,65900,1742,9400,965,11300
2002/4/10,995,312,305,76200,1312,12700,416,44400,2166,6300,881,7600
2002/4/12,996,931,256,79500,1245,13200,381,46300,2399,6600,1217,7900
2002/4/15,997,168,282,95500,914,15900,459,55700,1718,7900,823,9500
2002/4/17,998,851,156,117800,943,19600,214,68700,1968,9800,642,11700
2002/4/19,999,189,263,79500,1209,13200,543,46300,2568,6600,828,7900
2002/4/22,1000,165,193,107800,1110,17900,396,62800,2127,8900,573,10700
2002/4/24,1001,828,437,68400,477,22800,545,45600,715,11400,995,6800
2002/4/26,1002,324,442,64700,1415,10700,577,37700,2266,5300,1043,6400
2002/4/29,1003,241,266,80100,1467,13300,385,46700,2430,6600,561,8000
2002/5/1,1004,629,260,92100,990,15300,439,53700,1756,7600,753,9200
2002/5/3,1005,215,332,58100,1761,9600,606,33800,3180,4800,769,5800
2002/5/6,1006,233,235,86400,623,28800,308,57600,1095,14400,948,8600
2002/5/8,1007,297,175,106100,940,17600,320,61800,1924,8800,449,10600
2002/5/10,1008,381,253,82700,1311,13700,381,48200,2714,6800,567,8200
2002/5/13,1009,699,117,183800,266,61200,183,122500,442,30600,795,18300
2002/5/15,1010,695,104,132400,740,22000,219,77200,1785,11000,799,13200
2002/5/17,1011,813,345,69900,1292,11600,469,40700,2403,5800,1179,6900
2002/5/20,1012,690,143,141800,767,23600,269,82700,1553,11800,523,14100
2002/5/22,1013,199,176,117300,429,39100,246,78200,859,19500,480,11700
2002/5/24,1014,758,205,121100,706,20100,311,70600,1341,10000,714,12100
2002/5/27,1015,922,221,107000,467,35600,363,71300,679,17800,763,10700
2002/5/29,1016,810,242,96200,863,16000,425,56100,1534,8000,587,9600
2002/5/31,1017,463,274,89400,957,14900,414,52100,1986,7400,645,8900
2002/6/3,1018,749,163,110000,889,18300,367,64100,1846,9100,685,11000
2002/6/5,1019,546,348,77400,827,12900,390,45100,1600,6400,1124,7700
2002/6/7,1020,140,131,134100,785,22300,221,78200,1634,11100,465,13400
2002/6/10,1021,642,213,94000,1350,15600,259,54800,2350,7800,628,9400
2002/6/12,1022,463,205,100000,845,16600,321,58300,1635,8300,505,10000
2002/6/14,1023,224,319,78000,518,26000,469,52000,623,13000,1089,7800
2002/6/17,1024,423,381,54200,2059,9000,711,31600,3697,4500,1135,5400
2002/6/19,1025,793,145,113100,952,18800,278,65900,1798,9400,502,11300
2002/6/21,1026,554,204,124300,335,41400,252,82800,533,20700,613,12400
2002/6/24,1027,794,273,87700,1180,14600,423,51100,2156,7300,579,8700
2002/6/26,1028,441,252,98600,429,32800,350,65700,733,16400,550,9800
2002/6/28,1029,825,360,71200,1378,11800,525,41500,2485,5900,886,7100
2002/7/1,1030,260,195,118600,993,19700,295,69100,1888,9800,442,11800
2002/7/3,1031,216,328,69300,1231,11500,544,40400,2339,5700,805,6900
2002/7/5,1032,404,211,125500,359,41800,268,83600,521,20900,502,12500
2002/7/8,1033,466,237,107200,413,35700,311,71400,698,17800,918,10700
2002/7/10,1034,249,182,92500,895,15400,397,53900,2029,7700,585,9200
2002/7/12,1035,067,117,168300,510,28000,203,98100,1234,14000,537,16800
2002/7/15,1036,524,356,64000,1394,10600,658,37300,2348,5300,1360,6400
2002/7/17,1037,925,333,76500,950,12700,459,44600,1698,6300,766,7600
2002/7/19,1038,143,232,91000,961,15100,344,53000,1986,7500,770,9100
2002/7/22,1039,258,448,58900,1403,9800,652,34300,1970,4900,809,5800
2002/7/24,1040,108,265,79200,692,13200,564,46200,1184,6600,498,7900
2002/7/26,1041,526,313,66200,1031,11000,562,38600,2059,5500,962,6600
2002/7/29,1042,647,220,97000,872,16100,321,56500,1840,8000,647,9700
2002/7/31,1043,844,158,100800,382,33600,239,67200,649,16800,1256,10000
2002/8/2,1044,883,227,96800,363,32200,336,64500,500,16100,647,9600
2002/8/5,1045,267,226,89600,1028,14900,380,52200,1924,7400,497,8900
2002/8/7,1046,676,114,135600,265,45200,226,90400,523,22600,488,13500
2002/8/9,1047,165,179,112300,691,18700,272,65500,1505,9300,479,11200
2002/8/12,1048,602,181,98800,807,16400,379,57600,1555,8200,576,9800
2002/8/14,1049,006,147,131400,234,43800,224,87600,370,21900,428,13100
2002/8/16,1050,290,110,125000,701,20800,244,72900,1543,10400,523,12500
2002/8/19,1051,538,395,58000,1357,9600,535,33800,2642,4800,1184,5800
2002/8/21,1052,642,214,71600,1462,11900,333,41700,2752,5900,543,7100
2002/8/23,1053,670,126,146500,561,24400,222,85400,1289,12200,447,14600
2002/8/26,1054,911,236,96600,484,32200,362,64400,698,16100,897,9600
2002/8/28,1055,552,157,110300,448,36700,235,73500,716,18300,589,11000
2002/8/30,1056,646,201,107400,319,35800,332,71600,557,17900,772,10700
2002/9/2,1057,137,273,74700,1349,12400,511,43500,2473,6200,949,7400
2002/9/4,1058,347,263,83100,978,13800,403,48400,1789,6900,619,8300
2002/9/6,1059,879,145,131000,650,21800,233,76400,1315,10900,606,13100
2002/9/9,1060,966,186,123200,396,41000,239,82100,655,20500,631,12300
2002/9/11,1061,995,188,110900,366,36900,331,73900,438,18400,516,11000
2002/9/13,1062,165,183,105100,826,17500,349,61300,1713,8700,553,10500
2002/9/16,1063,966,144,136100,330,45300,164,90700,610,22600,556,13600
2002/9/18,1064,228,310,80500,407,26800,417,53600,580,13400,843,8000
2002/9/20,1065,385,338,62200,1319,10300,689,36200,2207,5100,569,6200
2002/9/23,1066,571,172,101300,966,16800,278,59000,1833,8400,511,10100
2002/9/25,1067,259,245,66900,1594,11100,459,39000,2905,5500,595,6600
2002/9/27,1068,330,290,77200,552,25700,433,51400,764,12800,648,7700
2002/9/30,1069,670,143,148800,594,24800,258,86800,1115,12400,365,14800
2002/10/2,1070,853,175,84700,1212,14100,338,49400,2294,7000,617,8400
2002/10/4,1071,910,257,84600,930,14100,444,49300,1913,7000,523,8400
2002/10/7,1072,382,201,89000,1164,14800,375,51900,2102,7400,790,8900
2002/10/9,1073,461,230,83400,1064,13900,371,48600,2012,6900,493,8300
2002/10/11,1074,866,187,120400,339,40100,210,80200,560,20000,796,12000
2002/10/14,1075,567,197,97100,794,16100,375,56600,1337,8000,664,9700
2002/10/16,1076,954,143,112600,711,18700,282,65600,1548,9300,725,11200
2002/10/18,1077,294,204,92400,880,15400,413,53900,1864,7700,613,9200
2002/10/21,1078,408,193,119700,586,19900,331,69800,1179,9900,559,11900
2002/10/23,1079,438,138,113800,770,18900,275,66300,1618,9400,640,11300
2002/10/25,1080,410,191,109000,738,18100,369,63500,1383,9000,537,10900
2002/10/28,1081,465,217,99300,1048,16500,304,57900,1973,8200,730,9900
2002/10/30,1082,486,222,80200,1285,13300,407,46700,2167,6600,662,8000
2002/11/1,1083,334,220,105900,362,35300,346,70600,538,17600,618,10500
2002/11/4,1084,721,313,75000,999,12500,446,43700,2002,6200,679,7500
2002/11/6,1085,175,221,85600,1090,14200,354,49900,2030,7100,730,8500
2002/11/8,1086,750,212,104100,724,17300,340,60700,1618,8600,650,10400
2002/11/11,1087,299,147,111600,473,37200,296,74400,818,18600,917,11100
2002/11/13,1088,305,289,85700,736,14200,412,49900,1464,7100,706,8500
2002/11/15,1089,670,295,91900,603,15300,445,53600,1226,7600,484,9100
2002/11/18,1090,549,187,105800,860,17600,341,61700,1660,8800,740,10500
2002/11/20,1091,621,242,88700,945,14700,329,51700,1759,7300,536,8800
2002/11/22,1092,779,238,108700,315,36200,281,72400,473,18100,480,10800
2002/11/25,1093,782,117,118800,881,19800,233,69300,1889,9900,672,11800
2002/11/27,1094,798,220,85800,967,14300,372,50000,1871,7100,641,8500
2002/11/29,1095,289,230,80500,1080,13400,441,46900,2578,6700,546,8000
2002/12/2,1096,601,160,109900,844,18300,342,64100,1664,9100,958,10900
2002/12/4,1097,188,192,97800,401,32600,293,65200,668,16300,832,9700
2002/12/6,1098,053,279,88800,880,14800,349,51800,1694,7400,735,8800
2002/12/9,1099,180,156,108200,955,18000,264,63100,1892,9000,373,10800
2002/12/11,1100,390,151,109900,719,18300,297,64100,1802,9100,465,10900
2002/12/13,1101,232,274,76200,504,25400,419,50800,951,12700,1291,7600
2002/12/16,1102,015,198,99900,984,16600,335,58200,1886,8300,1106,9900
2002/12/18,1103,270,189,102000,910,17000,320,59500,1929,8500,528,10200
2002/12/20,1104,386,197,94900,1012,15800,437,55300,1906,7900,499,9400
2002/12/23,1105,748,149,118600,691,19700,290,69100,1498,9800,734,11800
2002/12/25,1106,821,293,63600,1538,10600,509,37100,3306,5300,759,6300
2002/12/27,1107,519,299,79700,978,13200,527,46400,1979,6600,823,7900
2002/12/30,1108,407,242,93300,810,15500,511,54400,1452,7700,743,9300
2003/1/6,1109,739,232,89100,1021,14800,412,51900,1913,7400,1179,8900
2003/1/8,1110,904,194,110100,665,18300,345,64200,1411,9100,505,11000
2003/1/10,1111,850,157,119000,803,19800,282,69400,1637,9900,717,11900
2003/1/13,1112,417,415,57400,1672,9500,689,33400,2568,4700,826,5700
2003/1/15,1113,735,333,64000,1509,10600,475,37300,2659,5300,805,6400
2003/1/17,1114,685,138,125200,869,20800,226,73000,1918,10400,522,12500
2003/1/20,1115,703,310,73500,1199,12200,666,42800,2188,6100,667,7300
2003/1/22,1116,409,223,103800,686,17300,359,60500,1338,8600,613,10300
2003/1/24,1117,718,286,86600,804,14400,413,50500,1659,7200,966,8600
2003/1/27,1118,816,304,85500,1039,14200,451,49800,1927,7100,654,8500
2003/1/29,1119,264,297,70500,1408,11700,402,41100,2422,5800,800,7000
2003/1/31,1120,789,247,101800,674,16900,422,59300,1268,8400,568,10100
2003/2/3,1121,996,207,112700,393,37500,340,75100,692,18700,719,11200
2003/2/5,1122,702,228,96400,894,16000,338,56200,1809,8000,726,9600
2003/2/7,1123,687,164,107000,957,17800,318,62400,1943,8900,733,10700
2003/2/10,1124,818,354,81200,481,27000,557,54100,614,13500,868,8100
2003/2/12,1125,820,230,88600,918,14700,421,51600,1857,7300,718,8800
2003/2/14,1126,361,360,68800,1358,11400,567,40100,2715,5700,617,6800
2003/2/17,1127,554,215,124500,377,41500,301,83000,504,20700,738,12400
2003/2/19,1128,956,142,110200,817,18300,319,64200,1827,9100,785,11000
2003/2/21,1129,264,301,72000,1573,12000,489,42000,2552,6000,565,7200
2003/2/24,1130,036,335,76200,1064,12700,447,44400,2119,6300,1505,7600
2003/2/26,1131,210,450,65800,1009,10900,597,38300,1819,5400,735,6500
2003/2/28,1132,418,373,72500,1004,12000,558,42200,2113,6000,751,7200
2003/3/3,1133,036,271,89500,1065,14900,428,52200,1949,7400,770,8900
2003/3/5,1134,251,291,71700,1243,11900,467,41800,2689,5900,696,7100
2003/3/7,1135,887,134,162300,272,54100,183,108200,410,27000,574,16200
2003/3/10,1136,410,317,87700,961,14600,448,51100,1746,7300,729,8700
2003/3/12,1137,233,303,82100,496,27300,346,54700,779,13600,924,8200
2003/3/14,1138,250,184,107100,893,17800,351,62400,1771,8900,557,10700
2003/3/17,1139,072,257,86700,1025,14400,411,50500,1980,7200,1423,8600
2003/3/19,1140,757,198,110800,379,36900,263,73800,678,18400,610,11000
2003/3/21,1141,917,208,89300,851,14800,390,52000,1698,7400,614,8900
2003/3/24,1142,540,140,116400,987,19400,264,67900,2157,9700,550,11600
2003/3/26,1143,129,353,67000,1031,11100,575,39000,2141,5500,836,6700
2003/3/28,1144,999,957,74200,0,0,0,0,0,0,753,7400
2003/3/31,1145,126,406,63600,1289,10600,644,37100,2323,5300,787,6300
2003/4/2,1146,442,156,105300,398,35100,284,70200,648,17500,754,10500
2003/4/4,1147,428,322,69000,1139,11500,587,40200,1884,5700,697,6900
2003/4/7,1148,016,184,107000,906,17800,313,62400,1852,8900,726,10700
2003/4/9,1149,511,246,91200,386,30400,317,60800,746,15200,617,9100
2003/4/11,1150,831,255,76200,1206,12700,454,44400,2198,6300,923,7600
2003/4/14,1151,714,416,54200,1659,9000,626,31600,2802,4500,1736,5400
2003/4/16,1152,177,164,116200,361,38700,245,77400,652,19300,704,11600
2003/4/18,1153,687,171,108500,854,18000,278,63200,1821,9000,628,10800
2003/4/21,1154,142,185,72200,1968,12000,327,42100,3791,6000,590,7200
2003/4/23,1155,309,262,71000,1057,11800,522,41400,2336,5900,631,7100
2003/4/25,1156,198,194,83400,1121,13900,399,48600,2577,6900,590,8300
2003/4/28,1157,041,220,101700,1061,16900,301,59300,2021,8400,497,10100
2003/4/30,1158,971,126,120000,793,20000,226,70000,1881,10000,438,12000
2003/5/2,1159,806,192,108800,812,18100,378,63400,1614,9000,486,10800
2003/5/5,1160,831,270,70900,1185,11800,522,41300,1991,5900,552,7000
2003/5/7,1161,577,158,141100,248,47000,212,94000,419,23500,475,14100
2003/5/9,1162,366,183,112000,404,37300,258,74600,651,18600,784,11200
2003/5/12,1163,990,240,121200,350,40400,279,80800,488,20200,520,12100
2003/5/14,1164,835,212,72200,1343,12000,461,42100,2566,6000,843,7200
2003/5/16,1165,644,197,118800,316,39600,253,79200,552,19800,712,11800
2003/5/19,1166,254,281,78100,1225,13000,423,45500,2309,6500,791,7800
2003/5/21,1167,183,205,80300,1165,13300,365,46800,2413,6600,687,8000
2003/5/23,1168,280,153,118300,821,19700,268,69000,1748,9800,433,11800
2003/5/26,1169,400,243,120500,272,40100,241,80300,394,20000,1099,12000
2003/5/28,1170,617,252,82600,791,13700,459,48100,1689,6800,795,8200
2003/5/30,1171,581,156,92600,1195,15400,342,54000,2292,7700,485,9200
2003/6/2,1172,020,165,156800,296,52200,153,104500,436,26100,604,15600
2003/6/4,1173,271,192,88900,1078,14800,301,51800,2316,7400,445,8800
2003/6/6,1174,170,144,108600,911,18100,302,63300,1898,9000,531,10800
2003/6/9,1175,493,153,110100,843,18300,307,64200,1845,9100,624,11000
2003/6/11,1176,608,191,102900,599,17100,381,60000,1145,8500,636,10200
2003/6/13,1177,441,199,100300,451,33400,313,66800,680,16700,593,10000
2003/6/16,1178,996,168,123700,370,41200,297,82400,502,20600,408,12300
2003/6/18,1179,889,257,85600,324,28500,426,57000,468,14200,585,8500
2003/6/20,1180,044,176,116200,354,38700,245,77400,560,19300,713,11600
2003/6/23,1181,346,205,101600,889,16900,304,59200,1695,8400,682,10100
2003/6/25,1182,903,201,101500,702,16900,343,59200,1522,8400,480,10100
2003/6/27,1183,609,279,94000,736,15600,369,54800,1499,7800,575,9400
2003/6/30,1184,749,187,111400,848,18500,337,64900,1710,9200,581,11100
2003/7/2,1185,342,153,112900,890,18800,227,65800,1944,9400,649,11200
2003/7/4,1186,422,342,66500,601,22100,545,44300,972,11000,1088,6600
2003/7/7,1187,184,272,87400,1134,14500,410,50900,1923,7200,768,8700
2003/7/9,1188,865,200,91700,838,15200,394,53400,1706,7600,893,9100
2003/7/11,1189,463,252,87500,966,14500,404,51000,1936,7200,572,8700
2003/7/14,1190,556,369,73700,484,24500,571,49100,655,12200,702,7300
2003/7/16,1191,269,238,82900,891,13800,428,48300,1923,6900,740,8200
2003/7/18,1192,664,231,94900,467,31600,333,63200,700,15800,614,9400
2003/7/21,1193,686,142,144400,298,48100,167,96200,433,24000,579,14400
2003/7/23,1194,438,177,94300,801,15700,358,55000,1731,7800,881,9400
2003/7/25,1195,416,332,66400,1112,11000,630,38700,2076,5500,688,6600
2003/7/28,1196,897,149,124600,855,20700,227,72600,1591,10300,768,12400
2003/7/30,1197,695,145,122300,733,20300,235,71300,1487,10100,494,12200
2003/8/1,1198,547,174,98700,1018,16400,333,57500,1973,8200,681,9800
2003/8/4,1199,152,187,92900,1146,15400,293,54100,2255,7700,746,9200
2003/8/6,1200,944,142,135900,266,45300,183,90600,535,22600,627,13500
2003/8/8,1201,957,150,109100,723,18100,354,63600,1206,9000,515,10900
2003/8/11,1202,459,262,73000,1102,12100,529,42500,2025,6000,613,7300
2003/8/13,1203,989,200,113200,317,37700,186,75400,544,18800,585,11300
2003/8/15,1204,820,233,82300,784,13700,426,48000,1666,6800,656,8200
2003/8/18,1205,766,224,121800,326,40600,202,81200,467,20300,852,12100
2003/8/20,1206,943,120,128600,622,21400,222,75000,1448,10700,684,12800
2003/8/22,1207,958,204,92200,831,15300,392,53700,1584,7600,888,9200
2003/8/25,1208,160,173,116600,879,19400,250,68000,1740,9700,635,11600
2003/8/27,1209,612,284,71700,1087,11900,450,41800,2288,5900,895,7100
2003/8/29,1210,162,278,76600,1026,12700,311,44600,2123,6300,1757,7600
2003/9/1,1211,304,214,106900,788,17800,357,62300,1655,8900,623,10600
2003/9/3,1212,638,233,81700,1025,13600,438,47600,1771,6800,685,8100
2003/9/5,1213,415,346,70300,935,11700,594,41000,1666,5800,824,7000
2003/9/8,1214,911,454,65500,563,21800,494,43600,719,10900,984,6500
2003/9/10,1215,979,146,114000,395,38000,238,76000,498,19000,792,11400
2003/9/12,1216,221,247,89500,417,29800,349,59600,683,14900,710,8900
2003/9/15,1217,279,218,75600,1023,12600,484,44100,2139,6300,403,7500
2003/9/17,1218,933,165,104500,394,34800,228,69600,709,17400,675,10400
2003/9/19,1219,825,280,72100,1059,12000,465,42000,2032,6000,806,7200
2003/9/22,1220,118,313,74700,424,24900,499,49800,515,12400,926,7400
2003/9/24,1221,496,151,86500,845,14400,319,50400,1963,7200,828,8600
2003/9/26,1222,267,189,94200,768,15700,340,54900,1691,7800,864,9400
2003/9/29,1223,784,146,115100,845,19100,286,67100,1580,9500,639,11500
2003/10/1,1224,495,138,104100,834,17300,321,60700,1822,8600,450,10400
2003/10/3,1225,913,320,66800,1078,11100,549,38900,2000,5500,1037,6600
2003/10/6,1226,337,337,75600,466,25200,503,50400,606,12600,783,7500
2003/10/8,1227,953,183,92900,936,15400,257,54100,1936,7700,807,9200
2003/10/10,1228,899,137,123800,358,41200,217,82500,509,20600,852,12300
2003/10/13,1229,842,98,105100,981,17500,210,61300,1817,8700,817,10500
2003/10/15,1230,274,309,59500,1259,9900,516,34700,2400,4900,1060,5900
2003/10/17,1231,260,142,110700,803,18400,289,64500,1818,9200,608,11000
2003/10/20,1232,317,354,65100,1209,10800,570,37900,2147,5400,924,6500
2003/10/22,1233,738,212,97000,678,16100,280,56500,1455,8000,752,9700
2003/10/24,1234,796,125,128400,711,21400,227,74900,1455,10700,663,12800
2003/10/27,1235,235,331,73000,1274,12100,462,42500,2100,6000,704,7300
2003/10/29,1236,885,194,102600,399,34200,287,68400,516,17100,600,10200
2003/10/31,1237,852,159,83600,1378,13900,330,48700,2513,6900,605,8300
2003/11/3,1238,891,181,89000,950,14800,312,51900,1876,7400,799,8900
2003/11/5,1239,348,177,100900,795,16800,343,58800,1430,8400,636,10000
2003/11/7,1240,798,209,81400,1086,13500,470,47400,2107,6700,610,8100
2003/11/10,1241,930,213,94300,835,15700,396,55000,1761,7800,695,9400
2003/11/12,1242,175,204,86600,1036,14400,336,50500,1894,7200,732,8600
2003/11/14,1243,622,177,95700,483,31900,314,63800,745,15900,915,9500
2003/11/17,1244,651,170,107500,904,17900,255,62700,1974,8900,673,10700
2003/11/19,1245,704,156,109800,688,18300,295,64000,1324,9100,726,10900
2003/11/21,1246,518,273,70900,1141,11800,470,41300,2058,5900,827,7000
2003/11/24,1247,054,106,142600,604,23700,152,83100,1371,11800,554,14200
2003/11/26,1248,504,243,94700,695,15700,358,55200,1469,7800,341,9400
2003/11/28,1249,455,224,81700,516,27200,293,54400,910,13600,1439,8100
2003/12/1,1250,276,171,104100,885,17300,298,60700,1816,8600,869,10400
2003/12/3,1251,106,215,97400,720,16200,409,56800,1380,8100,427,9700
2003/12/5,1252,936,201,75000,1295,12500,412,43700,2751,6200,827,7500
2003/12/8,1253,353,195,101500,510,33800,282,67600,785,16900,749,10100
2003/12/10,1254,058,132,120100,744,20000,217,70000,1726,10000,686,12000
2003/12/12,1255,958,147,112600,764,18700,325,65600,1644,9300,595,11200
2003/12/15,1256,080,199,127600,301,42500,309,85000,443,21200,696,12700
2003/12/17,1257,239,198,80500,984,13400,434,46900,2248,6700,1230,8000
2003/12/19,1258,188,280,81500,474,27100,414,54300,657,13500,1257,8100
2003/12/22,1259,606,181,135000,353,45000,227,90000,477,22500,525,13500
2003/12/24,1260,021,123,125100,829,20800,188,72900,1679,10400,697,12500
2003/12/26,1261,724,348,59800,1569,9900,635,34800,2885,4900,1280,5900
2003/12/29,1262,471,260,73300,1617,12200,482,42700,3241,6100,574,7300
2004/1/5,1263,491,158,111200,1131,18500,304,64800,2305,9200,547,11100
2004/1/7,1264,669,213,99100,466,33000,329,66000,573,16500,855,9900
2004/1/9,1265,409,201,98600,722,16400,476,57500,1478,8200,677,9800
2004/1/12,1266,884,179,145500,248,48500,226,97000,393,24200,523,14500
2004/1/14,1267,121,350,71900,578,23900,424,47900,812,11900,588,7100
2004/1/16,1268,445,278,84500,437,28100,403,56300,547,14000,1310,8400
2004/1/19,1269,136,336,75300,1235,12500,435,43900,2326,6200,970,7500
2004/1/21,1270,004,150,139900,296,46600,232,93200,421,23300,574,13900
2004/1/23,1271,320,299,84300,853,14000,435,49100,1603,7000,592,8400
2004/1/26,1272,068,163,129500,774,21500,252,75500,1448,10700,919,12900
2004/1/28,1273,337,381,66800,535,22200,523,44500,663,11100,1046,6600
2004/1/30,1274,281,160,91200,1294,15200,342,53200,2604,7600,656,9100
2004/2/2,1275,427,326,67500,1385,11200,564,39300,2297,5600,1294,6700
2004/2/4,1276,869,178,120000,663,20000,283,70000,1292,10000,558,12000
2004/2/6,1277,777,1097,62600,0,0,0,0,0,0,1285,6200
2004/2/9,1278,465,194,111900,949,18600,282,65200,1638,9300,608,11100
2004/2/11,1279,583,239,62700,1638,10400,484,36500,3127,5200,617,6200
2004/2/13,1280,822,275,81000,555,27000,410,54000,806,13500,1120,8100
2004/2/16,1281,040,162,151300,287,50400,187,100800,508,25200,715,15100
2004/2/18,1282,204,310,71600,1107,11900,469,41700,2076,5900,671,7100
2004/2/20,1283,513,353,56400,1685,9400,620,32900,2927,4700,1165,5600
2004/2/23,1284,990,222,113700,385,37900,268,75800,568,18900,635,11300
2004/2/25,1285,119,435,58200,567,19400,605,38800,665,9700,1033,5800
2004/2/27,1286,051,167,105400,845,17500,252,61400,1917,8700,958,10500
2004/3/1,1287,745,176,114900,787,19100,303,67000,1502,9500,772,11400
2004/3/3,1288,030,169,128800,302,42900,232,85800,436,21400,676,12800
2004/3/5,1289,407,213,98500,738,16400,417,57400,1328,8200,724,9800
2004/3/8,1290,162,176,89100,1338,14800,299,51900,2754,7400,857,8900
2004/3/10,1291,517,282,72400,1059,12000,534,42200,1810,6000,716,7200
2004/3/12,1292,725,308,68000,1226,11300,566,39600,1824,5600,895,6800
2004/3/15,1293,000,893,80100,0,0,0,0,0,0,972,8000
2004/3/17,1294,558,212,98300,365,32700,332,65500,365,16300,910,9800
2004/3/19,1295,170,107,127000,783,21100,207,74000,1611,10500,655,12700
2004/3/22,1296,893,235,88100,793,14600,370,51300,1704,7300,861,8800
2004/3/24,1297,526,270,73600,909,12200,421,42900,1687,6100,974,7300
2004/3/26,1298,174,196,64900,1632,10800,477,37800,3486,5400,616,6400
2004/3/29,1299,211,276,83200,539,27700,349,55400,791,13800,877,8300
2004/3/31,1300,590,117,124000,652,20600,275,72300,1372,10300,511,12400
2004/4/2,1301,820,265,83200,777,13800,443,48500,1570,6900,595,8300
2004/4/5,1302,189,232,75200,1081,12500,452,43800,2191,6200,1303,7500
2004/4/7,1303,330,379,59400,591,19800,559,39600,744,9900,619,5900
2004/4/9,1304,308,236,77200,905,12800,503,45000,1762,6400,707,7700
2004/4/12,1305,936,184,87400,1107,14500,359,50900,2306,7200,684,8700
2004/4/14,1306,563,158,103300,744,17200,263,60200,1464,8600,639,10300
2004/4/16,1307,900,184,107600,378,35800,262,71700,742,17900,664,10700
2004/4/19,1308,733,184,101600,451,33800,242,67700,809,16900,777,10100
2004/4/21,1309,374,174,90800,933,15100,372,52900,1759,7500,533,9000
2004/4/23,1310,842,142,88400,1099,14700,290,51500,2260,7300,1196,8800
2004/4/26,1311,922,209,95300,421,31700,347,63500,674,15800,956,9500
2004/4/28,1312,764,128,120600,669,20100,248,70300,1471,10000,538,12000
2004/4/30,1313,671,145,119000,687,19800,253,69400,1568,9900,671,11900
2004/5/3,1314,653,173,95100,890,15800,277,55400,1489,7900,903,9500
2004/5/5,1315,758,144,94300,672,15700,315,55000,1373,7800,816,9400
2004/5/7,1316,953,201,98200,923,16300,310,57200,1840,8100,501,9800
2004/5/10,1317,737,227,92900,459,30900,317,61900,735,15400,920,9200
2004/5/12,1318,308,151,100300,773,16700,395,58500,1582,8300,472,10000
2004/5/14,1319,567,180,104400,694,17400,371,60900,1371,8700,527,10400
2004/5/17,1320,452,222,88800,1177,14800,303,51800,2213,7400,570,8800
2004/5/19,1321,490,110,125600,628,20900,215,73200,1495,10400,614,12500
2004/5/21,1322,784,114,124600,682,20700,262,72600,1486,10300,583,12400
2004/5/24,1323,302,189,109600,694,18200,318,63900,1364,9100,607,10900
2004/5/26,1324,855,163,123800,260,41200,197,82500,470,20600,1081,12300
2004/5/28,1325,226,302,79800,390,26600,435,53200,525,13300,818,7900
2004/5/31,1326,673,195,85500,887,14200,371,49800,1789,7100,1282,8500
2004/6/2,1327,215,277,65400,1224,10900,441,38100,2379,5400,1041,6500
2004/6/4,1328,376,154,113000,846,18800,255,65900,1532,9400,401,11300
2004/6/7,1329,554,204,101700,313,33900,332,67800,471,16900,835,10100
2004/6/9,1330,076,103,142700,572,23700,180,83200,1419,11800,376,14200
2004/6/11,1331,859,108,123000,658,20500,255,71700,1418,10200,608,12300
2004/6/14,1332,978,166,93500,938,15500,312,54500,1951,7700,966,9300
2004/6/16,1333,134,188,91700,797,15200,331,53400,1772,7600,813,9100
2004/6/18,1334,236,274,68400,1193,11400,473,39900,2484,5700,766,6800
2004/6/21,1335,462,224,78700,1245,13100,342,45900,2111,6500,596,7800
2004/6/23,1336,206,229,93400,808,15500,316,54400,1526,7700,483,9300
2004/6/25,1337,814,253,75000,875,12500,505,43700,1766,6200,750,7500
2004/6/28,1338,837,168,105700,901,17600,260,61600,1830,8800,711,10500
2004/6/30,1339,902,148,112500,625,18700,322,65600,1365,9300,517,11200
2004/7/1,1340,597,82,120300,463,20000,170,70100,930,10000,342,12000
2004/7/2,1341,670,183,101900,423,16900,258,59400,1027,8400,537,10100
2004/7/5,1342,543,166,101300,984,16800,251,59000,1697,8400,936,10100
2004/7/6,1343,879,121,85500,687,14200,298,49800,1424,7100,416,8500
2004/7/7,1344,342,125,87900,851,14600,229,51200,1900,7300,473,8700
2004/7/8,1345,994,122,119600,205,39800,173,79700,291,19900,550,11900
2004/7/9,1346,765,180,74200,941,12300,328,43200,1944,6100,536,7400
2004/7/12,1347,018,176,86300,1084,14300,363,50300,2094,7100,939,8600
2004/7/13,1348,821,130,75800,692,12600,292,44200,1436,6300,1015,7500
2004/7/14,1349,498,100,122300,414,20300,227,71300,973,10100,362,12200
2004/7/15,1350,632,141,74700,852,12400,255,43500,1591,6200,769,7400
2004/7/16,1351,240,130,112500,572,18700,185,65600,1321,9300,419,11200
2004/7/19,1352,562,199,87800,905,14600,260,51200,1612,7300,412,8700
2004/7/20,1353,931,121,93800,581,15600,203,54700,1301,7800,533,9300
2004/7/21,1354,590,84,133800,448,22300,166,78000,906,11100,369,13300
2004/7/22,1355,078,73,115200,496,19200,215,67200,1062,9600,409,11500
2004/7/23,1356,998,181,90900,306,30300,298,60600,437,15100,392,9000
2004/7/26,1357,883,224,96800,317,32200,287,64500,420,16100,939,9600
2004/7/27,1358,166,146,100300,183,33400,183,66800,366,16700,799,10000
2004/7/28,1359,973,84,121300,512,20200,169,70700,1248,10100,431,12100
2004/7/29,1360,109,170,66600,608,11100,446,38800,1289,5500,477,6600
2004/7/30,1361,223,209,73200,343,24400,338,48800,504,12200,815,7300
2004/8/2,1362,286,122,98900,996,16400,258,57600,1767,8200,614,9800
2004/8/3,1363,844,109,113700,197,37900,132,75800,376,18900,821,11300
2004/8/4,1364,843,106,105400,575,17500,195,61400,1201,8700,370,10500
2004/8/5,1365,970,94,106600,456,17700,234,62100,1056,8800,364,10600
2004/8/6,1366,112,210,72200,373,24000,320,48100,555,12000,640,7200
2004/8/9,1367,451,246,69100,799,11500,398,40300,1607,5700,1257,6900
2004/8/10,1368,480,78,114300,434,19000,190,66600,1020,9500,330,11400
2004/8/11,1369,955,146,108300,226,36100,140,72200,342,18000,611,10800
2004/8/12,1370,497,97,93100,494,15500,232,54300,1290,7700,543,9300
2004/8/13,1371,822,142,92900,271,30900,260,61900,427,15400,570,9200
2004/8/16,1372,383,155,100900,414,33600,240,67200,736,16800,473,10000
2004/8/17,1373,611,159,87300,284,29100,207,58200,496,14500,484,8700
2004/8/18,1374,005,94,116400,237,38800,150,77600,406,19400,680,11600
2004/8/19,1375,281,74,99200,693,16500,169,57800,1617,8200,301,9900
2004/8/20,1376,114,272,66900,331,22300,412,44600,428,11100,445,6600
2004/8/23,1377,066,153,124900,283,41600,168,83200,474,20800,666,12400
2004/8/24,1378,200,111,128200,170,42700,122,85400,217,21300,676,12800
2004/8/25,1379,717,165,86700,338,28900,239,57800,494,14400,556,8600
2004/8/26,1380,983,117,99000,562,16500,214,57700,1345,8200,413,9900
2004/8/27,1381,558,205,77100,282,25700,343,51400,398,12800,882,7700
2004/8/30,1382,601,127,103900,731,17300,240,60600,1472,8600,694,10300
2004/8/31,1383,512,189,69800,668,11600,349,40700,1316,5800,430,6900
2004/9/1,1384,525,172,89400,302,29800,239,59600,391,14900,594,8900
2004/9/2,1385,355,153,99300,263,33100,183,66200,324,16500,627,9900
2004/9/3,1386,489,107,109300,492,18200,278,63700,985,9100,673,10900
2004/9/6,1387,905,280,76200,856,12700,493,44400,1322,6300,508,7600
2004/9/7,1388,632,98,80700,628,13400,200,47000,1242,6700,908,8000
2004/9/8,1389,463,157,91200,530,15200,258,53200,1038,7600,423,9100
2004/9/9,1390,782,72,105900,610,17600,176,61700,1378,8800,505,10500
2004/9/10,1391,808,163,92600,284,30800,271,61700,438,15400,426,9200
2004/9/13,1392,921,286,61000,1479,10100,426,35500,2640,5000,673,6100
2004/9/14,1393,190,173,74100,649,12300,253,43200,1378,6100,579,7400
2004/9/15,1394,593,124,99600,565,16600,201,58100,1303,8300,327,9900
2004/9/16,1395,234,200,75400,547,12500,289,43900,1062,6200,493,7500
2004/9/17,1396,621,156,78500,820,13000,319,45700,1616,6500,380,7800
2004/9/20,1397,934,97,132800,545,22100,159,77400,1171,11000,379,13200
2004/9/21,1398,812,167,73800,668,12300,281,43000,1351,6100,477,7300
2004/9/22,1399,540,104,112200,496,18700,168,65400,1074,9300,440,11200
2004/9/23,1400,522,163,75900,265,25300,210,50600,518,12600,569,7500
2004/9/24,1401,206,135,102600,462,17100,249,59800,1078,8500,452,10200
2004/9/27,1402,374,166,77500,959,12900,379,45200,1829,6400,1032,7700
2004/9/28,1403,638,149,78100,586,13000,312,45500,1102,6500,532,7800
2004/9/29,1404,804,98,116000,344,19300,200,67600,786,9600,377,11600
2004/9/30,1405,187,137,94200,455,15700,199,54900,1111,7800,585,9400
2004/10/1,1406,374,123,103100,553,17100,246,60100,1178,8500,331,10300
2004/10/4,1407,835,266,59800,1442,9900,457,34800,2643,4900,650,5900
2004/10/5,1408,945,131,72500,711,12000,284,42200,1602,6000,489,7200
2004/10/6,1409,949,73,140800,215,46900,138,93800,313,23400,533,14000
2004/10/7,1410,391,107,99700,564,16600,182,58100,1203,8300,479,9900
2004/10/8,1411,355,99,115900,228,38600,161,77200,360,19300,682,11500
2004/10/11,1412,697,92,144700,452,24100,182,84400,893,12000,352,14400
2004/10/12,1413,620,137,82100,514,13600,240,47800,1165,6800,502,8200
2004/10/13,1414,670,168,90400,367,15000,282,52700,875,7500,373,9000
2004/10/14,1415,189,138,65400,737,10900,411,38100,1550,5400,445,6500
2004/10/15,1416,266,111,106500,258,35500,191,71000,403,17700,882,10600
2004/10/18,1417,876,107,126900,749,21100,209,74000,1377,10500,419,12600
2004/10/19,1418,335,170,86000,234,28600,230,57300,311,14300,400,8600
2004/10/20,1419,064,59,130200,336,21700,127,75900,808,10800,304,13000
2004/10/21,1420,499,156,107100,157,35700,156,71400,263,17800,698,10700
2004/10/22,1421,490,137,85000,654,14100,275,49500,1496,7000,656,8500
2004/10/25,1422,945,221,81900,917,13600,383,47700,1594,6800,552,8100
2004/10/26,1423,234,147,85400,504,14200,267,49800,1023,7100,418,8500
2004/10/27,1424,353,144,88800,324,29600,200,59200,455,14800,728,8800
2004/10/28,1425,660,85,154100,166,51300,139,102700,265,25600,290,15400
2004/10/29,1426,754,144,108000,570,18000,179,63000,1084,9000,475,10800
2004/11/1,1427,638,187,80200,1138,13300,379,46700,1865,6600,616,8000
2004/11/2,1428,699,141,104700,236,34900,181,69800,423,17400,510,10400
2004/11/3,1429,819,174,63600,743,10600,385,37100,1552,5300,509,6300
2004/11/4,1430,295,115,91700,633,15200,232,53400,1488,7600,326,9100
2004/11/5,1431,742,133,77000,947,12800,240,44900,1990,6400,751,7700
2004/11/8,1432,400,189,107300,306,35700,217,71500,439,17800,884,10700
2004/11/9,1433,638,183,77600,636,12900,280,45200,1080,6400,446,7700
2004/11/10,1434,299,98,120900,235,40300,145,80600,396,20100,582,12000
2004/11/11,1435,545,114,119100,203,39700,148,79400,330,19800,494,11900
2004/11/12,1436,196,95,114400,531,19000,188,66700,1296,9500,409,11400
2004/11/15,1437,667,170,117600,249,39200,233,78400,331,19600,742,11700
2004/11/16,1438,582,134,80500,834,13400,206,46900,1617,6700,433,8000
2004/11/17,1439,306,150,83500,555,13900,321,48700,1202,6900,351,8300
2004/11/18,1440,684,92,103600,495,17200,197,60400,1049,8600,443,10300
2004/11/19,1441,798,185,70600,680,11700,384,41100,1501,5800,520,7000
2004/11/22,1442,094,152,116100,661,19300,177,67700,1473,9600,458,11600
2004/11/23,1443,701,81,110900,420,18400,145,64600,884,9200,565,11000
2004/11/24,1444,065,65,143200,350,23800,142,83500,904,11900,350,14300
2004/11/25,1445,392,141,82000,573,13600,230,47800,1335,6800,858,8200
2004/11/26,1446,588,177,87100,242,29000,240,58000,384,14500,1020,8700
2004/11/29,1447,925,299,67800,944,11300,411,39500,1508,5600,1166,6700
2004/11/30,1448,189,138,63100,811,10500,449,36800,1505,5200,606,6300
2004/12/1,1449,940,90,113900,547,18900,164,66400,1339,9400,439,11300
2004/12/2,1450,133,136,98600,240,32800,127,65700,508,16400,861,9800
2004/12/3,1451,288,151,102800,254,34200,202,68500,473,17100,476,10200
2004/12/6,1452,301,208,88800,803,14800,350,51800,1545,7400,461,8800
2004/12/7,1453,966,151,93100,267,31000,182,62000,393,15500,707,9300
2004/12/8,1454,616,144,117000,179,39000,181,78000,222,19500,455,11700
2004/12/9,1455,363,138,93800,327,31200,181,62500,469,15600,390,9300
2004/12/10,1456,662,116,120600,274,40200,195,80400,442,20100,299,12000
2004/12/13,1457,310,296,79000,882,13100,367,46000,1511,6500,686,7900
2004/12/14,1458,609,149,90700,505,15100,278,52900,1096,7500,397,9000
2004/12/15,1459,869,128,114200,483,19000,201,66600,1072,9500,467,11400
2004/12/16,1460,377,155,77800,306,25900,236,51800,451,12900,1733,7700
2004/12/17,1461,279,135,91100,681,15100,326,53100,1457,7500,410,9100
2004/12/20,1462,799,258,79800,411,26600,327,53200,600,13300,1204,7900
2004/12/21,1463,344,114,102900,228,34300,185,68600,404,17100,917,10200
2004/12/22,1464,082,87,128500,456,21400,154,74900,1217,10700,354,12800
2004/12/23,1465,824,151,76800,574,12800,285,44800,1061,6400,655,7600
2004/12/24,1466,095,77,152200,472,25300,128,88700,1048,12600,388,15200
2004/12/27,1467,625,237,80600,963,13400,399,47000,1558,6700,769,8000
2004/12/28,1468,497,113,99000,546,16500,247,57700,1382,8200,366,9900
2004/12/29,1469,213,142,82300,676,13700,272,48000,1320,6800,535,8200
2004/12/30,1470,815,197,77900,675,12900,311,45400,1289,6400,445,7700
2005/1/4,1471,902,120,102100,599,17000,251,59500,1175,8500,447,10200
2005/1/5,1472,227,223,69400,345,23100,347,46200,449,11500,524,6900
2005/1/6,1473,429,208,65400,664,10900,370,38100,1332,5400,650,6500
2005/1/7,1474,784,100,115200,489,19200,241,67200,1157,9600,342,11500
2005/1/10,1475,576,131,115400,677,19200,244,67300,1159,9600,532,11500
2005/1/11,1476,055,146,77300,266,25700,195,51500,460,12800,1844,7700
2005/1/12,1477,275,154,71300,856,11800,305,41500,1610,5900,443,7100
2005/1/13,1478,137,132,81400,668,13500,263,47400,1419,6700,667,8100
2005/1/14,1479,536,135,92500,725,15400,225,53900,1352,7700,623,9200
2005/1/17,1480,809,170,96600,848,16100,343,56300,1585,8000,453,9600
2005/1/18,1481,328,228,61100,718,10100,442,35600,1398,5000,705,6100
2005/1/19,1482,423,187,76700,703,12700,296,44700,1266,6300,521,7600
2005/1/20,1483,780,102,115700,355,19200,222,67400,809,9600,542,11500
2005/1/21,1484,026,115,115500,533,19200,163,67300,1215,9600,543,11500
2005/1/24,1485,369,457,50500,1332,8400,776,29400,1894,4200,660,5000
2005/1/25,1486,526,178,76600,712,12700,344,44600,1246,6300,457,7600
2005/1/26,1487,465,142,87900,743,14600,272,51200,1399,7300,423,8700
2005/1/27,1488,968,84,137400,478,22900,153,80100,971,11400,382,13700
2005/1/28,1489,218,226,57600,1285,9600,443,33600,2366,4800,654,5700
2005/1/31,1490,807,158,121600,635,20200,260,70900,1072,10100,548,12100
2005/2/1,1491,287,71,111600,588,18600,183,65100,1319,9300,363,11100
2005/2/2,1492,997,89,143000,176,47600,171,95300,337,23800,307,14300
2005/2/3,1493,313,229,78800,279,26200,283,52500,443,13100,452,7800
2005/2/4,1494,800,108,123700,202,41200,167,82400,319,20600,933,12300
2005/2/7,1495,601,162,105500,748,17500,260,61500,1422,8700,781,10500
2005/2/8,1496,742,91,86900,744,14400,189,50600,1761,7200,662,8600
2005/2/9,1497,738,124,90600,586,15100,254,52800,1314,7500,642,9000
2005/2/10,1498,754,90,102800,583,17100,180,59900,1132,8500,765,10200
2005/2/11,1499,196,94,98200,528,16300,236,57200,1173,8100,529,9800
2005/2/14,1500,453,207,83100,1121,13800,309,48400,1732,6900,607,8300
2005/2/15,1501,793,106,105700,569,17600,236,61600,1092,8800,326,10500
2005/2/16,1502,556,143,101300,198,33700,210,67500,297,16800,620,10100
2005/2/17,1503,533,109,90500,356,30100,214,60300,602,15000,763,9000
2005/2/18,1504,058,110,104200,579,17300,207,60700,1371,8600,637,10400
2005/2/21,1505,419,277,78300,859,13000,396,45600,1554,6500,690,7800
2005/2/22,1506,063,78,121200,539,20200,134,70700,1246,10100,462,12100
2005/2/23,1507,379,156,91500,497,15200,268,53300,1048,7600,463,9100
2005/2/24,1508,928,168,70100,643,11600,351,40800,1526,5800,592,7000
2005/2/25,1509,613,182,80900,705,13400,315,47100,1435,6700,428,8000
2005/2/28,1510,917,176,97500,790,16200,335,56800,1371,8100,656,9700
2005/3/1,1511,212,190,87200,288,29000,210,58100,507,14500,445,8700
2005/3/2,1512,887,126,126200,185,42000,186,84100,273,21000,374,12600
2005/3/3,1513,970,85,129100,438,21500,172,75300,1000,10700,491,12900
2005/3/4,1514,707,138,108700,227,36200,207,72400,381,18100,421,10800
2005/3/7,1515,412,284,70600,1138,11700,451,41100,1915,5800,590,7000
2005/3/8,1516,603,151,87500,625,14500,245,51000,1215,7200,567,8700
2005/3/9,1517,578,136,91000,562,15100,301,53000,1176,7500,434,9100
2005/3/10,1518,266,111,107300,258,35700,157,71500,360,17800,891,10700
2005/3/11,1519,384,173,87400,582,14500,281,50900,1149,7200,413,8700
2005/3/14,1520,680,157,116100,684,19300,224,67700,1466,9600,323,11600
2005/3/15,1521,087,84,131800,495,21900,120,76800,1102,10900,317,13100
2005/3/16,1522,776,206,80100,280,26700,285,53400,455,13300,573,8000
2005/3/17,1523,387,120,95400,524,15900,240,55600,1110,7900,355,9500
2005/3/18,1524,319,303,56000,780,9300,531,32600,1598,4600,479,5600
2005/3/21,1525,729,213,78000,757,13000,347,45500,1441,6500,555,7800
2005/3/22,1526,963,155,71200,662,11800,293,41500,1534,5900,410,7100
2005/3/23,1527,751,89,102400,589,17000,148,59700,1329,8500,452,10200
2005/3/24,1528,948,87,105700,404,17600,202,61600,1050,8800,637,10500
2005/3/25,1529,235,257,49200,1288,8200,392,28700,2443,4100,1018,4900
2005/3/28,1530,686,106,143200,245,47700,172,95400,403,23800,544,14300
2005/3/29,1531,857,127,92400,607,15400,202,53900,1214,7700,474,9200
2005/3/30,1532,786,180,70200,812,11700,317,40900,1671,5800,361,7000
2005/3/31,1533,716,136,96000,574,16000,249,56000,899,8000,490,9600
2005/4/1,1534,084,90,135200,450,22500,146,78800,1023,11200,363,13500
2005/4/4,1535,567,211,81700,863,13600,418,47600,1326,6800,520,8100
2005/4/5,1536,414,186,76300,289,25400,307,50800,427,12700,469,7600
2005/4/6,1537,482,98,102600,669,17100,179,59800,1292,8500,352,10200
2005/4/7,1538,507,110,108200,436,18000,220,63100,871,9000,385,10800
2005/4/8,1539,215,192,73100,678,12100,333,42600,1469,6000,469,7300
2005/4/11,1540,350,234,100100,1456,16600,258,58300,1709,8300,638,10000
2005/4/12,1541,776,95,156800,126,52200,112,104500,241,26100,365,15600
2005/4/13,1542,043,90,130600,409,21700,130,76100,921,10800,544,13000
2005/4/14,1543,400,115,99100,223,33000,219,66000,281,16500,879,9900
2005/4/15,1544,190,172,83100,635,13800,288,48400,1489,6900,678,8300
2005/4/18,1545,629,307,63900,1091,10600,520,37200,1706,5300,784,6300
2005/4/19,1546,841,137,82600,692,13700,216,48100,1459,6800,614,8200
2005/4/20,1547,073,95,87700,715,14600,184,51100,1623,7300,521,8700
2005/4/21,1548,942,93,103300,666,17200,161,60200,1303,8600,420,10300
2005/4/22,1549,203,162,91300,504,15200,275,53200,1184,7600,405,9100
2005/4/25,1550,560,151,111400,702,18500,265,64900,1180,9200,441,11100
2005/4/26,1551,788,121,113600,171,37800,160,75700,329,18900,613,11300
2005/4/27,1552,530,175,87900,551,14600,224,51200,1068,7300,498,8700
2005/4/28,1553,178,128,93300,524,15500,250,54400,1093,7700,482,9300
2005/4/29,1554,589,82,115900,371,19300,177,67600,832,9600,552,11500
2005/5/2,1555,459,187,87700,695,14600,382,51100,1457,7300,558,8700
2005/5/3,1556,250,85,108400,492,18000,148,63200,1061,9000,233,10800
2005/5/4,1557,222,490,72700,0,0,0,0,0,0,676,7200
2005/5/5,1558,781,52,138900,392,23100,120,81000,874,11500,289,13800
2005/5/6,1559,614,211,65100,614,10800,379,37900,1205,5400,640,6500
2005/5/9,1560,973,122,105700,923,17600,208,61600,1733,8800,500,10500
2005/5/10,1561,378,178,76000,600,12600,305,44300,1178,6300,436,7600
2005/5/11,1562,453,102,99900,657,16600,181,58200,1310,8300,428,9900
2005/5/12,1563,542,104,97300,681,16200,143,56700,1386,8100,536,9700
2005/5/13,1564,241,153,84900,766,14100,258,49500,1537,7000,363,8400
2005/5/16,1565,565,169,114000,308,38000,219,76000,444,19000,634,11400
2005/5/17,1566,182,111,98000,632,16300,157,57100,1437,8100,405,9800
2005/5/18,1567,016,86,107800,520,17900,187,62800,1119,8900,552,10700
2005/5/19,1568,204,127,95400,515,15900,238,55600,1024,7900,463,9500
2005/5/20,1569,529,242,62900,768,10400,448,36600,1437,5200,436,6200
2005/5/23,1570,827,259,75100,900,12500,328,43800,1614,6200,736,7500
2005/5/24,1571,660,112,124900,183,41600,146,83200,302,20800,343,12400
2005/5/25,1572,597,92,111300,529,18500,186,64900,914,9200,579,11100
2005/5/26,1573,917,108,102000,470,17000,246,59500,966,8500,460,10200
2005/5/27,1574,835,191,57200,1107,9500,386,33300,2358,4700,855,5700
2005/5/30,1575,659,128,106600,748,17700,250,62100,1408,8800,436,10600
2005/5/31,1576,392,112,93300,525,15500,239,54400,1244,7700,448,9300
2005/6/1,1577,634,162,75900,634,12600,324,44200,1317,6300,548,7500
2005/6/2,1578,363,155,94700,246,31500,176,63100,369,15700,574,9400
2005/6/3,1579,327,221,63000,761,10500,463,36700,1543,5200,485,6300
2005/6/6,1580,042,156,102800,724,17100,232,59900,1221,8500,685,10200
2005/6/7,1581,100,114,123700,133,41200,141,82400,178,20600,788,12300
2005/6/8,1582,920,139,81300,575,13500,269,47400,1199,6700,457,8100
2005/6/9,1583,287,145,74900,643,12400,246,43600,1392,6200,579,7400
2005/6/10,1584,217,172,67800,736,11300,356,39500,1365,5600,552,6700
2005/6/13,1585,709,170,100200,516,16700,314,58400,1006,8300,441,10000
2005/6/14,1586,885,71,122900,166,40900,166,81900,330,20400,490,12200
2005/6/15,1587,368,188,62000,732,10300,387,36100,1473,5100,570,6200
2005/6/16,1588,769,90,106300,464,17700,234,62000,987,8800,349,10600
2005/6/17,1589,351,139,77700,790,12900,259,45300,1788,6400,554,7700
2005/6/20,1590,097,95,152900,489,25400,158,89100,910,12700,487,15200
2005/6/21,1591,671,93,110600,520,18400,132,64500,1186,9200,561,11000
2005/6/22,1592,402,138,87700,506,14600,299,51100,996,7300,394,8700
2005/6/23,1593,378,124,80100,647,13300,301,46700,1241,6600,506,8000
2005/6/24,1594,377,134,99100,283,33000,207,66000,455,16500,563,9900
2005/6/27,1595,065,87,134500,648,22400,170,78400,1221,11200,525,13400
2005/6/28,1596,095,85,120800,422,20100,167,70400,1041,10000,301,12000
2005/6/29,1597,747,91,133700,161,44500,112,89100,291,22200,730,13300
2005/6/30,1598,395,102,103300,588,17200,195,60200,1335,8600,235,10300
2005/7/1,1599,332,113,101300,252,33700,217,67500,400,16800,766,10100
2005/7/4,1600,146,211,75300,897,12500,310,43900,1542,6200,1165,7500
2005/7/5,1601,899,97,108600,223,36200,197,72400,312,18100,647,10800
2005/7/6,1602,885,73,132900,213,44300,157,88600,326,22100,430,13200
2005/7/7,1603,762,113,89700,707,14900,220,52300,1454,7400,440,8900
2005/7/8,1604,382,136,87600,722,14600,269,51100,1460,7300,396,8700
2005/7/11,1605,964,130,103700,821,17200,235,60400,1575,8600,640,10300
2005/7/12,1606,312,164,76800,639,12800,290,44800,1171,6400,609,7600
2005/7/13,1607,382,146,88100,613,14600,256,51300,1120,7300,385,8800
2005/7/14,1608,318,237,62000,703,10300,371,36100,1445,5100,566,6200
2005/7/15,1609,430,163,101900,440,16900,227,59400,852,8400,452,10100
2005/7/18,1610,922,141,100700,286,33500,241,67100,371,16700,687,10000
2005/7/19,1611,441,119,105000,269,35000,157,70000,330,17500,453,10500
2005/7/20,1612,261,108,87600,653,14600,153,51100,1491,7300,818,8700
2005/7/21,1613,465,95,105700,545,17600,179,61600,1107,8800,381,10500
2005/7/22,1614,861,76,116700,530,19400,172,68000,1296,9700,373,11600
2005/7/25,1615,448,121,144400,204,48100,202,96200,266,24000,454,14400
2005/7/26,1616,347,126,79300,620,13200,260,46200,1309,6600,372,7900
2005/7/27,1617,726,285,54100,735,9000,473,31500,1253,4500,586,5400
2005/7/28,1618,720,151,88100,558,14600,261,51300,948,7300,310,8800
2005/7/29,1619,319,149,77100,624,12800,372,44900,1343,6400,459,7700
2005/8/1,1620,424,175,106200,313,35400,224,70800,423,17700,612,10600
2005/8/2,1621,482,141,65700,902,10900,295,38300,1834,5400,630,6500
2005/8/3,1622,943,109,98300,466,16300,177,57300,1091,8100,685,9800
2005/8/4,1623,934,73,126000,413,21000,149,73500,936,10500,379,12600
2005/8/5,1624,977,85,135500,182,45100,146,90300,311,22500,534,13500
2005/8/8,1625,929,135,116700,257,38900,224,77800,328,19400,524,11600
2005/8/9,1626,168,110,95900,479,15900,221,55900,986,7900,421,9500
2005/8/10,1627,368,170,68100,681,11300,349,39700,1338,5600,325,6800
2005/8/11,1628,607,106,110900,340,18400,212,64600,866,9200,359,11000
2005/8/12,1629,660,201,70000,369,23300,297,46600,506,11600,376,7000
2005/8/15,1630,626,229,75400,382,25100,329,50200,464,12500,594,7500
2005/8/16,1631,755,105,95300,260,31700,151,63500,351,15800,1054,9500
2005/8/17,1632,486,82,108300,553,18000,192,63100,1134,9000,433,10800
2005/8/18,1633,868,190,63800,387,21200,333,42500,699,10600,555,6300
2005/8/19,1634,077,116,118000,246,39300,135,78600,400,19600,547,11800
2005/8/22,1635,509,172,105400,598,17500,282,61400,1013,8700,573,10500
2005/8/23,1636,980,66,115000,485,19100,173,67000,1076,9500,418,11500
2005/8/24,1637,644,76,126000,208,42000,140,84000,330,21000,656,12600
2005/8/25,1638,451,102,101600,509,16900,195,59200,1136,8400,426,10100
2005/8/26,1639,501,167,88100,600,14600,285,51300,1119,7300,369,8800
2005/8/29,1640,787,181,116100,282,38700,185,77400,386,19300,629,11600
2005/8/30,1641,439,118,94000,423,15600,213,54800,843,7800,903,9400
2005/8/31,1642,060,65,166100,170,55300,134,110700,221,27600,338,16600
2005/9/1,1643,948,66,147100,412,24500,121,85800,839,12200,383,14700
2005/9/2,1644,917,183,76500,583,12700,397,44600,1128,6300,613,7600
2005/9/5,1645,792,121,91200,867,15200,222,53200,1824,7600,980,9100
2005/9/6,1646,353,112,91100,321,30300,171,60700,379,15100,502,9100
2005/9/7,1647,057,76,128200,413,21300,139,74700,981,10600,389,12800
2005/9/8,1648,633,109,107700,282,35900,127,71800,416,17900,658,10700
2005/9/9,1649,722,183,79600,325,26500,259,53000,528,13200,725,7900
2005/9/12,1650,775,176,107200,346,35700,190,71400,493,17800,668,10700
2005/9/13,1651,839,81,106800,561,17800,190,62300,1146,8900,437,10600
2005/9/14,1652,059,123,113600,460,18900,142,66200,958,9400,321,11300
2005/9/15,1653,975,109,103400,549,17200,208,60300,1107,8600,308,10300
2005/9/16,1654,638,238,62600,743,10400,451,36500,1365,5200,582,6200
2005/9/19,1655,927,282,62400,844,10400,407,36400,1408,5200,801,6200
2005/9/20,1656,784,188,82000,475,13600,221,47800,1005,6800,535,8200
2005/9/21,1657,198,102,72200,843,12000,288,42100,1901,6000,583,7200
2005/9/22,1658,896,62,132600,407,22100,154,77300,997,11000,422,13200
2005/9/23,1659,823,141,76000,550,12600,284,44300,1191,6300,682,7600
2005/9/26,1660,554,191,95700,400,31900,259,63800,417,15900,574,9500
2005/9/27,1661,138,159,76000,553,12600,282,44300,1289,6300,506,7600
2005/9/28,1662,783,134,75800,750,12600,269,44200,1450,6300,519,7500
2005/9/29,1663,852,153,73400,796,12200,239,42800,1507,6100,550,7300
2005/9/30,1664,542,89,100500,673,16700,170,58600,1354,8300,680,10000
2005/10/3,1665,571,159,95800,958,15900,239,55800,1544,7900,531,9500
2005/10/4,1666,193,140,78500,578,13000,311,45700,1155,6500,376,7800
2005/10/5,1667,928,169,66600,637,11100,385,38800,1311,5500,620,6600
2005/10/6,1668,616,128,108100,196,36000,197,72000,278,18000,481,10800
2005/10/7,1669,026,115,92800,570,15400,202,54100,1521,7700,574,9200
2005/10/10,1670,968,148,95800,624,15900,256,55800,1005,7900,646,9500
2005/10/11,1671,175,158,88200,512,14700,203,51400,940,7300,364,8800
2005/10/12,1672,990,98,116200,188,38700,170,77400,322,19300,519,11600
2005/10/13,1673,871,96,109200,537,18200,162,63700,1187,9100,212,10900
2005/10/14,1674,673,96,101500,692,16900,225,59200,1369,8400,404,10100
2005/10/17,1675,269,251,68400,1139,11400,414,39900,2020,5700,611,6800
2005/10/18,1676,448,75,133800,187,44600,169,89200,248,22300,436,13300
2005/10/19,1677,288,91,96800,310,32200,177,64500,458,16100,996,9600
2005/10/20,1678,775,143,108700,224,36200,179,72400,298,18100,377,10800
2005/10/21,1679,650,79,133100,444,22100,164,77600,946,11000,448,13300
2005/10/24,1680,832,152,88300,1075,14700,240,51500,1921,7300,764,8800
2005/10/25,1681,741,121,70600,992,11700,317,41100,1911,5800,410,7000
2005/10/26,1682,237,118,86400,771,14400,235,50400,1387,7200,562,8600
2005/10/27,1683,797,95,129600,199,43200,169,86400,316,21600,398,12900
2005/10/28,1684,461,120,105200,644,17500,213,61300,1251,8700,371,10500
2005/10/31,1685,453,159,98400,960,16400,262,57400,1478,8200,708,9800
2005/11/1,1686,015,97,115900,486,19300,172,67600,1015,9600,548,11500
2005/11/2,1687,097,90,134400,451,22400,121,78400,1029,11200,407,13400
2005/11/3,1688,918,210,55100,905,9100,385,32100,1898,4500,499,5500
2005/11/4,1689,357,308,53800,1072,8900,422,31300,1945,4400,510,5300
2005/11/7,1690,559,158,121600,260,40500,245,81000,280,20200,514,12100
2005/11/8,1691,180,77,108300,593,18000,186,63100,1124,9000,454,10800
2005/11/9,1692,538,191,57000,971,9500,408,33200,1951,4700,619,5700
2005/11/10,1693,906,115,103500,435,17200,183,60300,865,8600,827,10300
2005/11/11,1694,808,140,96300,272,32100,231,64200,377,16000,500,9600
2005/11/14,1695,639,193,74000,1063,12300,385,43100,1847,6100,601,7400
2005/11/15,1696,948,66,121700,435,20200,210,70900,802,10100,434,12100
2005/11/16,1697,893,148,82200,632,13700,292,47900,1227,6800,286,8200
2005/11/17,1698,533,99,101800,372,33900,145,67800,443,16900,626,10100
2005/11/18,1699,047,97,116500,448,19400,192,67900,1066,9700,490,11600
2005/11/21,1700,844,105,138400,269,46100,148,92200,402,23000,824,13800
2005/11/22,1701,678,95,103700,444,17200,222,60400,876,8600,688,10300
2005/11/23,1702,469,137,77600,535,12900,317,45200,881,6400,504,7700
2005/11/24,1703,449,147,101700,202,33900,193,67800,331,16900,536,10100
2005/11/25,1704,924,184,72000,742,12000,326,42000,1448,6000,789,7200
2005/11/28,1705,759,154,117600,735,19600,205,68600,1168,9800,517,11700
2005/11/29,1706,855,99,101200,297,33700,168,67400,465,16800,708,10100
2005/11/30,1707,104,160,92600,512,15400,308,54000,783,7700,372,9200
2005/12/1,1708,463,168,81200,637,13500,283,47300,1140,6700,568,8100
2005/12/2,1709,477,129,100200,276,33400,216,66800,432,16700,716,10000
2005/12/5,1710,692,137,94100,991,15600,250,54800,1743,7800,631,9400
2005/12/6,1711,803,205,81000,519,13500,241,47200,1164,6700,345,8100
2005/12/7,1712,280,80,118700,480,19700,174,69200,1072,9800,433,11800
2005/12/8,1713,101,179,94700,250,31500,220,63100,313,15700,396,9400
2005/12/9,1714,347,121,85400,660,14200,315,49800,1503,7100,447,8500
2005/12/12,1715,846,145,93500,929,15500,294,54500,1564,7700,651,9300
2005/12/13,1716,792,108,91100,714,15100,205,53100,1511,7500,273,9100
2005/12/14,1717,610,141,91200,484,15200,263,53200,906,7600,571,9100
2005/12/15,1718,161,107,113200,295,37700,155,75400,529,18800,344,11300
2005/12/16,1719,257,248,56300,1048,9300,458,32800,2065,4600,600,5600
2005/12/19,1720,028,137,110900,625,18400,198,64600,1266,9200,930,11000
2005/12/20,1721,033,134,96500,328,32100,157,64300,526,16000,635,9600
2005/12/21,1722,863,126,79100,813,13100,243,46100,1812,6500,390,7900
2005/12/22,1723,164,144,90200,593,15000,200,52600,1190,7500,372,9000
2005/12/23,1724,616,175,81600,259,27200,275,54400,311,13600,508,8100
2005/12/26,1725,916,174,92900,788,15400,359,54100,1384,7700,441,9200
2005/12/27,1726,836,142,80400,760,13400,225,46900,1635,6700,559,8000
2005/12/28,1727,646,113,122500,236,40800,159,81600,373,20400,491,12200
2005/12/29,1728,908,141,101800,488,16900,272,59300,972,8400,405,10100
2005/12/30,1729,062,111,113000,627,18800,156,65900,1391,9400,369,11300
2006/1/4,1730,266,117,78900,402,26300,235,52600,551,13100,1134,7800
2006/1/5,1731,998,93,118300,239,39400,204,78800,327,19700,387,11800
2006/1/6,1732,119,233,66600,385,22200,384,44400,457,11100,604,6600
2006/1/9,1733,674,127,111600,718,18600,216,65100,1253,9300,630,11100
2006/1/10,1734,897,114,78400,861,13000,275,45700,1781,6500,531,7800
2006/1/11,1735,733,103,100600,387,33500,149,67000,622,16700,568,10000
2006/1/12,1736,675,99,111700,590,18600,171,65100,1068,9300,574,11100
2006/1/13,1737,433,105,131200,257,43700,155,87400,322,21800,527,13100
2006/1/16,1738,771,163,126700,409,42200,175,84400,543,21100,433,12600
2006/1/17,1739,884,165,99500,293,33100,222,66300,315,16500,515,9900
2006/1/18,1740,801,105,109700,600,18200,233,63900,1175,9100,349,10900
2006/1/19,1741,503,137,107800,544,17900,212,62800,949,8900,313,10700
2006/1/20,1742,916,155,94600,585,15700,279,55100,1184,7800,593,9400
2006/1/23,1743,846,199,84900,1018,14100,349,49500,1647,7000,727,8400
2006/1/24,1744,188,125,96100,284,32000,217,64000,490,16000,739,9600
2006/1/25,1745,979,92,116900,294,38900,192,77900,419,19400,542,11600
2006/1/26,1746,293,125,100800,608,16800,246,58800,1247,8400,429,10000
2006/1/27,1747,562,104,99500,756,16500,248,58000,1488,8200,481,9900
2006/1/30,1748,021,131,107700,1014,17900,191,62800,1617,8900,885,10700
2006/1/31,1749,696,138,102800,358,34200,165,68500,477,17100,381,10200
2006/2/1,1750,870,79,126400,423,21000,133,73700,981,10500,665,12600
2006/2/2,1751,634,148,88700,711,14700,288,51700,1142,7300,521,8800
2006/2/3,1752,092,79,129400,590,21500,176,75400,1220,10700,367,12900
2006/2/6,1753,086,116,127200,722,21200,185,74200,1334,10600,669,12700
2006/2/7,1754,559,116,103200,257,34400,212,68800,295,17200,861,10300
2006/2/8,1755,571,127,88600,817,14700,239,51600,1576,7300,400,8800
2006/2/9,1756,029,145,84800,737,14100,238,49400,1321,7000,689,8400
2006/2/10,1757,064,86,127200,512,21200,188,74200,1042,10600,515,12700
2006/2/13,1758,148,186,87600,963,14600,332,51100,1616,7300,878,8700
2006/2/14,1759,358,254,52800,1092,8800,456,30800,2071,4400,541,5200
2006/2/15,1760,399,129,98900,323,32900,203,65900,399,16400,795,9800
2006/2/16,1761,901,219,64900,883,10800,357,37800,1738,5400,417,6400
2006/2/17,1762,484,115,110400,375,36800,175,73600,441,18400,465,11000
2006/2/20,1763,606,172,105200,402,35000,246,70100,507,17500,445,10500
2006/2/21,1764,433,96,116700,263,38900,127,77800,352,19400,895,11600
2006/2/22,1765,131,128,89900,358,29900,198,59900,635,14900,641,8900
2006/2/23,1766,455,138,100300,311,33400,159,66800,396,16700,790,10000
2006/2/24,1767,965,95,117200,650,19500,156,68300,1221,9700,604,11700
2006/2/27,1768,743,214,94500,915,15700,270,55100,1525,7800,569,9400
2006/2/28,1769,617,150,82900,543,13800,299,48300,997,6900,1109,8200
2006/3/1,1770,755,135,113300,233,37700,145,75500,346,18800,509,11300
2006/3/2,1771,679,137,117700,430,19600,172,68600,910,9800,472,11700
2006/3/3,1772,643,129,96800,788,16100,236,56400,1471,8000,460,9600
2006/3/6,1773,032,136,111300,802,18500,209,64900,1480,9200,901,11100
2006/3/7,1774,431,146,93100,857,15500,221,54300,1461,7700,511,9300
2006/3/8,1775,050,104,135300,195,45100,164,90200,285,22500,569,13500
2006/3/9,1776,259,177,78400,828,13000,288,45700,1439,6500,491,7800
2006/3/10,1777,331,190,77300,400,25700,341,51500,517,12800,442,7700
2006/3/13,1778,831,265,70300,1260,11700,401,41000,2021,5800,658,7000
2006/3/14,1779,321,186,72900,785,12100,280,42500,1489,6000,521,7200
2006/3/15,1780,164,124,92100,695,15300,259,53700,1282,7600,522,9200
2006/3/16,1781,020,66,182100,204,60700,81,121400,219,30300,396,18200
2006/3/17,1782,435,107,102200,698,17000,195,59600,1254,8500,601,10200
2006/3/20,1783,790,118,126400,664,21000,197,73700,1203,10500,563,12600
2006/3/21,1784,955,96,107400,206,35800,149,71600,292,17900,836,10700
2006/3/22,1785,645,155,78200,771,13000,260,45600,1267,6500,606,7800
2006/3/23,1786,323,792,25400,888,8400,984,16900,495,4200,799,2500
2006/3/24,1787,678,132,76800,751,12800,389,44800,1272,6400,761,7600
2006/3/27,1788,740,92,145900,675,24300,174,85100,1103,12100,475,14500
2006/3/28,1789,794,140,84400,519,14000,266,49200,1193,7000,810,8400
2006/3/29,1790,619,168,82600,549,13700,290,48100,1110,6800,565,8200
2006/3/30,1791,853,133,72200,991,12000,253,42100,2068,6000,540,7200
2006/3/31,1792,261,115,98600,753,16400,209,57500,1560,8200,389,9800
2006/4/3,1793,630,307,70700,908,11700,417,41200,1664,5800,588,7000
2006/4/4,1794,028,86,113800,484,18900,187,66300,1077,9400,528,11300
2006/4/5,1795,439,155,81400,528,13500,320,47400,944,6700,591,8100
2006/4/6,1796,587,156,80300,577,13300,238,46800,1082,6600,1379,8000
2006/4/7,1797,829,160,89800,567,14900,272,52300,1203,7400,533,8900
2006/4/10,1798,748,155,100500,747,16700,279,58600,1197,8300,784,10000
2006/4/11,1799,490,106,88300,711,14700,215,51500,1577,7300,336,8800
2006/4/12,1800,483,111,104100,612,17300,194,60700,1123,8600,469,10400
2006/4/13,1801,575,105,117000,248,39000,161,78000,383,19500,537,11700
2006/4/14,1802,372,272,65100,768,10800,309,37900,1566,5400,1210,6500
2006/4/17,1803,575,146,131600,364,43800,171,87700,436,21900,478,13100
2006/4/18,1804,273,207,67600,984,11200,295,39400,1971,5600,456,6700
2006/4/19,1805,115,243,74700,302,24900,346,49800,344,12400,446,7400
2006/4/20,1806,872,82,112800,558,18800,186,65800,1289,9400,424,11200
2006/4/21,1807,036,163,85600,626,14200,295,49900,1163,7100,831,8500
2006/4/24,1808,422,493,49400,762,16400,575,32900,604,8200,997,4900
2006/4/25,1809,913,143,83300,666,13800,300,48500,1198,6900,531,8300
2006/4/26,1810,940,73,118400,523,19700,191,69000,1285,9800,351,11800
2006/4/27,1811,528,232,61600,937,10200,392,35900,1572,5100,513,6100
2006/4/28,1812,326,242,61600,785,10200,479,35900,1639,5100,632,6100
2006/5/1,1813,686,162,109500,361,36500,271,73000,490,18200,427,10900
2006/5/2,1814,735,205,60600,1139,10100,320,35300,1875,5000,625,6000
2006/5/3,1815,049,67,113000,527,18800,162,65900,976,9400,420,11300
2006/5/4,1816,861,110,90800,636,15100,184,52900,1343,7500,335,9000
2006/5/5,1817,074,67,137300,421,22800,118,80000,834,11400,470,13700
2006/5/8,1818,387,172,82500,956,13700,350,48100,1778,6800,626,8200
2006/5/9,1819,212,128,95600,366,31800,185,63700,385,15900,530,9500
2006/5/10,1820,694,97,104200,586,17300,181,60700,1229,8600,346,10400
2006/5/11,1821,994,148,105700,258,35200,205,70400,342,17600,239,10500
2006/5/12,1822,176,101,113000,597,18800,186,65900,1167,9400,419,11300
2006/5/15,1823,109,242,81200,748,13500,353,47300,1194,6700,894,8100
2006/5/16,1824,423,167,69600,698,11600,329,40600,1138,5800,706,6900
2006/5/17,1825,694,77,111700,527,18600,189,65100,1191,9300,289,11100
2006/5/18,1826,299,73,122200,245,40700,142,81400,426,20300,655,12200
2006/5/19,1827,908,99,108000,473,18000,227,63000,1032,9000,533,10800
2006/5/22,1828,493,108,124000,693,20600,189,72300,1330,10300,429,12400
2006/5/23,1829,962,74,102800,636,17100,180,59900,1298,8500,473,10200
2006/5/24,1830,287,85,100200,559,16700,232,58400,1249,8300,470,10000
2006/5/25,1831,941,96,107200,621,17800,163,62500,1310,8900,556,10700
2006/5/26,1832,598,91,132600,415,22100,183,77300,902,11000,470,13200
2006/5/29,1833,873,173,87300,964,14500,327,50900,1682,7200,562,8700
2006/5/30,1834,293,116,87300,693,14500,256,50900,1450,7200,413,8700
2006/5/31,1835,896,105,95200,666,15800,231,55500,1328,7900,481,9500
2006/6/1,1836,792,104,82700,865,13700,250,48200,1804,6800,477,8200
2006/6/2,1837,198,122,69500,971,11500,411,40500,2099,5700,636,6900
2006/6/5,1838,173,203,82000,1075,13600,275,47800,1812,6800,852,8200
2006/6/6,1839,850,92,106200,507,17700,176,61900,1087,8800,799,10600
2006/6/7,1840,795,100,106200,551,17700,179,61900,1045,8800,527,10600
2006/6/8,1841,858,108,94800,370,31600,182,63200,557,15800,530,9400
2006/6/9,1842,640,86,120900,488,20100,184,70500,1109,10000,326,12000
2006/6/12,1843,269,195,74400,1012,12400,385,43400,1622,6200,767,7400
2006/6/13,1844,178,151,69500,648,11500,341,40500,1282,5700,653,6900
2006/6/14,1845,333,538,72100,0,0,0,0,0,0,848,7200
2006/6/15,1846,862,83,94500,679,15700,216,55100,1355,7800,409,9400
2006/6/16,1847,612,212,64800,847,10800,416,37800,1562,5400,400,6400
2006/6/19,1848,696,126,118800,340,39600,184,79200,461,19800,617,11800
2006/6/20,1849,127,237,67900,668,11300,299,39600,1115,5600,671,6700
2006/6/21,1850,691,97,81700,760,13600,237,47600,1647,6800,592,8100
2006/6/22,1851,150,166,104500,469,17400,130,60900,1034,8700,286,10400
2006/6/23,1852,572,174,74400,861,12400,268,43400,1636,6200,471,7400
2006/6/26,1853,420,167,103300,663,17200,271,60200,1159,8600,407,10300
2006/6/27,1854,980,71,129400,451,21500,153,75400,1029,10700,335,12900
2006/6/28,1855,567,111,95400,534,15900,280,55600,880,7900,421,9500
2006/6/29,1856,618,215,64900,691,10800,393,37800,1169,5400,528,6400
2006/6/30,1857,218,151,77700,718,12900,338,45300,1583,6400,406,7700
2006/7/3,1858,878,148,115500,295,38500,211,77000,438,19200,577,11500
2006/7/4,1859,878,122,106800,210,35600,175,71200,371,17800,567,10600
2006/7/5,1860,117,251,62100,309,20700,384,41400,476,10300,416,6200
2006/7/6,1861,095,91,118600,459,19700,190,69100,996,9800,424,11800
2006/7/7,1862,890,134,82800,672,13800,317,48300,1447,6900,479,8200
2006/7/10,1863,236,182,78100,1067,13000,324,45500,1863,6500,618,7800
2006/7/11,1864,926,129,79300,696,13200,277,46200,1395,6600,455,7900
2006/7/12,1865,299,111,100700,275,33500,168,67100,431,16700,656,10000
2006/7/13,1866,675,81,121100,476,20100,138,70600,911,10000,584,12100
2006/7/14,1867,702,192,88100,524,14600,214,51300,1016,7300,580,8800
2006/7/17,1868,733,117,99400,361,33100,165,66200,554,16500,680,9900
2006/7/18,1869,544,118,92200,236,30700,162,61400,364,15300,970,9200
2006/7/19,1870,847,113,106500,456,17700,146,62100,933,8800,476,10600
2006/7/20,1871,973,78,97300,610,16200,208,56700,1227,8100,512,9700
2006/7/21,1872,496,133,79600,654,13200,250,46400,1408,6600,729,7900
2006/7/24,1873,638,393,44200,1300,7300,731,25700,2031,3600,676,4400
2006/7/25,1874,806,85,125800,381,20900,191,73300,750,10400,267,12500
2006/7/26,1875,666,623,64400,0,0,0,0,0,0,606,6400
2006/7/27,1876,129,181,67300,666,11200,334,39200,1301,5600,506,6700
2006/7/28,1877,190,156,71200,743,11800,338,41500,1436,5900,425,7100
2006/7/31,1878,141,100,139000,292,46300,130,92600,516,23100,432,13900
2006/8/1,1879,742,107,80000,847,13300,210,46600,1724,6600,466,8000
2006/8/2,1880,674,111,101600,472,16900,168,59200,911,8400,641,10100
2006/8/3,1881,558,108,95700,302,31900,195,63800,373,15900,530,9500
2006/8/4,1882,914,121,97700,505,16200,238,56900,994,8100,422,9700
2006/8/7,1883,076,69,155700,405,25900,137,90800,933,12900,470,15500
2006/8/8,1884,528,145,72800,744,12100,242,42400,1241,6000,503,7200
2006/8/9,1885,051,67,134200,395,22300,104,78200,845,11100,417,13400
2006/8/10,1886,932,77,99000,538,16500,174,57700,1255,8200,589,9900
2006/8/11,1887,172,82,108800,570,18100,153,63400,1254,9000,359,10800
2006/8/14,1888,370,83,105500,718,17500,173,61500,1421,8700,397,10500
2006/8/15,1889,647,103,104600,437,17400,174,61000,835,8700,482,10400
2006/8/16,1890,269,168,63500,768,10500,381,37000,1398,5200,575,6300
2006/8/17,1891,924,100,85300,578,14200,316,49700,1126,7100,489,8500
2006/8/18,1892,183,108,72500,962,12000,272,42200,1874,6000,688,7200
2006/8/21,1893,856,157,88400,715,14700,302,51500,1298,7300,846,8800
2006/8/22,1894,273,246,59700,704,9900,324,34800,1467,4900,549,5900
2006/8/23,1895,937,100,100900,466,16800,172,58800,1047,8400,618,10000
2006/8/24,1896,656,109,124000,200,41300,135,82600,293,20600,438,12400
2006/8/25,1897,924,132,94200,538,15700,243,54900,1055,7800,547,9400
2006/8/28,1898,321,196,87900,949,14600,239,51200,1449,7300,546,8700
2006/8/29,1899,374,132,75400,601,12500,306,43900,1354,6200,568,7500
2006/8/30,1900,845,213,66400,666,11000,311,38700,1281,5500,610,6600
2006/8/31,1901,535,103,118000,241,39300,160,78600,314,19600,479,11800
2006/9/1,1902,899,79,116100,241,38700,171,77400,332,19300,808,11600
2006/9/4,1903,349,134,97500,897,16200,292,56800,1632,8100,590,9700
2006/9/5,1904,874,165,81900,618,13600,237,47700,1180,6800,602,8100
2006/9/6,1905,104,162,92400,521,15400,255,53900,903,7700,363,9200
2006/9/7,1906,522,139,98500,286,32800,182,65600,438,16400,510,9800
2006/9/8,1907,815,151,80700,643,13400,347,47000,1134,6700,446,8000
2006/9/11,1908,892,126,95600,946,15900,262,55700,1713,7900,606,9500
2006/9/12,1909,859,66,133900,403,22300,144,78100,859,11100,403,13300
2006/9/13,1910,468,161,72600,597,12100,316,42300,1100,6000,733,7200
2006/9/14,1911,062,69,129500,513,21500,130,75500,1110,10700,327,12900
2006/9/15,1912,019,82,109800,731,18300,154,64000,1309,9100,480,10900
2006/9/18,1913,121,191,81600,432,27200,254,54400,531,13600,521,8100
2006/9/19,1914,955,95,117100,211,39000,149,78000,261,19500,657,11700
2006/9/20,1915,918,273,47700,936,7900,550,27800,1715,3900,503,4700
2006/9/21,1916,586,115,100900,616,16800,186,58800,1052,8400,413,10000
2006/9/22,1917,875,167,83200,577,13800,252,48500,1084,6900,822,8300
2006/9/25,1918,402,136,113900,734,18900,243,66400,1114,9400,434,11300
2006/9/26,1919,161,96,139200,192,46400,91,92800,370,23200,303,13900
2006/9/27,1920,898,141,93000,277,31000,198,62000,423,15500,494,9300
2006/9/28,1921,890,167,66100,817,11000,374,38500,1584,5500,610,6600
2006/9/29,1922,448,106,112400,271,37400,218,74900,282,18700,577,11200
2006/10/2,1923,633,202,82100,381,27300,258,54700,539,13600,1414,8200
2006/10/3,1924,461,95,101500,618,16900,205,59200,1202,8400,305,10100
2006/10/4,1925,757,149,87900,354,29300,175,58600,381,14600,716,8700
2006/10/5,1926,924,244,58500,633,9700,456,34100,1021,4800,634,5800
2006/10/6,1927,813,194,56200,994,9300,381,32700,1876,4600,471,5600
2006/10/9,1928,113,277,69900,434,23300,320,46600,431,11600,428,6900
2006/10/10,1929,874,141,78600,529,13100,245,45800,962,6500,660,7800
2006/10/11,1930,402,150,85200,469,14200,281,49700,919,7100,308,8500
2006/10/12,1931,595,102,120800,250,40200,116,80500,335,20100,479,12000
2006/10/13,1932,887,122,105200,256,35000,177,70100,443,17500,669,10500
2006/10/16,1933,559,189,93100,380,31000,278,62000,404,15500,771,9300
2006/10/17,1934,700,110,111700,180,37200,150,74400,263,18600,869,11100
2006/10/18,1935,236,211,61500,715,10200,345,35800,1414,5100,742,6100
2006/10/19,1936,113,188,78700,318,26200,268,52400,376,13100,402,7800
2006/10/20,1937,703,188,81800,465,13600,319,47700,1077,6800,439,8100
2006/10/23,1938,243,129,95300,934,15800,214,55500,1552,7900,618,9500
2006/10/24,1939,286,88,104800,578,17400,177,61100,1066,8700,413,10400
2006/10/25,1940,440,102,119900,217,39900,179,79900,332,19900,407,11900
2006/10/26,1941,483,119,91300,712,15200,242,53200,1144,7600,356,9100
2006/10/27,1942,850,93,127400,482,21200,156,74300,1002,10600,344,12700
2006/10/30,1943,588,224,77900,565,25900,229,51900,812,12900,803,7700
2006/10/31,1944,121,170,81700,352,27200,229,54400,446,13600,535,8100
2006/11/1,1945,855,239,64500,415,21500,271,43000,573,10700,796,6400
2006/11/2,1946,679,169,78400,575,13000,316,45700,1306,6500,596,7800
2006/11/3,1947,303,176,82900,312,27600,216,55200,412,13800,372,8200
2006/11/6,1948,992,167,97000,420,32300,231,64600,504,16100,797,9700
2006/11/7,1949,713,130,86100,563,14300,247,50200,1041,7100,522,8600
2006/11/8,1950,630,135,84200,556,14000,266,49100,1236,7000,415,8400
2006/11/9,1951,663,168,68500,387,22800,261,45600,563,11400,838,6800
2006/11/10,1952,368,178,65700,778,10900,378,38300,1633,5400,490,6500
2006/11/13,1953,972,116,93300,868,15500,232,54400,1809,7700,546,9300
2006/11/14,1954,131,159,69600,420,23200,226,46400,742,11600,437,6900
2006/11/15,1955,861,91,108100,510,18000,188,63000,1086,9000,282,10800
2006/11/16,1956,432,107,102400,579,17000,168,59700,1117,8500,390,10200
2006/11/17,1957,414,166,76300,388,25400,270,50800,528,12700,501,7600
2006/11/20,1958,312,197,69100,1189,11500,343,40300,1619,5700,570,6900
2006/11/21,1959,192,90,107000,552,17800,156,62400,1171,8900,333,10700
2006/11/22,1960,460,65,143300,354,23800,135,83500,809,11900,373,14300
2006/11/23,1961,092,66,124900,357,20800,138,72800,913,10400,268,12400
2006/11/24,1962,395,84,115400,502,19200,185,67300,1158,9600,334,11500
2006/11/27,1963,697,119,127600,503,21200,176,74400,893,10600,603,12700
2006/11/28,1964,359,151,92700,440,15400,230,54000,870,7700,480,9200
2006/11/29,1965,042,115,101300,508,16800,180,59000,1085,8400,497,10100
2006/11/30,1966,826,176,72000,637,12000,311,42000,1206,6000,782,7200
2006/12/1,1967,533,131,84000,362,28000,210,56000,482,14000,1011,8400
2006/12/4,1968,407,135,96700,740,16100,316,56400,1248,8000,544,9600
2006/12/5,1969,675,85,98100,526,16300,211,57200,969,8100,653,9800
2006/12/6,1970,455,101,103400,265,34400,164,68900,344,17200,745,10300
2006/12/7,1971,198,149,64900,769,10800,340,37800,1639,5400,579,6400
2006/12/8,1972,058,80,110300,537,18300,195,64300,1175,9100,529,11000
2006/12/11,1973,719,201,87100,754,14500,326,50800,1288,7200,554,8700
2006/12/12,1974,692,167,63400,841,10500,306,36900,1672,5200,646,6300
2006/12/13,1975,049,69,110100,536,18300,177,64200,1162,9100,363,11000
2006/12/14,1976,555,732,110100,634,18300,177,64200,1162,9100,363,11000
2006/12/15,1977,536,99,98200,720,16300,184,57200,1297,8100,614,9800
2006/12/18,1978,649,149,90500,892,15000,311,52700,1729,7500,406,9000
2006/12/19,1979,808,158,99800,235,33200,216,66500,264,16600,358,9900
2006/12/20,1980,652,76,116900,613,19400,154,68100,1132,9700,425,11600
2006/12/21,1981,778,126,105400,230,35100,188,70200,291,17500,576,10500
2006/12/22,1982,833,132,102400,268,34100,146,68200,404,17000,835,10200
2006/12/25,1983,218,200,76700,987,12700,373,44700,1626,6300,732,7600
2006/12/26,1984,258,143,69000,707,11500,358,40200,1253,5700,519,6900
2006/12/27,1985,824,163,75700,654,12600,313,44100,1201,6300,748,7500
2006/12/28,1986,129,194,73100,614,12100,366,42600,1255,6000,562,7300
2006/12/29,1987,061,62,123600,576,20600,170,72100,1178,10300,601,12300
2007/1/4,1988,090,134,110500,229,36800,226,73600,349,18400,673,11000
2007/1/5,1989,942,93,99400,668,16500,177,57900,1635,8200,506,9900
2007/1/8,1990,726,176,86400,725,14400,332,50400,1257,7200,630,8600
2007/1/9,1991,522,121,98200,278,32700,199,65400,428,16300,557,9800
2007/1/10,1992,949,82,136200,235,45400,143,90800,317,22700,438,13600
2007/1/11,1993,438,119,90100,618,15000,237,52500,1173,7500,710,9000
2007/1/12,1994,305,169,82700,620,13700,299,48200,1061,6800,702,8200
2007/1/15,1995,847,163,102600,747,17100,257,59800,1381,8500,653,10200
2007/1/16,1996,581,136,79800,675,13300,251,46500,1247,6600,926,7900
2007/1/17,1997,908,178,74000,638,12300,336,43100,1248,6100,366,7400
2007/1/18,1998,580,113,115600,507,19200,151,67400,1042,9600,352,11500
2007/1/19,1999,900,111,118700,212,39500,175,79100,327,19700,693,11800
2007/1/22,2000,440,125,135600,313,45200,204,90400,364,22600,361,13500
2007/1/23,2001,325,245,64000,714,10600,343,37300,1196,5300,649,6400
2007/1/24,2002,567,171,84600,560,14100,268,49300,1028,7000,478,8400
2007/1/25,2003,537,164,71000,951,11800,275,41400,1792,5900,480,7100
2007/1/26,2004,810,170,95200,530,15800,247,55500,1127,7900,418,9500
2007/1/29,2005,525,249,90000,409,30000,285,60000,393,15000,620,9000
2007/1/30,2006,574,146,95700,514,15900,181,55800,1146,7900,746,9500
2007/1/31,2007,311,267,47700,807,15900,283,31800,1227,7900,1246,4700
2007/2/1,2008,624,189,69900,823,11600,356,40700,1352,5800,558,6900
2007/2/2,2009,594,252,74800,601,12400,287,43600,1359,6200,553,7400
2007/2/5,2010,412,234,74800,1133,12400,401,43600,1810,6200,695,7400
2007/2/6,2011,815,268,72600,596,12100,282,42300,995,6000,500,7200
2007/2/7,2012,539,115,91400,655,15200,250,53300,1133,7600,627,9100
2007/2/8,2013,874,273,73800,612,12300,260,43000,1128,6100,385,7300
2007/2/9,2014,008,205,104100,230,34700,167,69400,332,17300,437,10400
2007/2/12,2015,842,133,88300,1012,14700,227,51500,1608,7300,568,8800
2007/2/13,2016,268,129,85700,614,14200,275,49900,1121,7100,407,8500
2007/2/14,2017,315,246,54500,867,9000,443,31700,1636,4500,382,5400
2007/2/15,2018,453,145,80300,757,13300,248,46800,1369,6600,1019,8000
2007/2/16,2019,519,239,75200,605,12500,364,43800,1218,6200,458,7500
2007/2/19,2020,449,146,110200,341,36700,253,73400,498,18300,638,11000
2007/2/20,2021,027,95,101200,536,16800,199,59000,1108,8400,689,10100
2007/2/21,2022,240,83,102500,597,17000,198,59700,1341,8500,396,10200
2007/2/22,2023,705,182,94000,395,15600,288,54800,754,7800,348,9400
2007/2/23,2024,939,104,122500,258,40800,150,81600,345,20400,563,12200
2007/2/26,2025,964,157,94000,879,15600,253,54800,1671,7800,694,9400
2007/2/27,2026,160,75,134900,464,22400,155,78600,955,11200,276,13400
2007/2/28,2027,172,134,92600,678,15400,191,54000,1400,7700,502,9200
2007/3/1,2028,378,183,71300,759,11800,343,41500,1502,5900,557,7100
2007/3/2,2029,308,171,80600,570,13400,384,47000,1202,6700,507,8000
2007/3/5,2030,321,257,70200,1151,11700,377,40900,1678,5800,651,7000
2007/3/6,2031,477,104,114000,217,38000,162,76000,348,19000,738,11400
2007/3/7,2032,974,112,92300,611,15300,186,53800,1490,7600,520,9200
2007/3/8,2033,417,217,61800,823,10300,446,36000,1594,5100,482,6100
2007/3/9,2034,938,126,91500,635,15200,236,53300,1387,7600,666,9100
2007/3/12,2035,415,313,69600,794,11600,412,40600,1221,5800,741,6900
2007/3/13,2036,403,87,127200,397,21200,171,74200,835,10600,361,12700
2007/3/14,2037,971,117,115400,418,19200,150,67300,1077,9600,381,11500
2007/3/15,2038,977,160,91600,300,30500,220,61000,377,15200,503,9100
2007/3/16,2039,231,117,108500,684,18000,127,63200,1286,9000,478,10800
2007/3/19,2040,732,144,90000,977,15000,246,52500,1861,7500,609,9000
2007/3/20,2041,149,187,77300,632,12800,235,45000,1334,6400,570,7700
2007/3/21,2042,550,89,115600,226,38500,130,77000,343,19200,480,11500
2007/3/22,2043,334,90,137300,192,45700,129,91500,299,22800,444,13700
2007/3/23,2044,034,89,117400,593,19500,151,68400,1251,9700,435,11700
2007/3/26,2045,632,186,63300,1688,10500,298,36900,2963,5200,618,6300
2007/3/27,2046,707,73,155500,167,51800,141,103600,219,25900,308,15500
2007/3/28,2047,001,84,178300,135,59400,94,118800,200,29700,366,17800
2007/3/29,2048,984,83,115900,466,19300,164,67600,1037,9600,510,11500
2007/3/30,2049,771,85,131600,220,43800,159,87700,402,21900,399,13100
2007/4/2,2050,746,181,86400,730,14400,303,50400,1212,7200,1088,8600
2007/4/3,2051,330,242,63700,354,21200,340,42400,409,10600,456,6300
2007/4/4,2052,121,162,77700,304,25900,246,51800,487,12900,474,7700
2007/4/5,2053,368,171,72300,665,12000,325,42100,1436,6000,428,7200
2007/4/6,2054,379,138,84600,608,14100,309,49300,1151,7000,452,8400
2007/4/9,2055,266,130,115300,363,38400,178,76800,412,19200,659,11500
2007/4/10,2056,646,95,122000,181,40600,164,81300,301,20300,449,12200
2007/4/11,2057,165,125,94500,530,15700,195,55100,1200,7800,462,9400
2007/4/12,2058,715,168,68400,729,11400,336,39900,1434,5700,545,6800
2007/4/13,2059,183,132,81600,771,13600,238,47600,1746,6800,646,8100
2007/4/16,2060,223,212,85600,391,28500,319,57000,414,14200,661,8500
2007/4/17,2061,974,102,93600,450,15600,202,54600,1167,7800,809,9300
2007/4/18,2062,621,140,84300,624,14000,218,49100,1356,7000,407,8400
2007/4/19,2063,519,157,82400,521,13700,318,48000,889,6800,608,8200
2007/4/20,2064,926,177,64900,848,10800,421,37800,1643,5400,612,6400
2007/4/23,2065,301,149,102200,767,17000,273,59600,1358,8500,386,10200
2007/4/24,2066,456,152,83000,532,13800,320,48400,858,6900,500,8300
2007/4/25,2067,123,362,43200,971,7200,651,25200,1593,3600,587,4300
2007/4/26,2068,157,141,103100,535,17100,187,60100,1126,8500,409,10300
2007/4/27,2069,306,144,90900,593,15100,317,53000,1211,7500,383,9000
2007/4/30,2070,701,137,114000,517,19000,221,66500,964,9500,422,11400
2007/5/1,2071,654,146,97700,548,16200,177,56900,985,8100,517,9700
2007/5/2,2072,399,92,119900,223,39900,139,79900,267,19900,1119,11900
2007/5/3,2073,231,113,63900,1055,10600,212,37200,2171,5300,676,6300
2007/5/4,2074,172,99,104700,514,17400,160,61000,1109,8700,512,10400
2007/5/7,2075,302,233,85800,799,14300,349,50000,1162,7100,484,8500
2007/5/8,2076,827,204,75400,546,12500,314,43900,1086,6200,548,7500
2007/5/9,2077,936,114,74800,806,12400,277,43600,1655,6200,570,7400
2007/5/10,2078,466,87,133400,193,44400,147,88900,288,22200,457,13300
2007/5/11,2079,725,180,70100,778,11600,377,40800,1399,5800,552,7000
2007/5/14,2080,594,172,99100,668,16500,267,57800,1391,8200,419,9900
2007/5/15,2081,716,148,84800,515,14100,246,49400,970,7000,702,8400
2007/5/16,2082,178,161,84500,561,14000,257,49200,1111,7000,479,8400
2007/5/17,2083,544,78,131500,231,43800,114,87600,332,21900,635,13100
2007/5/18,2084,826,185,72800,715,12100,348,42400,1273,6000,707,7200
2007/5/21,2085,522,376,57800,521,19200,490,38500,570,9600,790,5700
2007/5/22,2086,803,117,103400,544,17200,173,60300,1104,8600,403,10300
2007/5/23,2087,821,175,74400,644,12400,272,43400,1425,6200,505,7400
2007/5/24,2088,407,125,103500,486,17200,225,60300,812,8600,350,10300
2007/5/25,2089,353,102,100100,329,33300,172,66700,496,16600,464,10000
2007/5/28,2090,642,171,76500,1265,12700,279,44600,2087,6300,657,7600
2007/5/29,2091,428,205,65200,700,10800,370,38000,1187,5400,640,6500
2007/5/30,2092,156,141,94100,529,15600,203,54800,1190,7800,422,9400
2007/5/31,2093,386,133,78600,738,13100,295,45800,1598,6500,477,7800
2007/6/1,2094,392,124,95400,679,15900,229,55600,1480,7900,463,9500
2007/6/4,2095,242,128,118900,376,39600,143,79200,572,19800,557,11800
2007/6/5,2096,556,111,103500,281,34500,196,69000,357,17200,551,10300
2007/6/6,2097,045,86,117800,421,19600,194,68700,881,9800,476,11700
2007/6/7,2098,405,200,87400,455,14500,238,50900,855,7200,374,8700
2007/6/8,2099,032,66,136400,462,22700,106,79500,1055,11300,600,13600
2007/6/11,2100,642,182,69100,1317,11500,300,40300,2116,5700,868,6900
2007/6/12,2101,135,193,55000,988,9100,382,32000,1959,4500,542,5500
2007/6/13,2102,560,98,107000,405,17800,202,62400,914,8900,479,10700
2007/6/14,2103,989,94,91900,229,30600,178,61200,344,15300,1226,9100
2007/6/15,2104,236,201,65600,871,10900,351,38200,1795,5400,674,6500
2007/6/18,2105,222,647,65600,764,10900,351,38200,1795,5400,674,6500
2007/6/19,2106,584,73,126200,435,21000,163,73600,939,10500,329,12600
2007/6/20,2107,791,96,93800,608,15600,211,54700,1343,7800,465,9300
2007/6/21,2108,106,136,91200,506,15200,286,53200,899,7600,401,9100
2007/6/22,2109,757,65,131700,233,43900,150,87800,323,21900,456,13100
2007/6/25,2110,859,91,138600,497,23100,172,80800,1069,11500,591,13800
2007/6/26,2111,925,150,70600,647,11700,367,41100,1267,5800,586,7000
2007/6/27,2112,482,116,80500,752,13400,230,46900,1474,6700,685,8000
2007/6/28,2113,278,123,88600,571,14700,249,51600,1133,7300,635,8800
2007/6/29,2114,453,123,99400,635,16500,201,57900,1171,8200,454,9900
2007/7/2,2115,447,175,101300,338,33700,250,67500,383,16800,716,10100
2007/7/3,2116,656,109,110200,221,36700,184,73400,293,18300,634,11000
2007/7/4,2117,012,103,96800,475,16100,235,56400,951,8000,582,9600
2007/7/5,2118,055,115,109900,252,36600,112,73200,360,18300,903,10900
2007/7/6,2119,128,208,69200,594,11500,410,40300,1190,5700,544,6900
2007/7/9,2120,591,115,119500,704,19900,184,69700,1406,9900,371,11900
2007/7/10,2121,170,76,90600,838,15100,146,52800,1683,7500,483,9000
2007/7/11,2122,778,97,111000,226,37000,186,74000,359,18500,470,11100
2007/7/12,2123,586,93,111600,490,18600,173,65100,1046,9300,410,11100
2007/7/13,2124,867,119,90700,586,15100,235,52900,1281,7500,583,9000
2007/7/16,2125,864,120,107100,645,17800,166,62400,1189,8900,434,10700
2007/7/17,2126,398,147,94500,452,15700,220,55100,857,7800,417,9400
2007/7/18,2127,752,101,81700,813,13600,193,47600,1588,6800,615,8100
2007/7/19,2128,600,102,133700,156,44500,124,89100,199,22200,675,13300
2007/7/20,2129,089,150,78500,686,13000,241,45700,1516,6500,515,7800
2007/7/23,2130,857,138,91800,800,15300,257,53500,1423,7600,569,9100
2007/7/24,2131,287,109,94000,606,15600,148,54800,1172,7800,531,9400
2007/7/25,2132,938,94,102000,479,17000,183,59500,1066,8500,712,10200
2007/7/26,2133,818,161,80600,283,26800,268,53700,361,13400,588,8000
2007/7/27,2134,391,107,96900,584,16100,203,56500,1416,8000,348,9600
2007/7/30,2135,254,116,92500,761,15400,241,53900,1643,7700,545,9200
2007/7/31,2136,971,70,115300,518,19200,150,67200,1105,9600,422,11500
2007/8/1,2137,931,81,111400,493,18500,160,64900,1057,9200,465,11100
2007/8/2,2138,498,89,115900,425,19300,176,67600,858,9600,365,11500
2007/8/3,2139,509,141,79300,554,13200,329,46200,990,6600,702,7900
2007/8/6,2140,318,224,68100,887,11300,397,39700,1720,5600,533,6800
2007/8/7,2141,081,66,123100,513,20500,119,71800,1027,10200,378,12300
2007/8/8,2142,112,124,85700,296,28500,232,57100,406,14200,364,8500
2007/8/9,2143,987,106,73600,747,12200,274,42900,1510,6100,345,7300
2007/8/10,2144,189,208,41100,1246,6800,636,23900,2533,3400,515,4100
2007/8/13,2145,700,53,157400,167,52400,133,104900,261,26200,573,15700
2007/8/14,2146,035,100,107500,376,17900,120,62700,762,8900,385,10700
2007/8/15,2147,478,101,82900,536,13800,228,48300,1051,6900,654,8200
2007/8/16,2148,822,138,85500,274,28500,228,57000,323,14200,510,8500
2007/8/17,2149,703,145,79600,487,13200,362,46400,969,6600,396,7900
2007/8/20,2150,975,89,125300,517,20800,167,73000,1026,10400,722,12500
2007/8/21,2151,912,120,83000,621,13800,238,48400,1284,6900,409,8300
2007/8/22,2152,730,90,114600,408,19100,161,66800,878,9500,358,11400
2007/8/23,2153,152,91,95400,627,15900,173,55600,1467,7900,384,9500
2007/8/24,2154,830,143,89900,590,14900,265,52400,1179,7400,304,8900
2007/8/27,2155,494,82,146200,269,48700,154,97400,372,24300,479,14600
2007/8/28,2156,239,94,95100,566,15800,187,55400,1297,7900,472,9500
2007/8/29,2157,678,141,77100,512,12800,327,44900,812,6400,807,7700
2007/8/30,2158,585,160,73600,325,24500,191,49000,470,12200,1188,7300
2007/8/31,2159,387,108,87900,614,14600,253,51200,1438,7300,520,8700
2007/9/3,2160,353,150,94100,446,31300,253,62700,441,15600,631,9400
2007/9/4,2161,626,124,91900,258,30600,213,61200,316,15300,702,9100
2007/9/5,2162,677,99,117600,213,39200,131,78400,353,19600,511,11700
2007/9/6,2163,571,72,94200,596,15700,240,54900,1314,7800,318,9400
2007/9/7,2164,150,97,118100,473,19600,133,68800,1070,9800,399,11800
2007/9/10,2165,400,214,88700,309,29500,261,59100,390,14700,770,8800
2007/9/11,2166,092,72,105600,468,17600,188,61600,1042,8800,511,10500
2007/9/12,2167,198,136,61800,802,10300,349,36000,1737,5100,563,6100
2007/9/13,2168,169,88,96200,479,16000,207,56100,1039,8000,698,9600
2007/9/14,2169,618,151,73600,647,12200,352,42900,1227,6100,540,7300
2007/9/17,2170,755,125,92000,373,30600,190,61300,427,15300,763,9200
2007/9/18,2171,233,98,100700,217,33500,120,67100,368,16700,971,10000
2007/9/19,2172,673,79,101500,507,16900,179,59200,1028,8400,543,10100
2007/9/20,2173,145,110,94200,465,15700,189,54900,1020,7800,718,9400
2007/9/21,2174,461,97,92500,584,15400,238,53900,1221,7700,420,9200
2007/9/24,2175,938,109,103400,589,17200,191,60300,1091,8600,605,10300
2007/9/25,2176,762,86,99000,580,16500,172,57700,1119,8200,481,9900
2007/9/26,2177,691,80,112200,467,18700,180,65400,1055,9300,386,11200
2007/9/27,2178,842,102,96200,655,16000,138,56100,1309,8000,537,9600
2007/9/28,2179,009,140,105400,237,35100,165,70200,339,17500,524,10500
2007/10/1,2180,644,98,122600,273,40800,178,81700,350,20400,735,12200
2007/10/2,2181,809,82,103400,558,17200,193,60300,1157,8600,275,10300
2007/10/3,2182,958,84,113800,380,18900,139,66300,801,9400,766,11300
2007/10/4,2183,863,143,66800,778,11100,282,38900,1831,5500,530,6600
2007/10/5,2184,236,131,72800,751,12100,302,42400,1459,6000,679,7200
2007/10/8,2185,525,184,87800,313,29200,241,58500,323,14600,678,8700
2007/10/9,2186,744,107,123800,191,41200,103,82500,251,20600,443,12300
2007/10/10,2187,884,97,113600,219,37800,172,75700,270,18900,402,11300
2007/10/11,2188,785,93,97800,573,16300,175,57000,1284,8100,395,9700
2007/10/12,2189,561,85,106600,511,17700,190,62100,1163,8800,373,10600
2007/10/15,2190,278,158,79800,802,13300,310,46500,1318,6600,1190,7900
2007/10/16,2191,864,141,83900,654,13900,218,48900,1161,6900,370,8300
2007/10/17,2192,757,112,86600,341,28800,202,57700,482,14400,645,8600
2007/10/18,2193,832,115,82100,630,13600,229,47800,1365,6800,711,8200
2007/10/19,2194,966,102,102400,269,34100,171,68200,380,17000,711,10200
2007/10/22,2195,604,111,121900,515,20300,213,71100,983,10100,521,12100
2007/10/23,2196,171,102,104700,304,34900,120,69800,488,17400,333,10400
2007/10/24,2197,391,113,90400,560,15000,187,52700,1204,7500,436,9000
2007/10/25,2198,614,130,84600,572,14100,253,49300,1065,7000,617,8400
2007/10/26,2199,685,56,108100,571,18000,178,63000,1186,9000,526,10800
2007/10/29,2200,130,161,95800,685,15900,242,55800,1156,7900,587,9500
2007/10/30,2201,079,114,105200,335,17500,188,61300,859,8700,486,10500
2007/10/31,2202,675,109,98000,579,16300,189,57100,1097,8100,461,9800
2007/11/1,2203,038,73,117800,438,19600,134,68700,924,9800,732,11700
2007/11/2,2204,254,100,97800,581,16300,210,57000,1231,8100,522,9700
2007/11/5,2205,018,97,124200,598,20700,163,72400,1071,10300,693,12400
2007/11/6,2206,928,145,74000,565,12300,309,43100,1370,6100,569,7400
2007/11/7,2207,418,125,86400,531,14400,274,50400,1112,7200,399,8600
2007/11/8,2208,955,113,80400,394,26800,192,53600,473,13400,1040,8000
2007/11/9,2209,409,149,80600,531,13400,337,47000,1079,6700,474,8000
2007/11/12,2210,638,313,52100,1116,8600,570,30300,1703,4300,880,5200
2007/11/13,2211,334,92,115200,225,38400,172,76800,321,19200,382,11500
2007/11/14,2212,785,71,111500,544,18500,159,65000,1047,9200,442,11100
2007/11/15,2213,892,89,98100,570,16300,198,57200,1181,8100,576,9800
2007/11/16,2214,679,114,98500,475,16400,246,57400,1081,8200,483,9800
2007/11/19,2215,762,96,119400,671,19900,177,69600,1205,9900,528,11900
2007/11/20,2216,652,94,99700,616,16600,144,58100,1276,8300,410,9900
2007/11/21,2217,145,131,79100,588,13100,234,46100,1397,6500,587,7900
2007/11/22,2218,013,128,88400,530,14700,198,51500,1179,7300,737,8800
2007/11/23,2219,601,100,101900,423,16900,194,59400,823,8400,415,10100
2007/11/26,2220,781,90,120600,656,20100,190,70300,1330,10000,409,12000
2007/11/27,2221,395,80,100400,543,16700,199,58500,1168,8300,446,10000
2007/11/28,2222,373,119,91000,297,30300,192,60600,430,15100,593,9100
2007/11/29,2223,361,136,72500,718,12000,306,42200,1482,6000,532,7200
2007/11/30,2224,326,151,68600,725,11400,360,40000,1368,5700,869,6800
2007/12/3,2225,469,177,79500,788,13200,384,46300,1458,6600,546,7900
2007/12/4,2226,517,149,70000,646,11600,322,40800,1263,5800,575,7000
2007/12/5,2227,515,170,82000,270,27300,250,54600,358,13600,483,8200
2007/12/6,2228,426,176,61900,820,10300,387,36100,1467,5100,537,6100
2007/12/7,2229,306,107,85900,617,14300,339,50100,1314,7100,306,8500
2007/12/10,2230,839,155,79800,968,13300,298,46500,1853,6600,884,7900
2007/12/11,2231,943,104,99400,458,16500,194,57900,963,8200,646,9900
2007/12/12,2232,580,70,107900,507,17900,195,62900,1049,8900,573,10700
2007/12/13,2233,033,122,93100,250,31000,156,62000,430,15500,891,9300
2007/12/14,2234,579,119,105400,527,17500,229,61400,913,8700,517,10500
2007/12/17,2235,888,855,61200,0,0,0,0,0,0,1055,6100
2007/12/18,2236,761,101,100700,486,16700,173,58700,1191,8300,489,10000
2007/12/19,2237,896,128,87500,557,14500,209,51000,1169,7200,740,8700
2007/12/20,2238,538,188,50500,1105,8400,465,29400,2206,4200,840,5000
2007/12/21,2239,958,101,99500,505,16500,211,58000,1156,8200,830,9900
2007/12/24,2240,768,108,97400,732,16200,246,56800,1351,8100,519,9700
2007/12/25,2241,294,142,75800,646,12600,327,44200,1471,6300,450,7500
2007/12/26,2242,304,114,108000,428,18000,234,63000,897,9000,415,10800
2007/12/27,2243,715,139,75000,726,12500,357,43700,1490,6200,689,7500
2007/12/28,2244,182,175,70300,1069,11700,309,41000,2085,5800,707,7000
2008/1/4,2245,029,142,91400,774,15200,266,53300,1470,7600,909,9100
2008/1/7,2246,965,127,115000,689,19100,221,67000,1385,9500,519,11500
2008/1/8,2247,682,132,80800,790,13400,258,47100,1504,6700,425,8000
2008/1/9,2248,443,228,85500,293,28500,184,57000,327,14200,568,8500
2008/1/10,2249,972,104,88300,664,14700,230,51500,1503,7300,637,8800
2008/1/11,2250,900,130,113900,217,37900,146,75900,283,18900,802,11300
2008/1/14,2251,978,144,79500,864,13200,268,46300,1553,6600,913,7900
2008/1/15,2252,651,106,81700,626,13600,227,47600,1411,6800,893,8100
2008/1/16,2253,178,185,73200,578,12200,293,42700,1213,6100,622,7300
2008/1/17,2254,810,124,88400,547,14700,294,51500,998,7300,448,8800
2008/1/18,2255,066,88,120500,230,40100,165,80300,363,20000,658,12000
2008/1/21,2256,875,167,84600,960,14100,301,49300,1582,7000,550,8400
2008/1/22,2257,297,146,78200,616,13000,216,45600,1360,6500,820,7800
2008/1/23,2258,390,112,91600,574,15200,183,53400,1312,7600,381,9100
2008/1/24,2259,018,70,118600,425,19700,135,69100,922,9800,692,11800
2008/1/25,2260,004,72,160800,200,53600,109,107200,315,26800,374,16000
2008/1/28,2261,982,133,87100,990,14500,251,50800,1902,7200,581,8700
2008/1/29,2262,488,78,141200,159,47000,129,94100,242,23500,540,14100
2008/1/30,2263,514,147,84100,574,14000,296,49000,1041,7000,429,8400
2008/1/31,2264,309,141,96000,436,16000,246,56000,925,8000,558,9600
2008/2/1,2265,170,85,122600,533,20400,144,71500,1160,10200,460,12200
2008/2/4,2266,122,217,79400,457,26400,269,52900,534,13200,873,7900
2008/2/5,2267,699,108,104500,252,34800,173,69600,361,17400,605,10400
2008/2/6,2268,745,148,82600,585,13700,261,48100,1028,6800,517,8200
2008/2/7,2269,014,84,114500,490,19000,190,66700,1031,9500,362,11400
2008/2/8,2270,086,66,130000,536,21600,129,75800,1110,10800,504,13000
2008/2/11,2271,014,109,127300,507,21200,173,74200,916,10600,426,12700
2008/2/12,2272,610,125,88600,460,14700,256,51600,902,7300,319,8800
2008/2/13,2273,569,106,108300,364,18000,200,63100,845,9000,481,10800
2008/2/14,2274,705,110,97800,437,16300,294,57000,773,8100,412,9700
2008/2/15,2275,435,98,102700,614,17100,175,59900,1186,8500,1008,10200
2008/2/18,2276,599,164,122500,266,40800,186,81600,341,20400,650,12200
2008/2/19,2277,802,91,100200,550,16700,249,58400,1088,8300,376,10000
2008/2/20,2278,215,261,57200,755,9500,418,33300,1299,4700,690,5700
2008/2/21,2279,276,90,96000,589,16000,205,56000,1180,8000,767,9600
2008/2/22,2280,175,115,77800,866,12900,329,45300,1692,6400,453,7700
2008/2/25,2281,128,242,61400,1109,10200,495,35800,1984,5100,834,6100
2008/2/26,2282,472,83,96800,641,16100,209,56400,1417,8000,304,9600
2008/2/27,2283,348,135,76700,652,12700,301,44700,1309,6300,693,7600
2008/2/28,2284,956,115,87800,620,14600,259,51200,1287,7300,672,8700
2008/2/29,2285,616,181,91100,265,30300,273,60700,368,15100,568,9100
2008/3/3,2286,648,203,83200,885,13800,356,48500,1466,6900,545,8300
2008/3/4,2287,199,73,151400,190,50400,85,100900,309,25200,551,15100
2008/3/5,2288,022,96,111200,264,37000,150,74100,434,18500,565,11100
2008/3/6,2289,858,63,133100,276,44300,125,88700,394,22100,493,13300
2008/3/7,2290,842,80,99600,764,16600,166,58100,1592,8300,504,9900
2008/3/10,2291,686,153,106500,351,35500,248,71000,391,17700,501,10600
2008/3/11,2292,685,91,101500,620,16900,185,59200,1286,8400,435,10100
2008/3/12,2293,633,174,81300,281,27100,166,54200,408,13500,1195,8100
2008/3/13,2294,139,90,95200,698,15800,178,55500,1437,7900,567,9500
2008/3/14,2295,317,256,55900,689,9300,503,32600,1263,4600,641,5500
2008/3/17,2296,281,149,86000,1072,14300,209,50100,1914,7100,785,8600
2008/3/18,2297,440,102,104400,270,34800,190,69600,385,17400,446,10400
2008/3/19,2298,240,80,89800,693,14900,200,52300,1523,7400,292,8900
2008/3/20,2299,418,137,65400,588,10900,355,38100,1129,5400,582,6500
2008/3/21,2300,411,125,85900,311,28600,226,57200,421,14300,914,8500
2008/3/24,2301,048,124,99500,678,16500,231,58000,1318,8200,622,9900
2008/3/25,2302,849,80,110500,485,18400,165,64400,1148,9200,468,11000
2008/3/26,2303,022,70,143600,185,47800,94,95700,347,23900,599,14300
2008/3/27,2304,631,100,91800,690,15300,195,53500,1440,7600,471,9100
2008/3/28,2305,197,136,80700,665,13400,322,47000,1307,6700,389,8000
2008/3/31,2306,909,196,96200,293,32000,246,64100,400,16000,570,9600
2008/4/1,2307,401,341,44000,871,7300,561,25600,1362,3600,432,4400
2008/4/2,2308,601,85,92200,642,15300,234,53700,1210,7600,346,9200
2008/4/3,2309,279,106,98300,515,16300,214,57300,1160,8100,381,9800
2008/4/4,2310,889,107,101500,282,33800,225,67600,363,16900,501,10100
2008/4/7,2311,457,114,114700,603,19100,194,66900,1068,9500,540,11400
2008/4/8,2312,478,142,64600,561,10700,359,37600,1175,5300,815,6400
2008/4/9,2313,412,162,69800,581,11600,341,40700,1258,5800,457,6900
2008/4/10,2314,499,108,94600,246,31500,185,63000,314,15700,759,9400
2008/4/11,2315,946,139,67300,882,11200,325,39200,1884,5600,515,6700
2008/4/14,2316,422,183,86600,366,28800,262,57700,369,14400,903,8600
2008/4/15,2317,165,133,94000,502,15600,211,54800,1080,7800,542,9400
2008/4/16,2318,230,91,115900,430,19300,159,67600,949,9600,484,11500
2008/4/17,2319,237,109,84300,645,14000,220,49100,1295,7000,613,8400
2008/4/18,2320,617,131,87200,497,14500,299,50800,961,7200,468,8700
2008/4/21,2321,668,108,132900,244,44300,178,88600,315,22100,656,13200
2008/4/22,2322,679,185,75000,477,12500,328,43700,913,6200,493,7500
2008/4/23,2323,621,134,73500,693,12200,298,42800,1423,6100,472,7300
2008/4/24,2324,774,155,92700,231,30900,191,61800,282,15400,581,9200
2008/4/25,2325,117,190,71200,346,23700,368,47400,445,11800,471,7100
2008/4/28,2326,670,121,127500,513,21200,228,74300,959,10600,310,12700
2008/4/29,2327,212,111,100400,276,33400,133,66900,388,16700,386,10000
2008/4/30,2328,724,214,58100,841,9600,375,33800,1584,4800,733,5800
2008/5/1,2329,162,103,91100,695,15100,194,53100,1511,7500,409,9100
2008/5/2,2330,751,98,76200,997,12700,246,44400,2144,6300,507,7600
2008/5/5,2331,779,88,135300,238,45100,160,90200,258,22500,502,13500
2008/5/6,2332,627,211,52400,765,8700,410,30500,1529,4300,549,5200
2008/5/7,2333,046,113,115500,379,19200,127,67300,744,9600,455,11500
2008/5/8,2334,276,83,91400,654,15200,217,53300,1423,7600,386,9100
2008/5/9,2335,655,126,89200,274,29700,195,59400,335,14800,1221,8900
2008/5/12,2336,970,71,170100,429,28300,123,99200,888,14100,343,17000
2008/5/13,2337,907,131,101500,394,16900,192,59200,738,8400,404,10100
2008/5/14,2338,357,178,66100,700,11000,317,38500,1377,5500,434,6600
2008/5/15,2339,302,96,117300,399,19500,185,68400,879,9700,333,11700
2008/5/16,2340,119,144,86300,290,28700,260,57500,323,14300,665,8600
2008/5/19,2341,728,176,70400,799,11700,420,41000,1477,5800,705,7000
2008/5/20,2342,874,117,77800,554,12900,265,45300,1237,6400,525,7700
2008/5/21,2343,950,76,131000,339,21800,147,76400,833,10900,311,13100
2008/5/22,2344,677,145,95500,174,31800,170,63600,243,15900,788,9500
2008/5/23,2345,316,210,66700,596,11100,359,38900,1167,5500,520,6600
2008/5/26,2346,613,209,70700,864,11700,353,41200,1411,5800,659,7000
2008/5/27,2347,183,75,85300,615,14200,224,49700,1360,7100,556,8500
2008/5/28,2348,975,68,114800,436,19100,169,66900,933,9500,436,11400
2008/5/29,2349,842,86,82700,668,13700,217,48200,1416,6800,544,8200
2008/5/30,2350,772,118,91400,316,30400,201,60900,554,15200,417,9100
2008/6/2,2351,342,89,115300,650,19200,160,67200,1356,9600,444,11500
2008/6/3,2352,041,46,127700,403,21200,103,74400,940,10600,594,12700
2008/6/4,2353,471,153,67500,783,11200,256,39300,1725,5600,547,6700
2008/6/5,2354,739,124,85700,531,14200,227,49900,1063,7100,563,8500
2008/6/6,2355,453,99,105700,507,17600,221,61600,910,8800,441,10500
2008/6/9,2356,091,70,126700,569,21100,151,73900,1233,10500,500,12600
2008/6/10,2357,596,114,100900,412,16800,212,58800,851,8400,379,10000
2008/6/11,2358,704,108,103300,414,17200,201,60200,800,8600,354,10300
2008/6/12,2359,538,123,69800,712,11600,275,40700,1551,5800,702,6900
2008/6/13,2360,272,84,112800,310,37600,145,75200,482,18800,530,11200
2008/6/16,2361,474,147,108600,344,36200,189,72400,391,18100,530,10800
2008/6/17,2362,809,86,98200,474,16300,224,57200,1073,8100,425,9800
2008/6/18,2363,215,121,77500,533,12900,310,45200,1131,6400,557,7700
2008/6/19,2364,401,100,103600,488,17200,182,60400,970,8600,363,10300
2008/6/20,2365,070,63,148500,196,49500,117,99000,302,24700,451,14800
2008/6/23,2366,991,139,121900,295,40600,150,81200,377,20300,363,12100
2008/6/24,2367,777,879,44200,0,0,0,0,0,0,717,4400
2008/6/25,2368,597,107,100900,562,16800,175,58800,985,8400,380,10000
2008/6/26,2369,009,85,115600,228,38500,162,77000,365,19200,513,11500
2008/6/27,2370,816,165,75700,590,12600,314,44100,1339,6300,570,7500
2008/6/30,2371,960,162,97000,588,16100,250,56500,1191,8000,763,9700
2008/7/1,2372,856,65,116100,526,19300,169,67700,981,9600,427,11600
2008/7/2,2373,703,239,59600,606,9900,486,34700,939,4900,412,5900
2008/7/3,2374,943,95,111500,436,18500,172,65000,999,9200,457,11100
2008/7/4,2375,618,179,75000,552,12500,354,43700,936,6200,698,7500
2008/7/7,2376,271,160,78300,992,13000,260,45600,1941,6500,686,7800
2008/7/8,2377,202,203,84900,260,28300,162,56600,349,14100,382,8400
2008/7/9,2378,808,145,93200,260,31000,186,62100,255,15500,471,9300
2008/7/10,2379,200,122,105600,205,35200,115,70400,298,17600,926,10500
2008/7/11,2380,372,132,84500,595,14000,218,49200,1237,7000,703,8400
2008/7/14,2381,286,112,96000,825,16000,219,56000,1430,8000,482,9600
2008/7/15,2382,141,80,120800,206,40200,139,80500,380,20100,366,12000
2008/7/16,2383,568,153,90700,419,15100,236,52900,693,7500,345,9000
2008/7/17,2384,066,62,119500,227,39800,142,79600,363,19900,529,11900
2008/7/18,2385,733,75,102600,289,34200,143,68400,448,17100,811,10200
2008/7/21,2386,141,87,130000,265,43300,109,86600,437,21600,341,13000
2008/7/22,2387,626,107,92100,252,30700,197,61400,234,15300,636,9200
2008/7/23,2388,475,109,97600,412,16200,157,56900,829,8100,647,9700
2008/7/24,2389,142,77,97700,548,16200,121,56900,1263,8100,632,9700
2008/7/25,2390,271,93,84400,712,14000,209,49200,1493,7000,548,8400
2008/7/28,2391,900,111,117600,261,39200,173,78400,339,19600,676,11700
2008/7/29,2392,325,168,72700,507,12100,285,42400,928,6000,511,7200
2008/7/30,2393,963,80,93600,560,15600,178,54600,1318,7800,419,9300
2008/7/31,2394,008,81,137300,210,45700,98,91500,298,22800,365,13700
2008/8/1,2395,169,96,101500,496,16900,197,59200,1174,8400,437,10100
2008/8/4,2396,003,127,111900,334,37300,157,74600,338,18600,431,11100
2008/8/5,2397,531,137,71800,607,11900,256,41800,1304,5900,428,7100
2008/8/6,2398,140,76,98700,549,16400,157,57500,1201,8200,371,9800
2008/8/7,2399,801,114,80900,580,13400,241,47100,1204,6700,436,8000
2008/8/8,2400,703,154,79200,500,13200,326,46200,923,6600,370,7900
2008/8/11,2401,117,242,57500,508,19100,424,38300,571,9500,656,5700
2008/8/12,2402,928,119,74800,483,12400,277,43600,1132,6200,478,7400
2008/8/13,2403,750,60,128800,312,21400,132,75100,778,10700,268,12800
2008/8/14,2404,158,101,79200,626,13200,180,46200,1459,6600,379,7900
2008/8/15,2405,311,103,86000,340,28600,183,57300,477,14300,646,8600
2008/8/18,2406,247,189,69700,1023,11600,346,40600,1629,5800,634,6900
2008/8/19,2407,812,172,61600,722,10200,310,35900,1497,5100,440,6100
2008/8/20,2408,016,64,98500,585,16400,187,57400,1205,8200,416,9800
2008/8/21,2409,677,86,122100,188,40700,144,81400,251,20300,504,12200
2008/8/22,2410,551,126,105000,244,35000,167,70000,343,17500,347,10500
2008/8/25,2411,667,152,100400,333,33400,228,66900,313,16700,544,10000
2008/8/26,2412,725,160,70000,619,11600,322,40800,1157,5800,434,7000
2008/8/27,2413,764,68,113000,500,18800,165,65900,874,9400,518,11300
2008/8/28,2414,483,111,86900,569,14400,242,50600,1134,7200,428,8600
2008/8/29,2415,734,98,92800,596,15400,246,54100,1172,7700,547,9200
2008/9/1,2416,200,98,135700,241,45200,128,90400,294,22600,946,13500
2008/9/2,2417,200,75,104300,256,34700,160,69500,401,17300,641,10400
2008/9/3,2418,425,163,87400,466,14500,243,50900,825,7200,431,8700
2008/9/4,2419,532,94,99400,629,16500,140,57900,1173,8200,564,9900
2008/9/5,2420,801,99,101000,516,16800,224,58900,1016,8400,550,10100
2008/9/8,2421,148,138,97700,691,16200,244,56900,1185,8100,653,9700
2008/9/9,2422,417,230,54400,772,9000,441,31700,1390,4500,547,5400
2008/9/10,2423,953,96,107300,539,17800,151,62500,1106,8900,390,10700
2008/9/11,2424,718,122,79500,554,13200,317,46300,1103,6600,582,7900
2008/9/12,2425,621,138,74900,781,12400,299,43600,1511,6200,500,7400
2008/9/15,2426,472,162,67200,1076,11200,292,39200,1684,5600,739,6700
2008/9/16,2427,232,82,109800,277,36600,126,73200,401,18300,351,10900
2008/9/17,2428,748,106,95300,512,15800,207,55500,1115,7900,340,9500
2008/9/18,2429,432,115,83600,608,13900,218,48700,1364,6900,382,8300
2008/9/19,2430,314,229,66900,593,11100,326,39000,1103,5500,505,6600
2008/9/22,2431,675,133,99700,698,16600,218,58100,1207,8300,586,9900
2008/9/23,2432,223,124,82300,243,27400,182,54800,310,13700,797,8200
2008/9/24,2433,440,98,112700,223,37500,183,75100,262,18700,296,11200
2008/9/25,2434,544,105,110000,231,36600,118,73300,304,18300,816,11000
2008/9/26,2435,972,77,88900,736,14800,201,51800,1660,7400,535,8800
2008/9/29,2436,321,223,62600,1114,10400,369,36500,1808,5200,600,6200
2008/9/30,2437,817,136,83000,474,13800,245,48400,966,6900,528,8300
2008/10/1,2438,802,100,102700,406,17100,200,59900,933,8500,491,10200
2008/10/2,2439,157,136,74400,767,12400,244,43400,1521,6200,375,7400
2008/10/3,2440,234,180,65800,822,10900,341,38300,1333,5400,496,6500
2008/10/6,2441,187,92,107100,693,17800,196,62400,1422,8900,519,10700
2008/10/7,2442,591,62,118900,465,19800,146,69300,935,9900,507,11800
2008/10/8,2443,015,87,104500,472,17400,144,60900,1099,8700,456,10400
2008/10/9,2444,493,94,103100,332,17100,148,60100,773,8500,1009,10300
2008/10/10,2445,410,143,69200,778,11500,307,40300,1412,5700,644,6900
2008/10/13,2446,468,144,87000,660,14500,261,50700,957,7200,585,8700
2008/10/14,2447,560,49,153500,306,25500,105,89500,585,12700,255,15300
2008/10/15,2448,950,52,129400,427,21500,175,75400,921,10700,309,12900
2008/10/16,2449,136,111,79600,646,13200,262,46400,1317,6600,686,7900
2008/10/17,2450,327,202,58800,852,9800,385,34300,1641,4900,721,5800
2008/10/20,2451,618,239,61600,878,10200,496,35900,1277,5100,983,6100
2008/10/21,2452,053,64,138300,448,23000,92,80600,929,11500,327,13800
2008/10/22,2453,213,137,71800,753,11900,258,41800,1436,5900,439,7100
2008/10/23,2454,562,99,95400,609,15900,169,55600,1185,7900,360,9500
2008/10/24,2455,247,141,64300,881,10700,347,37500,1746,5300,537,6400
2008/10/27,2456,969,123,118600,286,39500,193,79000,359,19700,684,11800
2008/10/28,2457,625,129,86600,524,14400,239,50500,865,7200,622,8600
2008/10/29,2458,942,54,111300,556,18500,120,64900,1285,9200,570,11100
2008/10/30,2459,108,160,72200,638,12000,334,42100,1162,6000,472,7200
2008/10/31,2460,449,89,129000,210,43000,171,86000,240,21500,434,12900
2008/11/3,2461,226,187,84600,334,28200,251,56400,420,14100,643,8400
2008/11/4,2462,600,69,109900,210,36600,132,73200,268,18300,1053,10900
2008/11/5,2463,089,173,66200,625,11000,359,38600,1224,5500,467,6600
2008/11/6,2464,150,78,114100,467,19000,169,66500,954,9500,321,11400
2008/11/7,2465,996,83,140400,170,46800,147,93600,244,23400,324,14000
2008/11/10,2466,634,166,81800,709,13600,332,47700,1210,6800,574,8100
2008/11/11,2467,758,123,82400,527,13700,239,48000,1127,6800,490,8200
2008/11/12,2468,178,237,54100,604,9000,379,31500,1196,4500,762,5400
2008/11/13,2469,868,94,115100,200,38300,137,76700,392,19100,398,11500
2008/11/14,2470,654,89,95500,617,15900,203,55700,1130,7900,474,9500
2008/11/17,2471,424,150,98000,333,32600,196,65300,393,16300,693,9800
2008/11/18,2472,862,100,87900,623,14600,170,51200,1318,7300,359,8700
2008/11/19,2473,278,120,78300,501,13000,278,45600,999,6500,426,7800
2008/11/20,2474,870,52,132400,392,22000,144,77200,810,11000,327,13200
2008/11/21,2475,933,83,90000,340,30000,145,60000,461,15000,971,9000
2008/11/24,2476,560,81,138500,365,23000,130,80700,776,11500,275,13800
2008/11/25,2477,381,124,75800,620,12600,231,44200,1287,6300,479,7500
2008/11/26,2478,425,129,81700,499,13600,243,47600,960,6800,533,8100
2008/11/27,2479,020,94,101300,203,33700,114,67500,342,16800,1011,10100
2008/11/28,2480,879,62,95400,594,15900,234,55600,1287,7900,447,9500
2008/12/1,2481,908,197,74500,781,12400,386,43400,1347,6200,530,7400
2008/12/2,2482,415,139,78400,449,13000,289,45700,963,6500,527,7800
2008/12/3,2483,707,102,107500,247,35800,187,71600,259,17900,310,10700
2008/12/4,2484,082,64,115300,489,19200,149,67200,1062,9600,394,11500
2008/12/5,2485,588,127,97300,229,32400,158,64800,280,16200,711,9700
2008/12/8,2486,341,161,91400,650,15200,241,53300,1224,7600,554,9100
2008/12/9,2487,260,75,103100,471,17100,183,60100,941,8500,355,10300
2008/12/10,2488,927,127,73500,680,12200,289,42800,1310,6100,548,7300
2008/12/11,2489,075,67,118500,429,19700,153,69100,963,9800,551,11800
2008/12/12,2490,308,136,83400,537,13900,296,48600,1145,6900,503,8300
2008/12/15,2491,420,192,79200,733,13200,385,46200,1357,6600,595,7900
2008/12/16,2492,155,79,116600,241,38800,120,77700,424,19400,750,11600
2008/12/17,2493,640,101,116200,399,19300,165,67700,796,9600,322,11600
2008/12/18,2494,669,118,98100,273,32700,193,65400,366,16300,548,9800
2008/12/19,2495,012,128,85300,690,14200,269,49700,1189,7100,591,8500
2008/12/22,2496,514,183,87200,716,14500,289,50800,1206,7200,483,8700
2008/12/23,2497,630,106,77200,578,12800,265,45000,1240,6400,460,7700
2008/12/24,2498,300,159,82700,275,27500,175,55100,252,13700,1119,8200
2008/12/25,2499,817,123,71400,760,11900,322,41600,1469,5900,606,7100
2008/12/26,2500,885,114,105800,285,35200,202,70500,315,17600,443,10500
2008/12/29,2501,610,221,66000,799,11000,525,38500,1555,5500,568,6600
2008/12/30,2502,654,76,119400,513,19900,143,69600,1031,9900,335,11900
2009/1/5,2503,534,115,97600,779,16200,220,56900,1554,8100,458,9700
2009/1/6,2504,799,105,102900,235,34300,150,68600,300,17100,985,10200
2009/1/7,2505,797,97,106800,297,35600,188,71200,357,17800,376,10600
2009/1/8,2506,724,168,67500,772,11200,328,39300,1365,5600,496,6700
2009/1/9,2507,685,121,95500,571,15900,193,55700,1231,7900,318,9500
2009/1/12,2508,328,193,69600,847,11600,393,40600,1476,5800,627,6900
2009/1/13,2509,001,82,110500,260,36800,165,73600,310,18400,551,11000
2009/1/14,2510,243,93,84300,732,14000,209,49100,1365,7000,452,8400
2009/1/15,2511,715,180,57300,841,9500,393,33400,1623,4700,769,5700
2009/1/16,2512,308,127,90000,483,15000,289,52500,983,7500,545,9000
2009/1/19,2513,233,121,110300,348,36700,174,73500,438,18300,898,11000
2009/1/20,2514,776,67,139900,189,46600,108,93200,238,23300,666,13900
2009/1/21,2515,828,147,87800,252,29200,231,58500,297,14600,491,8700
2009/1/22,2516,614,187,65300,580,10800,376,38000,1164,5400,491,6500
2009/1/23,2517,593,108,90300,606,15000,265,52600,1298,7500,451,9000
2009/1/26,2518,509,111,103700,646,17200,278,60400,1180,8600,660,10300
2009/1/27,2519,762,69,95500,623,15900,180,55700,1392,7900,595,9500
2009/1/28,2520,826,145,71000,682,11800,329,41400,1307,5900,552,7100
2009/1/29,2521,845,93,99900,513,16600,223,58200,992,8300,558,9900
2009/1/30,2522,631,119,81000,756,13500,233,47200,1538,6700,652,8100
2009/2/2,2523,412,256,66700,1009,11100,416,38900,1632,5500,669,6600
2009/2/3,2524,461,101,101400,554,16900,186,59100,1089,8400,331,10100
2009/2/4,2525,434,89,128900,223,42900,135,85900,293,21400,396,12800
2009/2/5,2526,573,179,62500,985,10400,335,36400,1726,5200,584,6200
2009/2/6,2527,147,150,70900,823,11800,354,41300,1505,5900,490,7000
2009/2/9,2528,069,161,101900,591,16900,225,59400,1182,8400,648,10100
2009/2/10,2529,320,169,81800,452,13600,279,47700,953,6800,504,8100
2009/2/11,2530,776,64,162600,156,54200,99,108400,226,27100,280,16200
2009/2/12,2531,319,171,75800,623,12600,313,44200,1116,6300,467,7500
2009/2/13,2532,031,88,111300,624,18500,135,64900,1535,9200,471,11100
2009/2/16,2533,529,220,77800,861,12900,335,45300,1608,6400,706,7700
2009/2/17,2534,648,200,62600,794,10400,331,36500,1414,5200,614,6200
2009/2/18,2535,134,119,91200,604,15200,186,53200,1189,7600,528,9100
2009/2/19,2536,133,103,81400,404,27100,180,54200,639,13500,808,8100
2009/2/20,2537,070,55,131900,258,43900,127,87900,415,21900,490,13100
2009/2/23,2538,484,91,142300,276,47400,141,94800,324,23700,555,14200
2009/2/24,2539,686,74,124200,206,41400,167,82800,294,20700,323,12400
2009/2/25,2540,787,241,63400,364,21100,362,42200,412,10500,377,6300
2009/2/26,2541,788,202,47200,758,15700,384,31400,1133,7800,1218,4700
2009/2/27,2542,660,118,117400,279,39100,171,78200,320,19500,431,11700
2009/3/2,2543,596,183,91900,704,15300,299,53600,1431,7600,531,9100
2009/3/3,2544,403,98,96200,462,16000,241,56100,996,8000,495,9600
2009/3/4,2545,660,107,118800,203,39600,156,79200,322,19800,322,11800
2009/3/5,2546,011,100,109400,301,36400,131,72900,480,18200,549,10900
2009/3/6,2547,992,107,94000,306,31300,207,62600,457,15600,512,9400
2009/3/9,2548,779,140,93600,407,31200,285,62400,422,15600,613,9300
2009/3/10,2549,481,64,121100,486,20100,165,70600,1070,10000,328,12100
2009/3/11,2550,814,98,95100,497,15800,227,55400,1029,7900,489,9500
2009/3/12,2551,571,114,79000,722,13100,252,46000,1585,6500,532,7900
2009/3/13,2552,195,105,104200,504,17300,165,60700,1117,8600,567,10400
2009/3/16,2553,404,165,91100,414,30300,260,60700,482,15100,486,9100
2009/3/17,2554,828,113,98600,246,32800,197,65700,268,16400,602,9800
2009/3/18,2555,118,192,62000,318,20600,359,41300,419,10300,843,6200
2009/3/19,2556,586,73,128300,440,21300,162,74800,790,10600,302,12800
2009/3/20,2557,050,53,114500,272,38100,128,76300,318,19000,558,11400
2009/3/23,2558,611,159,88500,405,29500,203,59000,601,14700,480,8800
2009/3/24,2559,445,108,99500,227,33100,182,66300,275,16500,458,9900
2009/3/25,2560,753,154,76600,619,12700,223,44600,1130,6300,522,7600
2009/3/26,2561,667,134,88100,333,29300,199,58700,294,14600,563,8800
2009/3/27,2562,117,273,47300,498,15700,538,31500,577,7800,565,4700
2009/3/30,2563,413,261,71100,794,11800,355,41400,1225,5900,537,7100
2009/3/31,2564,566,111,101900,269,33900,163,67900,336,16900,515,10100
2009/4/1,2565,597,64,138300,435,23000,118,80600,850,11500,275,13800
2009/4/2,2566,308,157,77700,438,12900,324,45300,949,6400,593,7700
2009/4/3,2567,477,114,100500,313,33500,177,67000,389,16700,497,10000
2009/4/6,2568,890,110,104000,630,17300,228,60600,1395,8600,497,10400
2009/4/7,2569,283,101,98200,521,16300,174,57200,1096,8100,372,9800
2009/4/8,2570,472,94,72000,828,12000,266,42000,1549,6000,467,7200
2009/4/9,2571,169,81,94100,550,15600,211,54800,1155,7800,465,9400
2009/4/10,2572,400,203,60200,392,20000,295,40100,451,10000,1288,6000
2009/4/13,2573,910,140,79200,752,13200,334,46200,1484,6600,533,7900
2009/4/14,2574,396,89,92500,487,15400,204,53900,1044,7700,289,9200
2009/4/15,2575,401,132,76600,653,12700,286,44600,1324,6300,454,7600
2009/4/16,2576,870,79,122600,369,20400,180,71500,810,10200,462,12200
2009/4/17,2577,925,184,67600,613,11200,344,39400,1192,5600,768,6700
2009/4/20,2578,125,192,74300,806,12300,366,43300,1312,6100,566,7400
2009/4/21,2579,397,92,110000,385,18300,188,64100,801,9100,298,11000
2009/4/22,2580,315,209,58300,755,9700,406,34000,1251,4800,451,5800
2009/4/23,2581,916,121,96700,402,16100,228,56400,829,8000,448,9600
2009/4/24,2582,179,83,97000,624,16100,222,56500,1420,8000,365,9700
2009/4/27,2583,938,145,82600,669,13700,326,48100,1392,6800,933,8200
2009/4/28,2584,263,156,77300,640,12800,240,45000,1424,6400,458,7700
2009/4/29,2585,943,47,126400,380,21000,139,73700,869,10500,396,12600
2009/4/30,2586,124,173,72700,604,12100,300,42400,1259,6000,747,7200
2009/5/1,2587,775,140,95900,324,31900,206,63900,327,15900,586,9500
2009/5/4,2588,714,168,66000,993,11000,351,38500,1720,5500,534,6600
2009/5/5,2589,967,94,122100,299,20300,119,71200,707,10100,288,12200
2009/5/6,2590,401,101,82300,506,13700,250,48000,1019,6800,376,8200
2009/5/7,2591,972,85,92700,528,15400,206,54000,1236,7700,405,9200
2009/5/8,2592,183,134,72200,827,12000,293,42100,1707,6000,496,7200
2009/5/11,2593,637,143,93900,665,15600,268,54700,1204,7800,620,9300
2009/5/12,2594,713,172,63300,688,10500,317,36900,1435,5200,535,6300
2009/5/13,2595,117,262,54400,358,18100,383,36200,377,9000,603,5400
2009/5/14,2596,769,86,119100,369,19800,151,69400,882,9900,493,11900
2009/5/15,2597,948,100,106300,419,17700,228,62000,923,8800,527,10600
2009/5/18,2598,854,119,108100,537,18000,192,63000,1005,9000,729,10800
2009/5/19,2599,023,90,97400,476,16200,183,56800,931,8100,584,9700
2009/5/20,2600,748,78,99700,521,16600,206,58100,1072,8300,342,9900
2009/5/21,2601,125,169,58100,910,9600,340,33800,1613,4800,596,5800
2009/5/22,2602,087,54,146400,330,24400,133,85400,827,12200,374,14600
2009/5/25,2603,869,147,83200,683,13800,329,48500,1282,6900,693,8300
2009/5/26,2604,870,115,95700,376,15900,200,55800,770,7900,755,9500
2009/5/27,2605,412,133,77200,566,12800,290,45000,1005,6400,606,7700
2009/5/28,2606,114,172,65100,334,21700,333,43400,485,10800,505,6500
2009/5/29,2607,227,117,94200,234,31400,241,62800,333,15700,609,9400
2009/6/1,2608,108,193,77300,701,12800,369,45000,1126,6400,638,7700
2009/6/2,2609,679,98,91400,463,15200,249,53300,877,7600,536,9100
2009/6/3,2610,643,113,85200,533,14200,233,49700,1171,7100,447,8500
2009/6/4,2611,109,120,93600,428,15600,260,54600,793,7800,362,9300
2009/6/5,2612,617,191,65100,547,10800,381,37900,1133,5400,677,6500
2009/6/8,2613,831,215,65500,893,10900,347,38200,1682,5400,552,6500
2009/6/9,2614,668,66,122200,214,40700,137,81400,233,20300,539,12200
2009/6/10,2615,207,100,103300,393,17200,203,60200,814,8600,291,10300
2009/6/11,2616,047,62,144000,367,24000,101,84000,778,12000,397,14400
2009/6/12,2617,569,112,77500,627,12900,250,45200,1222,6400,953,7700
2009/6/15,2618,759,98,109000,604,18100,218,63500,1137,9000,687,10900
2009/6/16,2619,613,215,54100,740,9000,454,31500,1445,4500,529,5400
2009/6/17,2620,275,87,92400,647,15400,192,53900,1307,7700,485,9200
2009/6/18,2621,308,284,55100,560,9100,463,32100,1002,4500,562,5500
2009/6/19,2622,354,61,126700,514,21100,145,73900,1007,10500,424,12600
2009/6/22,2623,619,301,50900,964,8400,628,29600,1462,4200,568,5000
2009/6/23,2624,875,97,89500,499,14900,261,52200,1057,7400,373,8900
2009/6/24,2625,996,107,89300,234,29700,224,59500,318,14800,688,8900
2009/6/25,2626,406,120,97600,403,16200,232,56900,811,8100,498,9700
2009/6/26,2627,524,150,74400,561,12400,350,43400,1156,6200,580,7400
2009/6/29,2628,209,253,76000,670,12600,298,44300,1139,6300,503,7600
2009/6/30,2629,536,91,95700,547,15900,175,55800,1151,7900,569,9500
2009/7/1,2630,934,77,117800,433,19600,146,68700,982,9800,406,11700
2009/7/2,2631,066,104,113400,228,37800,123,75600,351,18900,599,11300
2009/7/3,2632,175,167,53500,1031,8900,467,31200,2023,4400,629,5300
2009/7/6,2633,814,206,61400,1067,10200,419,35800,1782,5100,834,6100
2009/7/7,2634,548,66,120200,412,20000,172,70100,711,10000,536,12000
2009/7/8,2635,974,78,92600,569,15400,206,54000,1266,7700,374,9200
2009/7/9,2636,819,147,62300,658,10300,419,36300,1472,5100,458,6200
2009/7/10,2637,818,173,71900,302,23900,310,47900,369,11900,654,7100
2009/7/13,2638,658,120,97500,694,16200,221,56800,1223,8100,584,9700
2009/7/14,2639,466,118,109000,220,36300,133,72600,289,18100,354,10900
2009/7/15,2640,183,102,88800,628,14800,157,51800,1314,7400,423,8800
2009/7/16,2641,781,130,68400,862,11400,196,39900,2137,5700,304,6800
2009/7/17,2642,613,123,77600,607,12900,325,45200,1284,6400,421,7700
2009/7/20,2643,381,162,65800,1078,10900,249,38300,2122,5400,276,6500
2009/7/21,2644,605,64,120000,327,20000,158,70000,700,10000,348,12000
2009/7/22,2645,923,119,76000,572,12600,289,44300,1049,6300,478,7600
2009/7/23,2646,422,128,88600,247,29500,185,59000,302,14700,630,8800
2009/7/24,2647,891,75,101100,542,16800,180,58900,1348,8400,337,10100
2009/7/27,2648,089,108,89700,739,14900,244,52300,1717,7400,412,8900
2009/7/28,2649,195,79,116300,440,19300,150,67800,901,9600,235,11600
2009/7/29,2650,166,60,146300,180,48700,95,97500,302,24300,346,14600
2009/7/30,2651,222,383,95200,0,0,0,0,0,0,430,9500
2009/7/31,2652,236,189,58100,751,9600,435,33800,1415,4800,422,5800
2009/8/3,2653,070,69,131700,250,43900,132,87800,399,21900,694,13100
2009/8/4,2654,156,62,95100,537,15800,187,55400,1174,7900,443,9500
2009/8/5,2655,809,89,92200,438,15300,248,53700,949,7600,372,9200
2009/8/6,2656,196,115,70800,716,11800,268,41300,1533,5900,410,7000
2009/8/7,2657,395,59,124500,398,20700,172,72600,934,10300,219,12400
2009/8/10,2658,878,116,124400,191,41400,138,82900,245,20700,624,12400
2009/8/11,2659,992,45,160600,150,53500,99,107000,284,26700,291,16000
2009/8/12,2660,711,153,68100,340,22700,202,45400,658,11300,448,6800
2009/8/13,2661,733,72,99500,240,33100,137,66300,402,16500,678,9900
2009/8/14,2662,040,112,94700,276,31500,176,63100,415,15700,627,9400
2009/8/17,2663,259,112,96000,677,16000,261,56000,1254,8000,464,9600
2009/8/18,2664,382,88,86600,628,14400,213,50500,1167,7200,486,8600
2009/8/19,2665,248,108,78200,602,13000,259,45600,1204,6500,451,7800
2009/8/20,2666,271,75,94900,636,15800,175,55300,1379,7900,365,9400
2009/8/21,2667,376,81,103700,517,17200,201,60400,1096,8600,420,10300
2009/8/24,2668,436,125,95700,710,15900,217,55800,1300,7900,564,9500
2009/8/25,2669,420,96,99900,416,16600,240,58200,929,8300,338,9900
2009/8/26,2670,824,211,58100,675,9600,416,33800,1172,4800,513,5800
2009/8/27,2671,434,78,136000,194,45300,119,90600,251,22600,479,13600
2009/8/28,2672,565,129,89400,312,29800,205,59600,396,14900,656,8900
2009/8/31,2673,935,207,82700,641,13700,242,48200,1068,6800,562,8200
2009/9/1,2674,298,156,55400,767,9200,420,32300,1594,4600,753,5500
2009/9/2,2675,130,122,96200,525,16000,187,56100,974,8000,314,9600
2009/9/3,2676,805,132,83800,563,13900,239,48800,1123,6900,367,8300
2009/9/4,2677,507,107,99500,478,16500,204,58000,905,8200,561,9900
2009/9/7,2678,129,189,68700,851,11400,392,40000,1507,5700,585,6800
2009/9/8,2679,833,64,127800,208,42600,101,85200,298,21300,545,12700
2009/9/9,2680,760,42,155700,331,25900,100,90800,770,12900,346,15500
2009/9/10,2681,469,107,71200,571,11800,344,41500,1301,5900,627,7100
2009/9/11,2682,977,89,113100,244,37700,144,75400,325,18800,610,11300
2009/9/14,2683,584,104,112900,546,18800,200,65800,1014,9400,443,11200
2009/9/15,2684,336,140,99700,182,33200,140,66400,248,16600,524,9900
2009/9/16,2685,624,184,62700,749,10400,294,36500,1228,5200,527,6200
2009/9/17,2686,834,117,88100,513,14600,216,51300,1040,7300,591,8800
2009/9/18,2687,032,64,122000,446,20300,140,71100,915,10100,611,12200
2009/9/21,2688,799,85,133900,211,44600,107,89200,302,22300,632,13300
2009/9/22,2689,728,87,71300,526,11800,319,41500,978,5900,478,7100
2009/9/23,2690,565,69,138100,169,46000,92,92000,217,23000,348,13800
2009/9/24,2691,446,108,83900,290,27900,225,55900,372,13900,673,8300
2009/9/25,2692,225,237,62100,343,20700,326,41400,476,10300,705,6200
2009/9/28,2693,545,130,106400,360,35400,203,70900,341,17700,511,10600
2009/9/29,2694,076,56,156200,267,26000,108,91100,612,13000,434,15600
2009/9/30,2695,368,148,59800,708,9900,402,34800,1489,4900,465,5900
2009/10/1,2696,341,103,94000,579,15600,208,54800,1145,7800,429,9400
2009/10/2,2697,684,98,96700,536,16100,179,56400,1230,8000,297,9600
2009/10/5,2698,853,161,68100,1193,11300,295,39700,2084,5600,662,6800
2009/10/6,2699,943,82,104100,411,17300,178,60700,978,8600,378,10400
2009/10/7,2700,280,65,114500,398,19000,124,66700,821,9500,563,11400
2009/10/8,2701,493,91,109700,373,18200,157,63900,806,9100,322,10900
2009/10/9,2702,145,84,104700,504,17400,176,61000,1129,8700,478,10400
2009/10/12,2703,721,189,71200,776,11800,301,41500,1340,5900,577,7100
2009/10/13,2704,071,46,126000,450,21000,87,73500,1089,10500,300,12600
2009/10/14,2705,767,110,92500,254,30800,174,61600,358,15400,433,9200
2009/10/15,2706,951,61,116300,532,19300,131,67800,1126,9600,525,11600
2009/10/16,2707,153,102,88300,802,14700,187,51500,1528,7300,408,8800
2009/10/19,2708,113,229,66200,397,22000,397,44100,512,11000,797,6600
2009/10/20,2709,493,53,124000,457,20600,154,72300,969,10300,269,12400
2009/10/21,2710,295,54,105400,613,17500,171,61400,1181,8700,359,10500
2009/10/22,2711,132,96,78600,747,13100,181,45800,1553,6500,790,7800
2009/10/23,2712,659,97,116900,487,19400,166,68100,897,9700,351,11600
2009/10/26,2713,572,129,82900,978,13800,239,48300,1546,6900,503,8200
2009/10/27,2714,911,132,87300,230,29100,232,58200,366,14500,515,8700
2009/10/28,2715,709,106,105800,412,17600,179,61700,804,8800,516,10500
2009/10/29,2716,837,106,89900,585,14900,209,52400,1261,7400,460,8900
2009/10/30,2717,803,108,79200,719,13200,278,46200,1655,6600,433,7900
2009/11/2,2718,024,140,86000,723,14300,277,50100,1388,7100,750,8600
2009/11/3,2719,505,82,125100,173,41700,144,83400,197,20800,285,12500
2009/11/4,2720,747,75,132300,187,44100,124,88200,231,22000,464,13200
2009/11/5,2721,414,144,75900,287,25300,303,50600,374,12600,626,7500
2009/11/6,2722,578,88,103900,483,17300,208,60600,1020,8600,603,10300
2009/11/9,2723,611,135,102200,371,34000,190,68100,511,17000,582,10200
2009/11/10,2724,309,139,77000,507,12800,300,44900,940,6400,489,7700
2009/11/11,2725,286,119,74900,548,12400,248,43600,1148,6200,510,7400
2009/11/12,2726,977,64,150100,187,50000,82,100000,303,25000,402,15000
2009/11/13,2727,864,116,87200,561,14500,188,50800,1062,7200,847,8700
2009/11/16,2728,141,118,92200,440,30700,196,61400,665,15300,474,9200
2009/11/17,2729,790,60,124400,305,20700,130,72500,674,10300,468,12400
2009/11/18,2730,184,104,79400,591,13200,258,46300,1294,6600,270,7900
2009/11/19,2731,204,75,114900,379,19100,162,67000,879,9500,294,11400
2009/11/20,2732,967,57,128200,404,21300,156,74700,879,10600,385,12800
2009/11/23,2733,887,85,123000,265,41000,133,82000,364,20500,393,12300
2009/11/24,2734,702,64,114800,393,19100,163,66900,753,9500,425,11400
2009/11/25,2735,660,151,75000,355,25000,269,50000,341,12500,283,7500
2009/11/26,2736,973,70,119600,417,19900,142,69700,942,9900,445,11900
2009/11/27,2737,342,72,104500,579,17400,155,60900,1218,8700,576,10400
2009/11/30,2738,676,123,147700,290,49200,136,98400,316,24600,446,14700
2009/12/1,2739,502,152,84000,631,14000,264,49000,1235,7000,333,8400
2009/12/2,2740,875,93,101800,569,16900,216,59300,961,8400,520,10100
2009/12/3,2741,640,92,123400,420,20500,156,71900,756,10200,313,12300
2009/12/4,2742,606,133,93200,333,31000,231,62100,449,15500,413,9300
2009/12/7,2743,026,131,92200,924,15300,260,53700,1306,7600,776,9200
2009/12/8,2744,050,103,107300,251,35700,165,71500,341,17800,550,10700
2009/12/9,2745,385,151,68900,695,11400,366,40100,1240,5700,419,6800
2009/12/10,2746,967,61,121400,435,20200,200,70800,975,10100,439,12100
2009/12/11,2747,941,121,87200,723,14500,155,50800,1711,7200,446,8700
2009/12/14,2748,476,157,97000,701,16100,241,56500,1306,8000,596,9700
2009/12/15,2749,437,120,91100,584,15100,219,53100,1206,7500,594,9100
2009/12/16,2750,336,96,106300,270,35400,212,70800,334,17700,544,10600
2009/12/17,2751,200,157,84000,295,28000,196,56000,335,14000,1102,8400
2009/12/18,2752,589,110,91900,583,15300,288,53600,1100,7600,465,9100
2009/12/21,2753,891,107,86700,990,14400,270,50500,1971,7200,556,8600
2009/12/22,2754,551,138,93100,292,31000,191,62000,438,15500,511,9300
2009/12/23,2755,198,113,87000,479,14500,234,50700,1024,7200,392,8700
2009/12/24,2756,237,114,86900,736,14400,206,50600,1564,7200,372,8600
2009/12/25,2757,756,115,94900,589,15800,244,55300,1145,7900,637,9400
2009/12/28,2758,355,140,107700,342,35900,201,71800,406,17900,981,10700
2009/12/29,2759,812,125,71000,760,11800,313,41400,1616,5900,822,7100
2009/12/30,2760,552,104,98000,281,32600,165,65300,416,16300,929,9800
2010/1/4,2761,232,92,100200,380,33400,163,66800,544,16700,538,10000
2010/1/5,2762,619,138,83300,534,13800,305,48500,1067,6900,530,8300
2010/1/6,2763,112,169,69900,406,23300,289,46600,455,11600,485,6900
2010/1/7,2764,845,110,97000,501,16100,225,56500,937,8000,544,9700
2010/1/8,2765,523,201,64400,857,10700,347,37500,1488,5300,752,6400
2010/1/11,2766,032,102,106700,848,17700,196,62200,1312,8800,573,10600
2010/1/12,2767,850,115,103900,466,17300,183,60600,964,8600,332,10300
2010/1/13,2768,999,327,106000,0,0,0,0,0,0,693,10600
2010/1/14,2769,900,255,52100,449,17300,325,34700,684,8600,804,5200
2010/1/15,2770,271,174,76300,666,12700,247,44500,1366,6300,519,7600
2010/1/18,2771,035,126,110400,746,18400,185,64400,1114,9200,613,11000
2010/1/19,2772,579,105,97400,516,16200,231,56800,884,8100,414,9700
2010/1/20,2773,919,135,95200,218,31700,237,63400,292,15800,518,9500
2010/1/21,2774,236,150,74700,669,12400,286,43500,1317,6200,537,7400
2010/1/22,2775,258,143,62100,982,10300,422,36200,1621,5100,589,6200
2010/1/25,2776,029,132,98400,658,16400,290,57400,1172,8200,810,9800
2010/1/26,2777,452,90,104300,565,17300,173,60800,1158,8600,504,10400
2010/1/27,2778,227,144,81200,345,27000,260,54100,340,13500,652,8100
2010/1/28,2779,422,105,101100,268,33700,197,67400,321,16800,692,10100
2010/1/29,2780,562,90,96400,727,16000,217,56200,1425,8000,545,9600
2010/2/1,2781,351,209,70900,1319,11800,283,41300,2027,5900,500,7000
2010/2/2,2782,252,175,65100,433,21700,309,43400,653,10800,502,6500
2010/2/3,2783,677,95,119100,286,39700,130,79400,320,19800,481,11900
2010/2/4,2784,829,191,77400,554,12900,280,45100,968,6400,503,7700
2010/2/5,2785,932,113,85300,640,14200,212,49700,1248,7100,952,8500
2010/2/8,2786,747,132,121900,272,40600,190,81200,322,20300,630,12100
2010/2/9,2787,350,83,126200,471,21000,142,73600,863,10500,438,12600
2010/2/10,2788,295,139,62400,1085,10400,307,36400,2207,5200,417,6200
2010/2/11,2789,726,126,76600,545,12700,300,44600,1093,6300,494,7600
2010/2/12,2790,959,65,142100,226,47300,152,94700,249,23600,447,14200
2010/2/15,2791,768,79,129100,577,21500,220,75300,1040,10700,655,12900
2010/2/16,2792,135,149,74700,838,12400,257,43500,1375,6200,619,7400
2010/2/17,2793,071,42,149700,477,24900,107,87300,959,12400,409,14900
2010/2/18,2794,232,118,86700,361,28900,202,57800,519,14400,762,8600
2010/2/19,2795,650,74,136400,405,22700,162,79500,834,11300,491,13600
2010/2/22,2796,738,151,103200,852,17200,218,60200,1324,8600,706,10300
2010/2/23,2797,063,76,119800,487,19900,125,69800,1183,9900,499,11900
2010/2/24,2798,179,82,98800,544,16400,226,57600,1166,8200,601,9800
2010/2/25,2799,389,113,91900,677,15300,231,53600,1419,7600,504,9100
2010/2/26,2800,122,102,82700,433,27500,241,55100,587,13700,819,8200
2010/3/1,2801,963,150,88500,1103,14700,252,51600,1840,7300,497,8800
2010/3/2,2802,856,120,90500,621,15000,232,52700,1105,7500,591,9000
2010/3/3,2803,581,80,116700,553,19400,163,68000,1136,9700,415,11600
2010/3/4,2804,334,128,83200,317,27700,230,55400,363,13800,1064,8300
2010/3/5,2805,066,136,81500,438,27100,224,54300,606,13500,698,8100
2010/3/8,2806,117,363,50900,491,16900,617,33900,508,8400,932,5000
2010/3/9,2807,640,74,129600,322,21600,140,75600,687,10800,387,12900
2010/3/10,2808,848,69,136600,178,45500,119,91000,290,22700,505,13600
2010/3/11,2809,484,177,70500,400,23500,279,47000,519,11700,545,7000
2010/3/12,2810,527,223,56200,938,9300,397,32700,1797,4600,623,5600
2010/3/15,2811,157,187,65300,1090,10800,404,38000,2027,5400,756,6500
2010/3/16,2812,443,87,116500,258,38800,161,77600,277,19400,432,11600
2010/3/17,2813,714,158,61900,856,10300,385,36100,1522,5100,522,6100
2010/3/18,2814,921,119,86300,579,14300,231,50300,1320,7100,453,8600
2010/3/19,2815,810,159,73700,643,12200,366,42900,1179,6100,445,7300
2010/3/22,2816,507,85,125400,474,20900,176,73100,882,10400,446,12500
2010/3/23,2817,999,273,119200,0,0,0,0,0,0,592,11900
2010/3/24,2818,986,76,109000,368,18100,182,63500,799,9000,395,10900
2010/3/25,2819,229,108,87700,273,29200,236,58400,409,14600,481,8700
2010/3/26,2820,860,85,122400,403,20400,178,71400,819,10200,384,12200
2010/3/29,2821,659,123,99800,690,16600,236,58200,1181,8300,566,9900
2010/3/30,2822,463,113,90500,548,15000,186,52700,1262,7500,374,9000
2010/3/31,2823,698,75,138100,364,23000,135,80500,791,11500,332,13800
2010/4/1,2824,862,96,94700,669,15700,188,55200,1325,7800,329,9400
2010/4/2,2825,848,70,136400,230,45400,136,90900,280,22700,494,13600
2010/4/5,2826,258,234,63900,1005,10600,463,37200,1462,5300,654,6300
2010/4/6,2827,638,174,60200,845,10000,399,35100,1456,5000,478,6000
2010/4/7,2828,448,139,66600,447,22200,266,44400,649,11100,496,6600
2010/4/8,2829,643,106,95000,621,15800,199,55400,1162,7900,394,9500
2010/4/9,2830,629,127,72100,714,12000,352,42000,1454,6000,562,7200
2010/4/12,2831,696,122,98100,384,32700,227,65400,509,16300,438,9800
2010/4/13,2832,354,114,99000,529,16500,177,57700,967,8200,430,9900
2010/4/14,2833,618,178,61200,681,10200,401,35700,1242,5100,555,6100
2010/4/15,2834,815,142,82300,583,13700,299,48000,978,6800,657,8200
2010/4/16,2835,558,129,84300,401,28100,263,56200,425,14000,489,8400
2010/4/19,2836,420,250,72900,807,12100,435,42500,1140,6000,454,7200
2010/4/20,2837,265,97,89900,707,14900,189,52400,1297,7400,378,8900
2010/4/21,2838,304,77,129700,382,21600,163,75600,745,10800,400,12900
2010/4/22,2839,928,111,87600,458,14600,235,51100,1039,7300,652,8700
2010/4/23,2840,142,70,95000,821,15800,172,55400,1549,7900,619,9500
2010/4/26,2841,954,102,118000,663,19600,204,68800,1312,9800,511,11800
2010/4/27,2842,368,169,60400,769,10000,377,35200,1471,5000,640,6000
2010/4/28,2843,802,78,121600,382,20200,203,70900,847,10100,321,12100
2010/4/29,2844,371,143,72300,615,12000,234,42100,1438,6000,685,7200
2010/4/30,2845,108,158,83300,545,13800,317,48500,1018,6900,510,8300
2010/5/3,2846,802,94,113200,579,18800,224,66000,891,9400,328,11300
2010/5/4,2847,916,111,79200,511,13200,276,46200,995,6600,427,7900
2010/5/5,2848,948,66,109500,364,18200,157,63800,762,9100,674,10900
2010/5/6,2849,041,64,114000,566,19000,120,66500,1307,9500,316,11400
2010/5/7,2850,752,108,78600,831,13100,221,45800,1625,6500,603,7800
2010/5/10,2851,227,223,72700,470,24200,352,48400,418,12100,773,7200
2010/5/11,2852,162,70,89100,651,14800,194,51900,1405,7400,444,8900
2010/5/12,2853,093,76,113400,432,18900,150,66100,1037,9400,423,11300
2010/5/13,2854,949,89,113100,218,37700,146,75400,307,18800,565,11300
2010/5/14,2855,428,147,59000,819,9800,458,34400,1537,4900,693,5900
2010/5/17,2856,427,206,65400,1008,10900,398,38100,1792,5400,524,6500
2010/5/18,2857,832,85,82400,669,13700,184,48000,1440,6800,683,8200
2010/5/19,2858,514,174,62900,564,10400,383,36600,922,5200,480,6200
2010/5/20,2859,919,122,103000,201,34300,189,68600,189,17100,438,10300
2010/5/21,2860,803,116,80900,599,13400,290,47100,1326,6700,379,8000
2010/5/24,2861,017,98,114700,509,19100,163,66900,1048,9500,543,11400
2010/5/25,2862,786,67,129100,356,21500,128,75300,803,10700,473,12900
2010/5/26,2863,417,155,65800,638,10900,371,38300,1105,5400,392,6500
2010/5/27,2864,169,108,86700,568,14400,223,50500,1186,7200,613,8600
2010/5/28,2865,589,64,111400,503,18500,210,64900,999,9200,429,11100
2010/5/31,2866,182,85,96900,957,16100,180,56500,1857,8000,426,9600
2010/6/1,2867,727,140,81100,275,27000,241,54000,329,13500,664,8100
2010/6/2,2868,520,110,105700,423,17600,194,61600,877,8800,299,10500
2010/6/3,2869,567,95,100500,446,16700,223,58600,878,8300,383,10000
2010/6/4,2870,951,77,107100,590,17800,162,62400,1193,8900,450,10700
2010/6/7,2871,895,83,126000,542,21000,171,73500,1007,10500,470,12600
2010/6/8,2872,882,75,108800,270,36200,151,72500,417,18100,353,10800
2010/6/9,2873,998,72,102100,256,34000,197,68000,356,17000,389,10200
2010/6/10,2874,328,140,71700,602,11900,310,41800,1149,5900,666,7100
2010/6/11,2875,239,127,79200,569,13200,236,46200,1174,6600,868,7900
2010/6/14,2876,999,995,46200,0,0,0,0,0,0,580,4600
2010/6/15,2877,313,152,94900,195,31600,159,63200,327,15800,507,9400
2010/6/16,2878,168,138,74000,593,12300,274,43100,1251,6100,464,7400
2010/6/17,2879,030,60,166200,152,55400,110,110800,202,27700,363,16600
2010/6/18,2880,027,68,114400,447,19000,124,66700,887,9500,755,11400
2010/6/21,2881,606,156,76100,479,25300,336,50700,585,12600,475,7600
2010/6/22,2882,549,67,97300,558,16200,210,56700,1005,8100,407,9700
2010/6/23,2883,091,66,116200,469,19300,132,67700,1025,9600,263,11600
2010/6/24,2884,554,101,115700,192,38500,147,77100,259,19200,503,11500
2010/6/25,2885,089,70,92400,574,15400,232,53900,1468,7700,463,9200
2010/6/28,2886,505,245,78900,313,26300,289,52600,327,13100,514,7800
2010/6/29,2887,554,77,130300,221,43400,125,86800,228,21700,298,13000
2010/6/30,2888,497,56,114900,455,19100,192,67000,1013,9500,357,11400
2010/7/1,2889,104,158,80700,544,13400,289,47000,931,6700,283,8000
2010/7/2,2890,023,78,96200,598,16000,185,56100,1226,8000,635,9600
2010/7/5,2891,458,109,103600,631,17200,216,60400,1107,8600,631,10300
2010/7/6,2892,274,125,78000,628,13000,211,45500,1250,6500,664,7800
2010/7/7,2893,458,81,105700,423,17600,215,61600,795,8800,367,10500
2010/7/8,2894,824,142,64600,804,10700,333,37600,1368,5300,621,6400
2010/7/9,2895,287,64,90900,695,15100,220,53000,1471,7500,427,9000
2010/7/12,2896,867,79,129000,529,21500,160,75200,984,10700,533,12900
2010/7/13,2897,105,114,94400,410,15700,267,55000,745,7800,259,9400
2010/7/14,2898,890,72,78600,571,13100,313,45800,1331,6500,352,7800
2010/7/15,2899,731,126,76000,620,12600,291,44300,1225,6300,531,7600
2010/7/16,2900,395,81,103900,501,17300,225,60600,1055,8600,272,10300
2010/7/19,2901,523,159,76800,688,12800,257,44800,1168,6400,530,7600
2010/7/20,2902,883,73,105000,240,35000,174,70000,334,17500,363,10500
2010/7/21,2903,548,106,68900,645,11400,241,40100,1237,5700,864,6800
2010/7/22,2904,223,161,75200,281,25000,239,50100,344,12500,474,7500
2010/7/23,2905,551,87,115800,201,38600,167,77200,303,19300,439,11500
2010/7/26,2906,396,93,100200,630,16700,216,58400,1380,8300,418,10000
2010/7/27,2907,216,191,66000,511,11000,257,38500,1191,5500,465,6600
2010/7/28,2908,793,52,129000,391,21500,134,75200,861,10700,269,12900
2010/7/29,2909,827,135,62300,625,10300,313,36300,1282,5100,927,6200
2010/7/30,2910,990,137,104700,243,34900,159,69800,290,17400,280,10400
2010/8/2,2911,539,115,93700,624,15600,224,54600,1141,7800,603,9300
2010/8/3,2912,014,55,116000,419,19300,133,67600,976,9600,383,11600
2010/8/4,2913,828,158,70500,226,23500,275,47000,256,11700,713,7000
2010/8/5,2914,673,157,77500,431,12900,212,45200,1051,6400,541,7700
2010/8/6,2915,011,59,138300,222,46100,78,92200,318,23000,466,13800
2010/8/9,2916,076,86,120400,485,20000,133,70200,916,10000,524,12000
2010/8/10,2917,403,60,123400,299,20500,162,71900,689,10200,337,12300
2010/8/11,2918,054,53,126500,332,21000,116,73700,830,10500,450,12600
2010/8/12,2919,607,63,125400,326,20900,147,73100,772,10400,329,12500
2010/8/13,2920,424,110,113000,210,37600,147,75300,268,18800,559,11300
2010/8/16,2921,232,186,74700,397,24900,247,49800,534,12400,905,7400
2010/8/17,2922,193,107,82900,499,13800,270,48300,1044,6900,347,8200
2010/8/18,2923,931,77,106000,438,17600,148,61800,1042,8800,393,10600
2010/8/19,2924,633,60,119400,224,39800,116,79600,305,19900,726,11900
2010/8/20,2925,092,88,115100,429,19100,156,67100,932,9500,446,11500
2010/8/23,2926,530,138,98200,590,16300,236,57200,985,8100,435,9800
2010/8/24,2927,553,96,93800,261,31200,173,62500,343,15600,487,9300
2010/8/25,2928,371,101,93300,545,15500,195,54400,1082,7700,376,9300
2010/8/26,2929,199,86,106500,266,35500,162,71000,385,17700,478,10600
2010/8/27,2930,054,82,122500,410,20400,139,71400,843,10200,476,12200
2010/8/30,2931,296,105,110500,597,18400,198,64400,1130,9200,376,11000
2010/8/31,2932,551,133,95800,235,31900,170,63800,303,15900,393,9500
2010/9/1,2933,698,82,120200,363,20000,133,70100,724,10000,551,12000
2010/9/2,2934,496,56,124400,418,20700,168,72500,934,10300,296,12400
2010/9/3,2935,685,102,93800,602,15600,175,54700,1203,7800,562,9300
2010/9/6,2936,007,133,111700,264,37200,190,74400,312,18600,466,11100
2010/9/7,2937,736,72,113100,393,18800,153,65900,794,9400,463,11300
2010/9/8,2938,257,96,80700,596,13400,219,47000,1091,6700,419,8000
2010/9/9,2939,119,194,62400,379,20800,313,41600,476,10400,520,6200
2010/9/10,2940,221,128,87600,279,29200,203,58400,380,14600,586,8700
2010/9/13,2941,393,127,89200,368,29700,205,59400,585,14800,612,8900
2010/9/14,2942,257,105,91000,499,15100,210,53000,926,7500,323,9100
2010/9/15,2943,884,116,99000,309,33000,134,66000,292,16500,454,9900
2010/9/16,2944,442,130,75800,300,25200,230,50500,358,12600,719,7500
2010/9/17,2945,961,134,80800,652,13400,162,47100,1464,6700,694,8000
2010/9/20,2946,475,114,96400,493,16000,198,56200,798,8000,745,9600
2010/9/21,2947,155,79,83900,328,27900,134,55900,597,13900,624,8300
2010/9/22,2948,376,65,116900,421,19400,146,68100,793,9700,348,11600
2010/9/23,2949,663,150,67300,294,22400,236,44800,367,11200,363,6700
2010/9/24,2950,619,109,78800,626,13100,294,45900,1204,6500,439,7800
2010/9/27,2951,188,123,101600,277,33800,176,67700,437,16900,667,10100
2010/9/28,2952,072,90,93300,488,15500,179,54400,975,7700,422,9300
2010/9/29,2953,214,135,83200,487,13800,212,48500,963,6900,451,8300
2010/9/30,2954,618,129,70100,518,11600,340,40800,965,5800,516,7000
2010/10/1,2955,433,74,116800,241,38900,134,77800,324,19400,648,11600
2010/10/4,2956,496,67,122400,553,20400,177,71400,996,10200,577,12200
2010/10/5,2957,196,88,76800,718,12800,248,44800,1499,6400,361,7600
2010/10/6,2958,296,134,73700,557,12200,289,42900,1012,6100,531,7300
2010/10/7,2959,581,93,96900,545,16100,204,56500,1060,8000,349,9600
2010/10/8,2960,936,82,68400,980,11400,208,39900,2433,5700,482,6800
2010/10/11,2961,870,126,98300,477,16300,197,57300,929,8100,645,9800
2010/10/12,2962,915,97,83200,491,13800,239,48500,889,6900,406,8300
2010/10/13,2963,851,59,97800,523,16300,154,57000,1255,8100,427,9700
2010/10/14,2964,722,150,84200,268,28000,159,56100,398,14000,519,8400
2010/10/15,2965,368,132,66500,747,11000,392,38700,1514,5500,502,6600
2010/10/18,2966,680,73,138100,465,23000,176,80500,868,11500,431,13800
2010/10/19,2967,435,89,99600,433,16600,200,58100,822,8300,478,9900
2010/10/20,2968,611,84,109400,247,36400,137,72900,343,18200,395,10900
2010/10/21,2969,704,93,99300,366,16500,215,57900,923,8200,392,9900
2010/10/22,2970,932,60,96300,579,16000,174,56100,1303,8000,640,9600
2010/10/25,2971,228,158,86200,318,28700,271,57400,349,14300,704,8600
2010/10/26,2972,207,88,106700,400,17700,196,62200,755,8800,292,10600
2010/10/27,2973,227,233,55400,306,18400,342,36900,372,9200,771,5500
2010/10/28,2974,666,547,63300,0,0,0,0,0,0,516,6300
2010/10/29,2975,254,72,106200,419,17700,180,61900,1040,8800,631,10600
2010/11/1,2976,204,112,102200,597,17000,251,59600,1161,8500,297,10200
2010/11/2,2977,880,101,112500,241,37500,138,75000,347,18700,303,11200
2010/11/3,2978,895,47,126600,344,21100,136,73800,765,10500,430,12600
2010/11/4,2979,624,138,73100,644,12100,267,42600,1071,6000,607,7300
2010/11/5,2980,676,51,147600,213,49200,122,98400,245,24600,473,14700
2010/11/8,2981,742,125,74900,1055,12400,259,43600,1933,6200,684,7400
2010/11/9,2982,503,107,95600,432,15900,200,55700,789,7900,382,9500
2010/11/10,2983,279,103,77800,579,12900,257,45300,1305,6400,452,7700
2010/11/11,2984,692,67,97000,566,16100,181,56500,1292,8000,409,9700
2010/11/12,2985,719,101,88900,502,14800,265,51800,964,7400,523,8800
2010/11/15,2986,656,125,119800,231,39900,157,79800,288,19900,543,11900
2010/11/16,2987,139,73,100100,521,16600,166,58300,1023,8300,445,10000
2010/11/17,2988,703,186,64200,484,10700,377,37400,923,5300,260,6400
2010/11/18,2989,697,116,82400,591,13700,216,48000,1238,6800,321,8200
2010/11/19,2990,345,90,100800,464,16800,209,58800,791,8400,591,10000
2010/11/22,2991,272,156,76800,484,25600,206,51200,718,12800,566,7600
2010/11/23,2992,153,94,79400,628,13200,165,46300,1302,6600,410,7900
2010/11/24,2993,448,89,99700,248,33200,162,66400,258,16600,613,9900
2010/11/25,2994,731,120,79400,669,13200,249,46300,1151,6600,446,7900
2010/11/26,2995,897,95,90500,517,15000,276,52700,1165,7500,326,9000
2010/11/29,2996,920,173,88200,592,14700,257,51400,1075,7300,526,8800
2010/11/30,2997,852,81,82600,789,13700,179,48100,1431,6800,382,8200
2010/12/1,2998,355,103,110100,220,36700,132,73400,308,18300,578,11000
2010/12/2,2999,551,267,54300,366,18100,370,36200,379,9000,415,5400
2010/12/3,3000,206,76,107200,382,17800,245,62500,814,8900,419,10700
2010/12/6,3001,971,86,114800,735,19100,155,66900,1355,9500,408,11400
2010/12/7,3002,947,48,114600,424,19100,157,66800,886,9500,568,11400
2010/12/8,3003,583,107,62500,904,10400,291,36400,1955,5200,414,6200
2010/12/9,3004,074,62,145200,334,24200,105,84700,696,12100,359,14500
2010/12/10,3005,943,102,91800,489,15300,261,53500,1151,7600,456,9100
2010/12/13,3006,180,104,106800,621,17800,179,62300,1248,8900,453,10600
2010/12/14,3007,435,71,95200,520,15800,202,55500,921,7900,612,9500
2010/12/15,3008,393,70,132100,200,44000,132,88000,331,22000,488,13200
2010/12/16,3009,665,106,121200,180,40400,130,80800,306,20200,547,12100
2010/12/17,3010,069,71,117900,419,19600,184,68700,879,9800,687,11700
2010/12/20,3011,810,139,95800,644,15900,281,55800,1164,7900,720,9500
2010/12/21,3012,554,152,88900,242,29600,200,59200,260,14800,622,8800
2010/12/22,3013,819,113,63700,830,10600,369,37100,1794,5300,570,6300
2010/12/23,3014,016,63,110800,509,18400,152,64600,1099,9200,375,11000
2010/12/24,3015,157,106,76900,790,12800,306,44800,1664,6400,586,7600
2010/12/27,3016,384,162,92300,684,15300,253,53800,1204,7600,597,9200
2010/12/28,3017,176,66,120800,457,20100,142,70400,1074,10000,462,12000
2010/12/29,3018,749,85,103000,469,17100,215,60000,1079,8500,464,10300
2010/12/30,3019,349,78,109900,524,18300,191,64100,1122,9100,349,10900
2011/1/4,3020,534,102,81700,769,13600,267,47600,1396,6800,556,8100
2011/1/5,3021,692,118,80100,661,13300,219,46700,1475,6600,453,8000
2011/1/6,3022,880,64,135700,239,45200,125,90400,334,22600,301,13500
2011/1/7,3023,775,119,87700,316,29200,221,58400,329,14600,815,8700
2011/1/10,3024,975,90,114600,654,19100,192,66800,1185,9500,399,11400
2011/1/11,3025,757,104,98200,268,32700,180,65400,374,16300,570,9800
2011/1/12,3026,282,47,137200,234,45700,98,91400,430,22800,441,13700
2011/1/13,3027,798,86,94500,589,15700,218,55100,1074,7800,516,9400
2011/1/14,3028,449,75,115200,270,38400,172,76800,394,19200,475,11500
2011/1/17,3029,525,223,75600,385,25200,273,50400,366,12600,914,7500
2011/1/18,3030,691,81,82900,695,13800,219,48300,1623,6900,336,8200
2011/1/19,3031,424,121,97400,249,32400,173,64900,245,16200,616,9700
2011/1/20,3032,353,200,60400,454,20100,313,40200,550,10000,514,6000
2011/1/21,3033,923,137,84900,516,14100,273,49500,1021,7000,729,8400
2011/1/24,3034,193,164,77800,852,12900,384,45300,1358,6400,496,7700
2011/1/25,3035,269,119,73500,636,12200,310,42800,1311,6100,698,7300
2011/1/26,3036,099,90,104300,269,34700,162,69500,364,17300,580,10400
2011/1/27,3037,479,119,90700,549,15100,237,52900,1003,7500,451,9000
2011/1/28,3038,222,555,72900,0,0,0,0,0,0,601,7200
2011/1/31,3039,819,120,78700,770,13100,361,45900,1438,6500,782,7800
2011/2/1,3040,110,152,83000,276,27600,259,55300,277,13800,363,8300
2011/2/2,3041,594,122,88400,479,14700,179,51500,810,7300,1023,8800
2011/2/3,3042,327,163,64800,679,10800,351,37800,1347,5400,722,6400
2011/2/4,3043,761,64,116800,556,19400,153,68100,1194,9700,396,11600
2011/2/7,3044,628,228,71500,858,11900,338,41700,1416,5900,734,7100
2011/2/8,3045,166,76,111400,263,37100,132,74200,403,18500,473,11100
2011/2/9,3046,576,62,112600,516,18700,144,65600,922,9300,517,11200
2011/2/10,3047,841,98,88900,553,14800,254,51800,1232,7400,474,8800
2011/2/11,3048,946,55,90800,540,15100,173,52900,1165,7500,694,9000
2011/2/14,3049,457,101,97700,598,16200,278,56900,1001,8100,662,9700
2011/2/15,3050,047,69,144400,379,24000,118,84200,750,12000,422,14400
2011/2/16,3051,205,220,76500,457,12700,268,44600,860,6300,608,7600
2011/2/17,3052,263,82,90800,730,15100,174,52900,1590,7500,470,9000
2011/2/18,3053,080,76,115100,289,38300,198,76700,305,19100,429,11500
2011/2/21,3054,008,101,122900,314,40900,172,81900,400,20400,584,12200
2011/2/22,3055,402,88,99000,488,16500,241,57700,965,8200,398,9900
2011/2/23,3056,374,129,81000,494,13500,296,47200,1044,6700,479,8100
2011/2/24,3057,004,86,119500,260,39800,134,79600,352,19900,314,11900
2011/2/25,3058,475,109,103900,501,17300,216,60600,885,8600,602,10300
2011/2/28,3059,345,248,56300,1029,9300,580,32800,1532,4600,763,5600
2011/3/1,3060,082,54,130600,518,21700,107,76100,965,10800,411,13000
2011/3/2,3061,331,164,71700,337,23900,288,47800,385,11900,682,7100
2011/3/3,3062,806,75,128200,339,21300,201,74700,654,10600,342,12800
2011/3/4,3063,545,76,120300,271,40100,142,80200,415,20000,448,12000
2011/3/7,3064,976,146,91800,652,15300,228,53500,1379,7600,720,9100
2011/3/8,3065,152,58,114200,533,19000,133,66600,1222,9500,414,11400
2011/3/9,3066,215,161,73700,570,12200,260,42900,1103,6100,526,7300
2011/3/10,3067,724,161,64900,730,10800,357,37800,1390,5400,573,6400
2011/3/11,3068,437,81,85800,473,14300,202,50000,949,7100,604,8500
2011/3/14,3069,635,110,88400,585,14700,162,51500,1129,7300,462,8800
2011/3/15,3070,746,96,78200,424,13000,231,45600,829,6500,559,7800
2011/3/16,3071,402,81,101800,349,16900,173,59300,735,8400,240,10100
2011/3/17,3072,557,83,92600,241,30800,160,61700,241,15400,543,9200
2011/3/18,3073,095,45,138500,343,23000,116,80700,650,11500,423,13800
2011/3/21,3074,138,141,61900,848,10300,238,36100,1770,5100,814,6100
2011/3/22,3075,318,226,36400,988,6000,561,21200,2100,3000,580,3600
2011/3/23,3076,261,59,99900,485,16600,148,58200,1078,8300,425,9900
2011/3/24,3077,704,67,101800,441,16900,223,59300,806,8400,317,10100
2011/3/25,3078,298,75,99900,484,16600,210,58200,1153,8300,347,9900
2011/3/28,3079,335,155,88300,321,29400,252,58800,353,14700,690,8800
2011/3/29,3080,680,109,99200,344,16500,163,57800,767,8200,552,9900
2011/3/30,3081,352,100,86600,584,14400,176,50500,1240,7200,394,8600
2011/3/31,3082,225,160,65400,379,21800,282,43600,429,10900,610,6500
2011/4/1,3083,929,124,92100,231,30700,227,61400,294,15300,583,9200
2011/4/4,3084,643,93,95100,691,15800,200,55400,1370,7900,611,9500
2011/4/5,3085,303,90,93400,258,31100,198,62200,395,15500,345,9300
2011/4/6,3086,763,87,101300,469,16800,179,59000,872,8400,408,10100
2011/4/7,3087,360,54,119100,435,19800,139,69400,1094,9900,305,11900
2011/4/8,3088,061,63,134800,399,22400,114,78600,917,11200,252,13400
2011/4/11,3089,495,111,107100,609,17800,174,62400,1059,8900,458,10700
2011/4/12,3090,657,79,89200,529,14800,162,52000,894,7400,768,8900
2011/4/13,3091,200,99,107800,167,35900,132,71800,206,17900,749,10700
2011/4/14,3092,963,96,82100,632,13600,204,47800,1307,6800,332,8200
2011/4/15,3093,788,73,125100,248,41700,127,83400,334,20800,537,12500
2011/4/18,3094,504,122,109500,514,18200,220,63800,968,9100,420,10900
2011/4/19,3095,150,76,108800,395,18100,150,63400,861,9000,428,10800
2011/4/20,3096,929,72,126900,166,42300,148,84600,241,21100,504,12600
2011/4/21,3097,339,133,85500,294,28500,207,57000,293,14200,526,8500
2011/4/22,3098,509,100,103300,411,17200,209,60200,704,8600,548,10300
2011/4/25,3099,657,99,109500,613,18200,170,63800,999,9100,696,10900
2011/4/26,3100,092,60,122700,427,20400,150,71500,813,10200,415,12200
2011/4/27,3101,066,86,79100,421,26300,214,52700,576,13100,429,7900
2011/4/28,3102,024,95,88600,633,14700,171,51600,1325,7300,625,8800
2011/4/29,3103,355,71,109900,257,36600,149,73200,297,18300,537,10900
2011/5/2,3104,606,172,76700,442,25500,301,51100,570,12700,477,7600
2011/5/3,3105,192,58,107800,437,17900,152,62800,855,8900,262,10700
2011/5/4,3106,807,72,114300,367,19000,145,66600,737,9500,333,11400
2011/5/5,3107,586,75,106300,447,17700,158,62000,775,8800,354,10600
2011/5/6,3108,500,114,90900,273,30300,182,60600,386,15100,575,9000
2011/5/9,3109,869,100,104500,512,17400,224,60900,898,8700,650,10400
2011/5/10,3110,447,92,102400,212,34100,150,68200,291,17000,452,10200
2011/5/11,3111,671,46,114500,350,19000,121,66700,864,9500,631,11400
2011/5/12,3112,514,175,63400,547,10500,322,36900,881,5200,657,6300
2011/5/13,3113,574,42,116200,497,19300,160,67700,1161,9600,406,11600
2011/5/16,3114,705,137,96200,491,16000,241,56100,949,8000,608,9600
2011/5/17,3115,310,99,90600,402,15100,228,52800,809,7500,356,9000
2011/5/18,3116,074,65,119200,409,19800,129,69500,890,9900,321,11900
2011/5/19,3117,674,67,115000,442,19100,147,67000,849,9500,329,11500
2011/5/20,3118,966,51,124600,257,41500,134,83000,323,20700,475,12400
2011/5/23,3119,995,113,113900,237,37900,174,75900,231,18900,474,11300
2011/5/24,3120,362,70,96100,541,16000,154,56000,1155,8000,320,9600
2011/5/25,3121,655,43,114500,297,38100,147,76300,315,19000,501,11400
2011/5/26,3122,199,43,139000,210,46300,100,92600,311,23100,497,13900
2011/5/27,3123,359,92,88800,512,14800,258,51800,1054,7400,514,8800
2011/5/30,3124,091,66,119600,609,19900,164,69700,1150,9900,335,11900
2011/5/31,3125,253,111,81100,599,13500,208,47300,1122,6700,499,8100
2011/6/1,3126,082,63,104700,514,17400,151,61000,1031,8700,509,10400
2011/6/2,3127,168,94,80100,553,13300,246,46700,1218,6600,522,8000
2011/6/3,3128,719,99,87500,536,14500,271,51000,985,7200,537,8700
2011/6/6,3129,580,96,114700,554,19100,167,66900,1000,9500,423,11400
2011/6/7,3130,998,73,120300,201,40100,131,80200,206,20000,419,12000
2011/6/8,3131,910,87,88400,568,14700,215,51500,1098,7300,348,8800
2011/6/9,3132,600,87,112300,163,37400,129,74800,266,18700,703,11200
2011/6/10,3133,922,81,108100,198,36000,188,72000,288,18000,573,10800
2011/6/13,3134,201,102,89300,720,14800,232,52000,1214,7400,587,8900
2011/6/14,3135,655,64,116400,217,38800,111,77600,250,19400,603,11600
2011/6/15,3136,944,90,95900,202,31900,162,63900,303,15900,1195,9500
2011/6/16,3137,397,67,115500,457,19200,176,67300,835,9600,328,11500
2011/6/17,3138,005,81,153600,166,51200,91,102400,220,25600,444,15300
2011/6/20,3139,714,155,75300,809,12500,354,43900,1372,6200,512,7500
2011/6/21,3140,643,63,100000,514,16600,184,58300,1089,8300,422,10000
2011/6/22,3141,324,125,73100,530,12100,310,42600,1003,6000,615,7300
2011/6/23,3142,845,94,90000,453,15000,254,52500,851,7500,487,9000
2011/6/24,3143,997,85,113600,231,37800,188,75700,287,18900,369,11300
2011/6/27,3144,674,82,108400,614,18000,191,63200,1092,9000,680,10800
2011/6/28,3145,734,79,84700,574,14100,210,49400,1165,7000,575,8400
2011/6/29,3146,210,107,101000,422,16800,171,58900,808,8400,383,10100
2011/6/30,3147,825,122,69700,626,11600,304,40600,1238,5800,586,6900
2011/7/1,3148,872,50,104600,563,17400,166,61000,1283,8700,513,10400
2011/7/4,3149,140,76,112400,635,18700,174,65500,1195,9300,441,11200
2011/7/5,3150,833,54,118400,235,39400,88,78900,313,19700,760,11800
2011/7/6,3151,408,96,96300,393,16000,216,56100,753,8000,461,9600
2011/7/7,3152,594,94,87000,520,14500,249,50700,917,7200,452,8700
2011/7/8,3153,827,136,75600,541,12600,291,44100,1015,6300,704,7500
2011/7/11,3154,161,105,100700,311,33500,145,67100,488,16700,742,10000
2011/7/12,3155,747,97,102400,224,34100,145,68200,260,17000,419,10200
2011/7/13,3156,366,61,102000,238,34000,150,68000,290,17000,735,10200
2011/7/14,3157,973,44,126200,414,21000,118,73600,844,10500,452,12600
2011/7/15,3158,291,110,85200,508,14200,259,49700,1112,7100,363,8500
2011/7/18,3159,988,105,96500,297,32100,147,64300,364,16000,628,9600
2011/7/19,3160,194,90,87800,334,14600,215,51200,723,7300,342,8700
2011/7/20,3161,319,99,73700,503,12200,246,42900,1030,6100,682,7300
2011/7/21,3162,534,54,93900,531,15600,220,54700,1155,7800,381,9300
2011/7/22,3163,571,91,81200,648,13500,228,47300,1448,6700,408,8100
2011/7/25,3164,420,160,75600,695,12600,325,44100,1242,6300,438,7500
2011/7/26,3165,954,59,103900,412,17300,156,60600,827,8600,589,10300
2011/7/27,3166,706,80,110600,302,18400,182,64500,757,9200,404,11000
2011/7/28,3167,759,48,111600,482,18600,174,65100,860,9300,355,11100
2011/7/29,3168,622,120,73600,326,24500,273,49000,485,12200,639,7300
2011/8/1,3169,983,68,126800,528,21100,103,73900,1182,10500,516,12600
2011/8/2,3170,006,70,130140,175,43400,128,86900,229,21700,256,13000
2011/8/3,3171,981,53,95600,592,15900,124,55700,1456,7900,320,9500
2011/8/4,3172,815,149,63900,492,10600,375,37200,916,5300,540,6300
2011/8/5,3173,811,144,69400,330,23100,231,46200,466,11500,676,6900
2011/8/8,3174,449,67,123500,236,41100,154,82300,316,20500,491,12300
2011/8/9,3175,676,58,112400,203,37400,136,74900,233,18700,457,11200
2011/8/10,3176,662,52,136500,174,45500,101,91000,278,22700,353,13600
2011/8/11,3177,376,47,116500,357,19400,172,67900,770,9700,354,11600
2011/8/12,3178,767,178,60900,410,20300,255,40600,444,10100,604,6000
2011/8/15,3179,391,90,99700,584,16600,180,58100,1272,8300,480,9900
2011/8/16,3180,293,100,90900,486,15100,165,53000,1023,7500,485,9000
2011/8/17,3181,220,93,92100,283,30700,216,61400,294,15300,371,9200
2011/8/18,3182,393,144,59800,447,19900,303,39800,575,9900,441,5900
2011/8/19,3183,508,181,72500,463,12000,292,42200,778,6000,545,7200
2011/8/22,3184,142,79,110900,689,18400,119,64600,1196,9200,592,11000
2011/8/23,3185,183,72,90300,594,15000,155,52600,1233,7500,326,9000
2011/8/24,3186,863,79,87300,520,14500,197,50900,1274,7200,370,8700
2011/8/25,3187,267,70,99200,535,16500,180,57800,1135,8200,400,9900
2011/8/26,3188,703,157,79900,407,13300,313,46600,747,6600,394,7900
2011/8/29,3189,922,104,94300,326,31400,262,62800,403,15700,567,9400
2011/8/30,3190,891,85,72800,675,12100,243,42400,1580,6000,411,7200
2011/8/31,3191,725,141,69700,639,11600,298,40600,1092,5800,522,6900
2011/9/1,3192,469,140,77600,499,12900,236,45200,1038,6400,562,7700
2011/9/2,3193,674,92,86900,425,14400,243,50600,857,7200,754,8600
2011/9/5,3194,262,95,111200,280,37000,145,74100,554,18500,432,11100
2011/9/6,3195,464,119,90200,264,30000,150,60100,333,15000,514,9000
2011/9/7,3196,854,64,113300,432,18800,140,66000,984,9400,496,11300
2011/9/8,3197,401,87,94500,511,15700,210,55100,1030,7800,315,9400
2011/9/9,3198,007,105,100800,313,33600,160,67200,358,16800,351,10000
2011/9/12,3199,425,121,87400,648,14500,286,50900,1061,7200,522,8700
2011/9/13,3200,705,88,108300,337,18000,187,63100,616,9000,343,10800
2011/9/14,3201,286,67,100900,466,16800,182,58800,961,8400,395,10000
2011/9/15,3202,606,101,73600,411,24500,260,49000,453,12200,341,7300
2011/9/16,3203,966,89,97600,256,32500,153,65000,342,16200,731,9700
2011/9/19,3204,203,89,108900,464,18100,179,63500,929,9000,405,10800
2011/9/20,3205,316,106,70100,514,11600,297,40800,961,5800,382,7000
2011/9/21,3206,874,54,90600,421,15100,160,52800,934,7500,451,9000
2011/9/22,3207,251,96,93500,570,15500,141,54500,1159,7700,428,9300
2011/9/23,3208,703,134,79400,388,13200,282,46300,736,6600,346,7900
2011/9/26,3209,180,99,98600,719,16400,192,57500,1338,8200,399,9800
2011/9/27,3210,679,57,103900,386,17300,212,60600,839,8600,366,10300
2011/9/28,3211,232,94,82400,293,27400,163,54900,451,13700,809,8200
2011/9/29,3212,404,183,72300,296,24100,203,48200,375,12000,498,7200
2011/9/30,3213,978,59,100300,442,16700,200,58500,906,8300,728,10000
2011/10/3,3214,418,201,63400,737,10500,441,36900,1199,5200,640,6300
2011/10/4,3215,854,72,88000,545,14600,201,51300,1030,7300,444,8800
2011/10/5,3216,256,91,81400,511,13500,208,47400,1207,6700,402,8100
2011/10/6,3217,047,85,91200,472,15200,183,53200,1002,7600,637,9100
2011/10/7,3218,208,106,86400,477,14400,245,50400,973,7200,569,8600
2011/10/10,3219,393,101,84000,382,28000,218,56000,441,14000,604,8400
2011/10/11,3220,644,51,130300,175,43400,86,86800,256,21700,506,13000
2011/10/12,3221,353,66,107600,273,35800,129,71700,332,17900,353,10700
2011/10/13,3222,589,85,100600,355,16700,215,58600,699,8300,440,10000
2011/10/14,3223,680,57,127400,384,21200,165,74300,811,10600,387,12700
2011/10/17,3224,957,91,110400,621,18400,160,64400,1124,9200,606,11000
2011/10/18,3225,082,61,124900,396,20800,104,72800,911,10400,340,12400
2011/10/19,3226,237,75,91500,519,15200,195,53300,1127,7600,462,9100
2011/10/20,3227,087,56,125200,343,20800,155,73000,833,10400,400,12500
2011/10/21,3228,859,65,118700,420,19700,162,69200,919,9800,383,11800
2011/10/24,3229,369,250,58800,820,9800,449,34300,1403,4900,611,5800
2011/10/25,3230,760,43,148900,379,24800,108,86800,755,12400,255,14800
2011/10/26,3231,877,78,95200,302,31700,134,63400,455,15800,744,9500
2011/10/27,3232,856,73,91700,649,15200,206,53400,1219,7600,369,9100
2011/10/28,3233,677,112,91800,326,30600,174,61200,491,15300,462,9100
2011/10/31,3234,488,83,125000,295,41600,141,83300,335,20800,707,12500
2011/11/1,3235,740,54,127500,433,21200,124,74300,945,10600,340,12700
2011/11/2,3236,569,71,87800,555,14600,273,51200,1103,7300,498,8700
2011/11/3,3237,750,86,91700,507,15200,219,53400,953,7600,368,9100
2011/11/4,3238,218,145,70500,681,11700,337,41100,1280,5800,554,7000
2011/11/7,3239,770,191,76200,342,25400,322,50800,406,12700,599,7600
2011/11/8,3240,711,92,64900,554,21600,207,43200,738,10800,570,6400
2011/11/9,3241,252,98,96100,270,32000,157,64000,408,16000,379,9600
2011/11/10,3242,901,79,103300,431,17200,194,60200,989,8600,323,10300
2011/11/11,3243,798,81,88800,564,14800,232,51800,992,7400,447,8800
2011/11/14,3244,124,152,74300,764,12300,289,43300,1107,6100,938,7400
2011/11/15,3245,103,109,82300,435,13700,244,48000,877,6800,455,8200
2011/11/16,3246,213,128,58600,843,9700,315,34100,1533,4800,469,5800
2011/11/17,3247,660,116,65000,441,21600,299,43300,513,10800,295,6500
2011/11/18,3248,875,150,67300,557,11200,280,39200,1190,5600,671,6700
2011/11/21,3249,984,73,110600,549,18400,177,64500,1072,9200,401,11000
2011/11/22,3250,835,68,76100,581,12600,213,44300,1370,6300,537,7600
2011/11/23,3251,347,80,76500,486,12700,218,44600,1005,6300,454,7600
2011/11/24,3252,642,59,82900,681,13800,178,48300,1373,6900,406,8200
2011/11/25,3253,090,87,101300,261,33700,168,67500,367,16800,438,10100
2011/11/28,3254,180,89,81500,845,13500,235,47500,1611,6700,549,8100
2011/11/29,3255,861,51,105100,474,17500,130,61300,1165,8700,329,10500
2011/11/30,3256,267,87,77200,634,12800,254,45000,1256,6400,385,7700
2011/12/1,3257,300,80,112000,249,37300,104,74600,220,18600,702,11200
2011/12/2,3258,883,80,113500,228,37800,159,75600,272,18900,349,11300
2011/12/5,3259,048,63,111000,498,18500,197,64700,1037,9200,708,11100
2011/12/6,3260,603,63,100200,435,16700,175,58400,920,8300,382,10000
2011/12/7,3261,318,137,62500,562,10400,381,36400,1278,5200,457,6200
2011/12/8,3262,174,83,76200,608,12700,185,44400,1394,6300,658,7600
2011/12/9,3263,166,68,97900,227,32600,176,65200,472,16300,715,9700
2011/12/12,3264,188,131,88400,338,29400,233,58900,452,14700,607,8800
2011/12/13,3265,317,107,76900,499,12800,278,44800,950,6400,515,7600
2011/12/14,3266,029,70,93000,484,15500,203,54200,891,7700,603,9300
2011/12/15,3267,409,112,84100,472,14000,289,49000,949,7000,521,8400
2011/12/16,3268,591,78,100100,539,16600,201,58300,1140,8300,446,10000
2011/12/19,3269,526,134,82800,737,13800,269,48300,1336,6900,762,8200
2011/12/20,3270,853,90,75100,696,12500,219,43800,1409,6200,545,7500
2011/12/21,3271,198,128,52400,910,8700,491,30500,1932,4300,374,5200
2011/12/22,3272,045,67,120400,390,20000,150,70200,832,10000,506,12000
2011/12/23,3273,427,120,57600,740,9600,414,33600,1592,4800,523,5700
2011/12/26,3274,029,83,107600,488,17900,187,62700,987,8900,964,10700
2011/12/27,3275,941,46,118900,496,19800,125,69300,1137,9900,340,11800
2011/12/28,3276,228,119,76300,307,25400,294,50800,329,12700,700,7600
2011/12/29,3277,389,72,102600,458,17100,228,59800,1090,8500,390,10200
2011/12/30,3278,786,53,131600,455,21900,144,76700,972,10900,312,13100
2012/1/4,3279,416,203,63400,639,10500,300,36900,1264,5200,438,6300
2012/1/5,3280,447,88,101700,237,33900,194,67800,264,16900,525,10100
2012/1/6,3281,458,155,63000,768,10500,356,36700,1335,5200,734,6300
2012/1/9,3282,965,120,88100,853,14600,185,51300,1595,7300,554,8800
2012/1/10,3283,813,104,75000,736,12500,283,43700,1254,6200,358,7500
2012/1/11,3284,861,71,97600,616,16200,157,56900,1334,8100,322,9700
2012/1/12,3285,552,83,105600,270,35200,160,70400,345,17600,418,10500
2012/1/13,3286,910,100,94900,491,15800,222,55300,1124,7900,407,9400
2012/1/16,3287,674,232,67800,681,11300,363,39500,1113,5600,845,6700
2012/1/17,3288,398,100,93100,493,15500,204,54300,899,7700,384,9300
2012/1/18,3289,093,68,111000,403,18500,181,64700,964,9200,303,11100
2012/1/19,3290,251,64,83200,618,13800,233,48500,1394,6900,400,8300
2012/1/20,3291,556,114,101400,256,33800,155,67600,282,16900,420,10100
2012/1/23,3292,707,174,91600,258,30500,235,61000,296,15200,601,9100
2012/1/24,3293,478,95,76200,511,12700,290,44400,877,6300,510,7600
2012/1/25,3294,017,57,125800,385,20900,134,73300,883,10400,366,12500
2012/1/26,3295,233,101,92100,242,30700,136,61400,415,15300,864,9200
2012/1/27,3296,079,39,142700,348,23700,143,83200,827,11800,452,14200
2012/1/30,3297,181,126,96400,324,32100,190,64200,508,16000,622,9600
2012/1/31,3298,718,115,64500,657,10700,331,37600,1315,5300,649,6400
2012/2/1,3299,076,73,106400,396,17700,185,62000,888,8800,443,10600
2012/2/2,3300,782,52,110000,476,18300,149,64100,1137,9100,351,11000
2012/2/3,3301,768,75,96300,557,16000,202,56100,1099,8000,553,9600
2012/2/6,3302,871,84,91400,829,15200,216,53300,1639,7600,488,9100
2012/2/7,3303,933,63,123700,209,41200,95,82400,360,20600,478,12300
2012/2/8,3304,890,73,83600,616,13900,244,48700,1345,6900,334,8300
2012/2/9,3305,359,85,88300,518,14700,232,51500,1048,7300,452,8800
2012/2/10,3306,005,68,129000,213,43000,136,86000,276,21500,488,12900
2012/2/13,3307,732,81,101200,654,16800,170,59000,1427,8400,612,10100
2012/2/14,3308,219,121,69800,525,11600,276,40700,1019,5800,516,6900
2012/2/15,3309,059,70,117600,433,19600,155,68600,1000,9800,286,11700
2012/2/16,3310,668,65,126000,226,42000,142,84000,270,21000,457,12600
2012/2/17,3311,629,89,83200,581,13800,283,48500,1248,6900,587,8300
2012/2/20,3312,563,111,102700,642,17100,216,59900,1071,8500,564,10200
2012/2/21,3313,126,148,69200,607,11500,277,40300,1144,5700,555,6900
2012/2/22,3314,141,82,93900,293,31300,175,62600,460,15600,549,9300
2012/2/23,3315,366,53,128900,199,42900,123,85900,204,21400,607,12800
2012/2/24,3316,267,79,88900,642,14800,246,51800,1298,7400,524,8800
2012/2/27,3317,343,137,114100,267,38000,180,76000,274,19000,508,11400
2012/2/28,3318,490,80,112600,389,18700,173,65600,870,9300,294,11200
2012/2/29,3319,874,142,71500,476,11900,243,41700,1073,5900,781,7100
2012/3/1,3320,012,75,103900,422,17300,174,60600,789,8600,818,10300
2012/3/2,3321,007,90,98300,272,32700,209,65500,344,16300,362,9800
2012/3/5,3322,976,73,110500,559,18400,217,64400,1046,9200,534,11000
2012/3/6,3323,833,60,133600,180,44500,83,89000,286,22200,648,13300
2012/3/7,3324,017,62,122400,339,20400,151,71400,852,10200,444,12200
2012/3/8,3325,940,51,156800,304,26100,114,91400,657,13000,338,15600
2012/3/9,3326,422,110,87500,270,29100,217,58300,319,14500,616,8700
2012/3/12,3327,771,95,123300,287,41100,130,82200,405,20500,449,12300
2012/3/13,3328,300,62,114300,233,38100,113,76200,227,19000,749,11400
2012/3/14,3329,906,58,120800,437,20100,141,70400,890,10000,336,12000
2012/3/15,3330,552,83,92300,339,30700,154,61500,380,15300,545,9200
2012/3/16,3331,136,86,70900,857,11800,212,41300,1885,5900,613,7000
2012/3/19,3332,160,96,114100,544,19000,150,66500,1166,9500,367,11400
2012/3/20,3333,800,77,103100,238,34300,103,68700,286,17100,540,10300
2012/3/21,3334,241,72,101300,474,16800,168,59000,1037,8400,286,10100
2012/3/22,3335,158,97,95200,447,15800,165,55500,965,7900,470,9500
2012/3/23,3336,228,93,93900,235,31300,198,62600,332,15600,502,9300
2012/3/26,3337,226,173,79600,337,26500,280,53000,361,13200,633,7900
2012/3/27,3338,599,83,110200,173,36700,103,73400,232,18300,848,11000
2012/3/28,3339,124,84,92600,433,15400,223,54000,848,7700,541,9200
2012/3/29,3340,594,60,102900,473,17100,212,60000,947,8500,350,10200
2012/3/30,3341,627,118,82400,546,13700,248,48000,998,6800,725,8200
2012/4/2,3342,860,94,113800,514,18900,222,66300,928,9400,375,11300
2012/4/3,3343,766,61,108300,222,36100,95,72200,252,18000,638,10800
2012/4/4,3344,575,74,106600,221,35500,124,71000,273,17700,768,10600
2012/4/5,3345,895,26,147500,406,24500,110,86000,903,12200,349,14700
2012/4/6,3346,952,127,89800,507,14900,178,52300,1200,7400,400,8900
2012/4/9,3347,790,62,132200,472,22000,172,77100,870,11000,474,13200
2012/4/10,3348,284,52,107500,435,17900,129,62700,1028,8900,677,10700
2012/4/11,3349,175,86,72500,639,12000,288,42200,1258,6000,385,7200
2012/4/12,3350,916,160,67400,557,11200,313,39300,1184,5600,486,6700
2012/4/13,3351,098,100,91600,562,15200,216,53400,1295,7600,516,9100
2012/4/16,3352,789,120,80600,771,13400,367,47000,1352,6700,609,8000
2012/4/17,3353,667,103,103400,243,34400,160,68900,242,17200,454,10300
2012/4/18,3354,105,82,105400,423,17500,206,61400,815,8700,408,10500
2012/4/19,3355,278,87,92800,499,15400,227,54100,962,7700,467,9200
2012/4/20,3356,420,391,35900,890,5900,824,20900,1254,2900,483,3500
2012/4/23,3357,451,85,102600,708,17100,172,59800,1292,8500,549,10200
2012/4/24,3358,378,85,93800,425,15600,222,54700,925,7800,378,9300
2012/4/25,3359,994,75,114800,260,38200,160,76500,254,19100,356,11400
2012/4/26,3360,322,164,71300,296,23700,200,47500,469,11800,724,7100
2012/4/27,3361,564,83,99300,527,16500,187,57900,1105,8200,480,9900
2012/4/30,3362,448,129,91200,340,30400,222,60800,256,15200,582,9100
2012/5/1,3363,905,60,133000,343,22100,136,77500,694,11000,330,13300
2012/5/2,3364,138,72,70400,709,11700,257,41000,1658,5800,622,7000
2012/5/3,3365,064,80,118100,320,19600,119,68800,726,9800,303,11800
2012/5/4,3366,409,70,100000,393,16600,229,58300,735,8300,356,10000
2012/5/7,3367,701,85,112300,610,18700,189,65500,1029,9300,412,11200
2012/5/8,3368,685,91,93500,431,15500,160,54500,932,7700,572,9300
2012/5/9,3369,214,73,83300,546,13800,238,48500,1011,6900,567,8300
2012/5/10,3370,535,86,100900,255,33600,149,67200,356,16800,445,10000
2012/5/11,3371,439,80,89700,544,14900,247,52300,1031,7400,557,8900
2012/5/14,3372,301,124,93600,585,15600,236,54600,1212,7800,351,9300
2012/5/15,3373,709,78,109900,375,18300,149,64100,679,9100,297,10900
2012/5/16,3374,286,107,69400,719,11500,259,40400,1384,5700,429,6900
2012/5/17,3375,885,102,88300,290,29400,207,58800,384,14700,288,8800
2012/5/18,3376,156,78,82700,562,13700,216,48200,1165,6800,756,8200
2012/5/21,3377,828,126,95000,253,31600,239,63300,270,15800,650,9500
2012/5/22,3378,768,49,112000,401,18600,147,65300,745,9300,464,11200
2012/5/23,3379,073,112,77200,441,12800,166,45000,1088,6400,934,7700
2012/5/24,3380,547,79,83600,406,13900,226,48700,881,6900,758,8300
2012/5/25,3381,262,63,114500,255,38100,114,76300,443,19000,413,11400
2012/5/28,3382,320,148,91700,504,15200,249,53400,863,7600,405,9100
2012/5/29,3383,538,77,72200,569,12000,267,42100,1246,6000,395,7200
2012/5/30,3384,038,54,97100,467,16100,190,56600,1238,8000,317,9700
2012/5/31,3385,975,62,113300,404,18800,145,66000,776,9400,539,11300
2012/6/1,3386,729,116,73600,588,12200,316,42900,1102,6100,550,7300
2012/6/4,3387,221,144,83600,328,27800,217,55700,451,13900,665,8300
2012/6/5,3388,819,128,55000,605,9100,411,32000,1293,4500,568,5500
2012/6/6,3389,917,163,73900,416,12300,237,43100,879,6100,384,7300
2012/6/7,3390,197,63,107800,418,17900,143,62800,875,8900,461,10700
2012/6/8,3391,696,97,92100,277,30700,149,61400,324,15300,771,9200
2012/6/11,3392,600,101,87900,297,29300,216,58600,364,14600,993,8700
2012/6/12,3393,098,96,60200,798,10000,217,35100,1788,5000,375,6000
2012/6/13,3394,194,58,107500,388,17900,179,62700,815,8900,279,10700
2012/6/14,3395,495,58,117000,435,19500,96,68200,923,9700,402,11700
2012/6/15,3396,051,55,124800,483,20800,121,72800,1086,10400,411,12400
2012/6/18,3397,826,142,81900,701,13600,263,47700,1254,6800,646,8100
2012/6/19,3398,137,67,90100,496,15000,146,52500,1101,7500,478,9000
2012/6/20,3399,486,57,109400,466,18200,167,63800,1002,9100,390,10900
2012/6/21,3400,714,127,68100,604,11300,322,39700,1151,5600,431,6800
2012/6/22,3401,811,75,102100,241,34000,173,68000,457,17000,556,10200
2012/6/25,3402,523,182,66900,792,11100,361,39000,1394,5500,843,6600
2012/6/26,3403,357,151,65900,642,10900,312,38400,1144,5400,461,6500
2012/6/27,3404,884,76,117100,204,39000,167,78000,241,19500,367,11700
2012/6/28,3405,819,115,67700,679,11200,338,39400,1363,5600,436,6700
2012/6/29,3406,410,112,83400,598,13900,252,48600,1169,6900,516,8300
2012/7/2,3407,835,96,82200,827,13700,280,47900,1491,6800,592,8200
2012/7/3,3408,077,57,120700,201,40200,105,80400,264,20100,568,12000
2012/7/4,3409,851,36,125100,496,20800,104,72900,1072,10400,310,12500
2012/7/5,3410,550,106,99300,259,33100,159,66200,348,16500,336,9900
2012/7/6,3411,148,77,81900,586,13600,221,47700,1259,6800,792,8100
2012/7/9,3412,092,106,96800,568,16100,185,56400,1182,8000,754,9600
2012/7/10,3413,738,54,108800,431,18100,136,63400,936,9000,503,10800
2012/7/11,3414,034,46,121000,366,20100,145,70500,827,10000,460,12100
2012/7/12,3415,612,118,74000,531,12300,246,43100,1181,6100,438,7400
2012/7/13,3416,680,73,115200,421,19200,154,67200,871,9600,355,11500
2012/7/16,3417,047,74,101900,497,16900,183,59400,976,8400,558,10100
2012/7/17,3418,544,58,75700,315,25200,263,50400,335,12600,658,7500
2012/7/18,3419,825,106,65500,583,10900,273,38200,1276,5400,648,6500
2012/7/19,3420,377,66,115500,203,38500,113,77000,331,19200,399,11500
2012/7/20,3421,515,100,84700,297,28200,185,56400,406,14100,484,8400
2012/7/23,3422,615,159,79900,558,13300,292,46600,978,6600,425,7900
2012/7/24,3423,059,60,115400,348,19200,157,67300,703,9600,290,11500
2012/7/25,3424,899,59,112300,200,37400,129,74800,296,18700,580,11200
2012/7/26,3425,506,72,104400,345,17400,191,60900,707,8700,439,10400
2012/7/27,3426,726,131,63000,592,10500,386,36700,1107,5200,474,6300
2012/7/30,3427,486,57,118500,509,19700,167,69100,951,9800,350,11800
2012/7/31,3428,916,116,71400,501,11900,273,41600,968,5900,365,7100
2012/8/1,3429,568,74,93800,397,15600,203,54700,801,7800,508,9300
2012/8/2,3430,261,68,96600,437,16100,164,56300,1010,8000,426,9600
2012/8/3,3431,360,67,91800,514,15300,183,53500,1224,7600,455,9100
2012/8/6,3432,055,103,88300,367,29400,123,58800,558,14700,786,8800
2012/8/7,3433,788,51,110900,200,36900,117,73900,270,18400,501,11000
2012/8/8,3434,121,121,81800,229,27200,172,54500,375,13600,297,8100
2012/8/9,3435,343,87,86700,250,28900,169,57800,315,14400,497,8600
2012/8/10,3436,090,79,76800,356,25600,237,51200,404,12800,462,7600
2012/8/13,3437,302,98,102900,406,17100,158,60000,731,8500,599,10200
2012/8/14,3438,333,476,55600,0,0,0,0,0,0,705,5500
2012/8/15,3439,430,88,82400,421,13700,175,48000,782,6800,930,8200
2012/8/16,3440,979,112,101800,155,33900,141,67800,219,16900,541,10100
2012/8/17,3441,911,129,73400,342,24400,215,48900,441,12200,546,7300
2012/8/20,3442,689,128,97200,464,16200,215,56700,853,8100,485,9700
2012/8/21,3443,656,89,90000,269,30000,138,60000,324,15000,448,9000
2012/8/22,3444,810,124,64100,561,10600,330,37300,1096,5300,349,6400
2012/8/23,3445,514,118,80400,381,13400,229,46900,782,6700,435,8000
2012/8/24,3446,537,75,93500,560,15500,163,54500,1088,7700,478,9300
2012/8/27,3447,099,106,108800,292,36200,122,72500,383,18100,481,10800
2012/8/28,3448,282,102,77500,301,25800,159,51600,560,12900,349,7700
2012/8/29,3449,887,67,113500,182,37800,133,75600,293,18900,385,11300
2012/8/30,3450,526,85,92300,416,15300,192,53800,863,7600,426,9200
2012/8/31,3451,310,149,73100,539,12100,285,42600,942,6000,354,7300
2012/9/3,3452,458,100,92000,547,15300,258,53600,1014,7600,520,9200
2012/9/4,3453,357,119,71600,512,11900,266,41700,900,5900,400,7100
2012/9/5,3454,748,108,85700,425,14200,200,49900,897,7100,450,8500
2012/9/6,3455,988,68,106000,237,35300,128,70600,316,17600,529,10600
2012/9/7,3456,926,138,67700,541,11200,311,39400,1245,5600,459,6700
2012/9/10,3457,351,108,77800,815,12900,225,45300,1665,6400,471,7700
2012/9/11,3458,185,120,81700,493,13600,156,47600,1016,6800,332,8100
2012/9/12,3459,441,108,90500,251,30100,157,60300,349,15000,297,9000
2012/9/13,3460,124,92,74000,509,12300,262,43100,1009,6100,558,7400
2012/9/14,3461,445,79,110000,194,36600,168,73300,234,18300,442,11000
2012/9/17,3462,784,52,129200,451,21500,113,75300,847,10700,372,12900
2012/9/18,3463,731,75,87800,426,14600,170,51200,753,7300,621,8700
2012/9/19,3464,728,102,74600,493,12400,261,43500,906,6200,449,7400
2012/9/20,3465,049,54,111700,354,18600,168,65100,744,9300,413,11100
2012/9/21,3466,059,64,102100,442,17000,174,59500,910,8500,433,10200
2012/9/24,3467,715,125,72600,694,12100,304,42300,1269,6000,566,7200
2012/9/25,3468,100,75,95300,217,31700,133,63500,274,15800,843,9500
2012/9/26,3469,466,69,105000,187,35000,108,70000,301,17500,773,10500
2012/9/27,3470,660,185,49500,503,16500,320,33000,590,8200,429,4900
2012/9/28,3471,928,341,33900,860,5600,775,19700,1286,2800,558,3300
2012/10/1,3472,274,135,67600,819,11200,287,39400,1327,5600,722,6700
2012/10/2,3473,298,83,98400,357,16400,150,57400,816,8200,398,9800
2012/10/3,3474,498,60,108300,389,18000,147,63100,813,9000,356,10800
2012/10/4,3475,116,81,90700,243,30200,200,60400,311,15100,395,9000
2012/10/5,3476,851,63,105800,455,17600,128,61700,1039,8800,518,10500
2012/10/8,3477,782,57,97600,560,16200,192,56900,1172,8100,454,9700
2012/10/9,3478,144,85,100900,177,33600,133,67200,251,16800,518,10000
2012/10/10,3479,042,82,90600,446,15100,154,52800,1052,7500,445,9000
2012/10/11,3480,612,71,83400,566,13900,206,48600,1080,6900,380,8300
2012/10/12,3481,472,60,84800,631,14100,199,49400,1171,7000,570,8400
2012/10/15,3482,063,75,109700,544,18200,135,63900,1082,9100,835,10900
2012/10/16,3483,236,139,67600,489,11200,253,39400,1145,5600,608,6700
2012/10/17,3484,033,155,49100,405,16300,342,32700,582,8100,920,4900
2012/10/18,3485,662,58,94200,287,31400,164,62800,439,15700,321,9400
2012/10/19,3486,320,118,71600,591,11900,310,41700,1124,5900,441,7100
2012/10/22,3487,714,135,70600,789,11700,328,41100,1281,5800,553,7000
2012/10/23,3488,240,48,109400,413,18200,123,63800,985,9100,266,10900
2012/10/24,3489,341,68,94500,472,15700,186,55100,1053,7800,385,9400
2012/10/25,3490,837,63,112700,394,18700,160,65700,826,9300,428,11200
2012/10/26,3491,697,65,106800,415,17800,189,62300,951,8900,457,10600
2012/10/29,3492,480,76,121900,420,20300,178,71100,877,10100,474,12100
2012/10/30,3493,804,64,105400,312,17500,170,61400,745,8700,561,10500
2012/10/31,3494,264,54,93900,611,15600,183,54700,1143,7800,385,9300
2012/11/1,3495,778,87,102500,236,34100,158,68300,256,17000,510,10200
2012/11/2,3496,561,85,110000,434,18300,147,64100,958,9100,320,11000
2012/11/5,3497,620,112,95700,548,15900,248,55800,1000,7900,381,9500
2012/11/6,3498,044,80,84700,331,28200,137,56400,375,14100,479,8400
2012/11/7,3499,085,60,122700,332,20400,125,71500,783,10200,343,12200
2012/11/8,3500,966,84,105300,249,35100,116,70200,257,17500,510,10500
2012/11/9,3501,666,581,60600,0,0,0,0,0,0,519,6000
2012/11/12,3502,781,78,102000,621,17000,166,59500,1213,8500,378,10200
2012/11/13,3503,019,67,84600,437,14100,176,49300,1017,7000,611,8400
2012/11/14,3504,605,60,114100,302,19000,168,66500,589,9500,359,11400
2012/11/15,3505,495,43,105800,460,17600,155,61700,1017,8800,371,10500
2012/11/16,3506,464,60,130500,221,43500,100,87000,277,21700,363,13000
2012/11/19,3507,713,148,70300,719,11700,288,41000,1193,5800,601,7000
2012/11/20,3508,776,70,106600,207,35500,132,71000,233,17700,446,10600
2012/11/21,3509,872,82,79200,655,13200,179,46200,1246,6600,336,7900
2012/11/22,3510,307,84,93000,382,15500,217,54200,867,7700,394,9300
2012/11/23,3511,369,90,64600,540,10700,304,37600,1037,5300,594,6400
2012/11/26,3512,204,86,94100,587,15600,200,54800,1145,7800,347,9400
2012/11/27,3513,660,134,58700,395,19500,278,39100,514,9700,318,5800
2012/11/28,3514,195,90,85800,464,14300,186,50000,1080,7100,258,8500
2012/11/29,3515,950,89,91100,416,15100,140,53100,897,7500,590,9100
2012/11/30,3516,943,87,101900,404,16900,171,59400,811,8400,423,10100
2012/12/3,3517,217,138,69100,668,11500,334,40300,1381,5700,606,6900
2012/12/4,3518,798,55,96100,345,16000,222,56000,713,8000,390,9600
2012/12/5,3519,793,48,115800,364,19300,164,67500,750,9600,355,11500
2012/12/6,3520,931,93,79500,588,13200,176,46300,1222,6600,432,7900
2012/12/7,3521,167,53,111600,438,18600,154,65100,915,9300,437,11100
2012/12/10,3522,540,89,98400,639,16400,181,57400,1260,8200,357,9800
2012/12/11,3523,776,89,102700,187,34200,154,68400,254,17100,369,10200
2012/12/12,3524,249,53,100000,490,16600,164,58300,1106,8300,305,10000
2012/12/13,3525,374,82,87700,428,14600,234,51100,896,7300,454,8700
2012/12/14,3526,282,56,105300,323,35100,142,70200,489,17500,484,10500
2012/12/17,3527,141,114,102900,321,34300,169,68600,470,17100,430,10200
2012/12/18,3528,199,69,93000,279,31000,135,62000,436,15500,656,9300
2012/12/19,3529,036,85,92600,448,15400,220,54000,869,7700,434,9200
2012/12/20,3530,619,168,59200,617,9800,369,34500,1275,4900,513,5900
2012/12/21,3531,273,86,91500,559,15200,185,53300,1233,7600,457,9100
2012/12/24,3532,579,74,104700,504,17400,213,61000,877,8700,509,10400
2012/12/25,3533,296,79,79600,481,13200,278,46400,1096,6600,489,7900
2012/12/26,3534,426,121,79700,472,13200,227,46400,927,6600,633,7900
2012/12/27,3535,836,63,86400,677,14400,228,50400,1455,7200,374,8600
2012/12/28,3536,889,121,95700,307,31900,199,63800,316,15900,567,9500
2013/1/4,3537,609,93,105400,465,17500,253,61400,926,8700,440,10500
2013/1/7,3538,778,165,83200,329,27700,220,55400,332,13800,1124,8300
2013/1/8,3539,877,111,79200,327,26400,178,52800,439,13200,588,7900
2013/1/9,3540,239,65,98200,466,16300,183,57200,1104,8100,470,9800
2013/1/10,3541,240,75,88800,562,14800,214,51800,1241,7400,385,8800
2013/1/11,3542,044,98,91300,312,30400,165,60800,449,15200,555,9100
2013/1/14,3543,238,99,83100,601,13800,236,48400,1135,6900,516,8300
2013/1/15,3544,447,88,108600,182,36200,135,72400,180,18100,504,10800
2013/1/16,3545,663,88,106700,279,35500,123,71100,231,17700,427,10600
2013/1/17,3546,433,76,97900,245,32600,147,65200,333,16300,727,9700
2013/1/18,3547,228,146,62100,364,20700,360,41400,392,10300,592,6200
2013/1/21,3548,871,81,106400,663,17700,161,62000,1313,8800,468,10600
2013/1/22,3549,068,50,131900,330,21900,98,76900,718,10900,426,13100
2013/1/23,3550,352,130,76800,562,12800,180,44800,1114,6400,649,7600
2013/1/24,3551,794,60,85800,528,14300,247,50000,1091,7100,446,8500
2013/1/25,3552,272,85,91900,379,30600,139,61200,562,15300,343,9100
2013/1/28,3553,481,58,101300,747,16800,204,59000,1341,8400,475,10100
2013/1/29,3554,533,54,114500,227,38100,126,76300,348,19000,491,11400
2013/1/30,3555,015,70,94700,485,15700,147,55200,992,7800,765,9400
2013/1/31,3556,158,108,69600,617,11600,299,40600,1175,5800,647,6900
2013/2/1,3557,844,70,102300,340,34100,136,68200,422,17000,513,10200
2013/2/4,3558,258,192,63600,972,10600,416,37100,1346,5300,452,6300
2013/2/5,3559,300,73,105200,192,35000,133,70100,208,17500,886,10500
2013/2/6,3560,068,48,127600,334,21200,119,74400,680,10600,410,12700
2013/2/7,3561,252,88,96100,313,32000,131,64000,446,16000,376,9600
2013/2/8,3562,199,61,108700,252,36200,130,72400,364,18100,682,10800
2013/2/11,3563,481,84,106300,604,17700,158,62000,1008,8800,512,10600
2013/2/12,3564,731,60,88000,484,14600,208,51300,1005,7300,338,8800
2013/2/13,3565,381,71,79600,632,13200,208,46400,1503,6600,241,7900
2013/2/14,3566,507,77,101500,429,16900,186,59200,971,8400,328,10100
2013/2/15,3567,574,43,129500,417,21500,144,75500,846,10700,547,12900
2013/2/18,3568,972,94,96100,701,16000,205,56000,1429,8000,500,9600
2013/2/19,3569,139,81,81500,587,13500,184,47500,1301,6700,454,8100
2013/2/20,3570,230,101,96300,466,16000,191,56100,981,8000,338,9600
2013/2/21,3571,396,91,85900,530,14300,215,50100,1151,7100,466,8500
2013/2/22,3572,728,132,60900,752,10100,390,35500,1432,5000,767,6000
2013/2/25,3573,751,109,82400,894,13700,206,48000,1740,6800,594,8200
2013/2/26,3574,199,67,115600,213,38500,128,77000,325,19200,523,11500
2013/2/27,3575,181,135,78600,320,26200,151,52400,486,13100,638,7800
2013/2/28,3576,717,144,65600,426,21800,262,43700,532,10900,589,6500
2013/3/1,3577,837,42,116200,460,19300,164,67700,1088,9600,443,11600
2013/3/4,3578,723,195,64900,827,10800,413,37800,1410,5400,598,6400
2013/3/5,3579,797,64,112900,268,37600,151,75200,299,18800,290,11200
2013/3/6,3580,473,72,109200,441,18200,155,63700,910,9100,434,10900
2013/3/7,3581,158,68,87500,552,14500,240,51000,1116,7200,503,8700
2013/3/8,3582,168,115,69500,670,11500,357,40500,1318,5700,577,6900
2013/3/11,3583,898,71,121800,284,40600,154,81200,342,20300,593,12100
2013/3/12,3584,986,52,119500,369,19900,148,69700,788,9900,398,11900
2013/3/13,3585,980,66,90300,541,15000,192,52600,1184,7500,323,9000
2013/3/14,3586,528,95,81400,511,13500,261,47400,913,6700,467,8100
2013/3/15,3587,888,763,47100,0,0,0,0,0,0,951,4700
2013/3/18,3588,369,172,64000,742,10600,423,37300,1051,5300,534,6400
2013/3/19,3589,349,63,111200,408,18500,144,64800,820,9200,358,11100
2013/3/20,3590,333,668,44800,0,0,0,0,0,0,663,4400
2013/3/21,3591,735,87,76100,713,12600,214,44300,1220,6300,473,7600
2013/3/22,3592,448,93,90200,243,30000,232,60100,242,15000,606,9000
2013/3/25,3593,291,96,98500,633,16400,209,57400,1183,8200,417,9800
2013/3/26,3594,782,56,93100,523,15500,160,54300,1251,7700,394,9300
2013/3/27,3595,538,116,59500,731,9900,311,34700,1502,4900,622,5900
2013/3/28,3596,510,116,86900,347,14400,243,50600,760,7200,473,8600
2013/3/29,3597,259,67,87000,590,14500,222,50700,1257,7200,521,8700
2013/4/1,3598,044,94,118800,273,39600,123,79200,316,19800,645,11800
2013/4/2,3599,344,61,114200,198,38000,105,76100,306,19000,421,11400
2013/4/3,3600,893,86,83500,456,13900,230,48700,969,6900,354,8300
2013/4/4,3601,422,127,82100,256,27300,177,54700,279,13600,573,8200
2013/4/5,3602,318,131,63100,604,10500,337,36800,1188,5200,600,6300
2013/4/8,3603,233,123,82300,353,27400,181,54800,474,13700,836,8200
2013/4/9,3604,582,76,93200,535,15500,136,54300,1083,7700,344,9300
2013/4/10,3605,045,62,123400,339,20500,126,71900,700,10200,387,12300
2013/4/11,3606,102,100,107900,312,17900,163,62900,571,8900,327,10700
2013/4/12,3607,318,127,63800,620,10600,328,37200,1146,5300,483,6300
2013/4/15,3608,760,64,131900,464,21900,168,76900,1010,10900,371,13100
2013/4/16,3609,210,64,133500,347,22200,127,77800,619,11100,288,13300
2013/4/17,3610,114,97,82400,261,27400,244,54900,379,13700,447,8200
2013/4/18,3611,044,141,69200,328,23000,223,46100,393,11500,788,6900
2013/4/19,3612,003,95,104700,238,34900,155,69800,322,17400,462,10400
2013/4/22,3613,947,64,125500,488,20900,152,73200,854,10400,604,12500
2013/4/23,3614,715,81,72200,596,12000,317,42100,1034,6000,393,7200
2013/4/24,3615,722,90,84400,296,28100,162,56200,373,14000,520,8400
2013/4/25,3616,294,89,96600,492,16100,169,56300,976,8000,434,9600
2013/4/26,3617,921,86,96100,504,16000,181,56000,1033,8000,388,9600
2013/4/29,3618,693,136,77100,799,12800,218,44900,1347,6400,457,7700
2013/4/30,3619,706,61,126400,358,21000,126,73700,730,10500,357,12600
2013/5/1,3620,104,125,77900,558,12900,275,45400,995,6400,324,7700
2013/5/2,3621,832,72,88000,570,14600,182,51300,1285,7300,624,8800
2013/5/3,3622,714,188,47300,726,7800,469,27500,1342,3900,442,4700
2013/5/6,3623,160,61,127900,449,21300,136,74600,1001,10600,344,12700
2013/5/7,3624,570,96,77800,513,12900,154,45300,1110,6400,682,7700
2013/5/8,3625,407,99,92100,393,15300,193,53700,968,7600,347,9200
2013/5/9,3626,314,126,77300,409,12800,289,45000,809,6400,366,7700
2013/5/10,3627,034,65,103400,408,17200,175,60300,960,8600,430,10300
2013/5/13,3628,488,82,118200,276,39400,121,78800,294,19700,786,11800
2013/5/14,3629,164,70,100000,414,16600,169,58300,881,8300,378,10000
2013/5/15,3630,531,125,66100,713,11000,248,38500,1438,5500,363,6600
2013/5/16,3631,318,235,39800,807,6600,600,23200,1374,3300,496,3900
2013/5/17,3632,165,84,90300,522,15000,194,52600,1020,7500,393,9000
2013/5/20,3633,963,113,80300,886,13300,204,46800,1488,6600,371,8000
2013/5/21,3634,444,640,48100,0,0,0,0,0,0,676,4800
2013/5/22,3635,244,104,68900,296,22900,193,45900,371,11400,910,6800
2013/5/23,3636,899,43,112000,177,37300,125,74600,245,18600,818,11200
2013/5/24,3637,456,55,108100,325,18000,192,63000,519,9000,750,10800
2013/5/27,3638,345,229,57300,733,9500,469,33400,1017,4700,462,5700
2013/5/28,3639,819,125,58200,524,9700,408,33900,1133,4800,390,5800
2013/5/29,3640,980,81,68200,654,11300,270,39700,1440,5600,384,6800
2013/5/30,3641,041,60,107200,439,17800,126,62500,920,8900,328,10700
2013/5/31,3642,953,48,124800,412,20800,111,72800,821,10400,425,12400
2013/6/3,3643,723,155,68200,732,11300,350,39700,1287,5600,532,6800
2013/6/4,3644,611,86,91500,218,30500,172,61000,256,15200,576,9100
2013/6/5,3645,143,62,101600,522,16900,134,59200,924,8400,381,10100
2013/6/6,3646,292,34,132200,205,44000,110,88100,338,22000,322,13200
2013/6/7,3647,004,93,100400,286,33400,132,66900,299,16700,334,10000
2013/6/10,3648,497,80,107300,645,17800,170,62500,1060,8900,266,10700
2013/6/11,3649,137,65,86000,558,14300,152,50100,1208,7100,340,8600
2013/6/12,3650,378,73,85000,374,14100,241,49500,750,7000,571,8500
2013/6/13,3651,165,69,102800,438,17100,128,59900,853,8500,325,10200
2013/6/14,3652,477,73,112200,246,37400,120,74800,271,18700,607,11200
2013/6/17,3653,883,119,93000,293,31000,216,62000,360,15500,648,9300
2013/6/18,3654,481,51,94000,550,15600,169,54800,1147,7800,307,9400
2013/6/19,3655,238,82,83800,458,13900,215,48800,906,6900,472,8300
2013/6/20,3656,031,62,115000,396,19100,105,67000,934,9500,312,11500
2013/6/21,3657,527,121,68200,508,11300,302,39700,1057,5600,548,6800
2013/6/24,3658,068,79,118500,448,19700,163,69100,801,9800,519,11800
2013/6/25,3659,032,34,142500,375,23700,88,83100,805,11800,337,14200
2013/6/26,3660,314,127,59200,606,9800,344,34500,1053,4900,693,5900
2013/6/27,3661,725,158,67800,551,11300,287,39500,929,5600,630,6700
2013/6/28,3662,848,85,100800,322,33600,126,67200,337,16800,542,10000
2013/7/1,3663,790,66,125000,430,20800,168,72900,885,10400,640,12500
2013/7/2,3664,307,75,84800,482,14100,216,49400,1143,7000,447,8400
2013/7/3,3665,587,44,127900,365,21300,135,74600,787,10600,349,12700
2013/7/4,3666,812,90,74300,525,12300,262,43300,1186,6100,553,7400
2013/7/5,3667,676,92,97100,229,32300,182,64700,271,16100,523,9700
2013/7/8,3668,551,137,80800,360,26900,238,53800,362,13400,557,8000
2013/7/9,3669,082,69,106700,339,17700,130,62200,836,8800,405,10600
2013/7/10,3670,343,71,110100,212,36700,128,73400,289,18300,399,11000
2013/7/11,3671,820,86,101500,328,16900,193,59200,652,8400,339,10100
2013/7/12,3672,456,79,107000,330,17800,184,62400,571,8900,474,10700
2013/7/15,3673,940,58,133200,383,22200,139,77700,772,11100,306,13300
2013/7/16,3674,950,73,89500,476,14900,202,52200,922,7400,322,8900
2013/7/17,3675,044,303,41900,389,13900,355,27900,351,6900,938,4100
2013/7/18,3676,195,57,96100,395,16000,183,56000,818,8000,583,9600
2013/7/19,3677,235,109,77300,491,12800,252,45000,956,6400,459,7700
2013/7/22,3678,342,101,88300,634,14700,172,51500,1291,7300,591,8800
2013/7/23,3679,293,53,108000,390,18000,142,63000,812,9000,326,10800
2013/7/24,3680,346,109,69300,429,11500,193,40400,889,5700,1153,6900
2013/7/25,3681,740,48,121000,380,20100,122,70500,889,10000,378,12100
2013/7/26,3682,501,75,100800,395,16800,173,58800,845,8400,422,10000
2013/7/29,3683,333,502,69600,0,0,0,0,0,0,871,6900
2013/7/30,3684,254,89,76600,428,12700,189,44600,897,6300,820,7600
2013/7/31,3685,757,63,124400,196,41400,95,82900,279,20700,397,12400
2013/8/1,3686,811,124,72200,285,24000,233,48100,367,12000,431,7200
2013/8/2,3687,914,82,93000,389,15500,210,54200,770,7700,454,9300
2013/8/5,3688,257,114,80600,690,13400,257,47000,1131,6700,311,8000
2013/8/6,3689,497,36,112800,413,18800,148,65800,827,9400,260,11200
2013/8/7,3690,017,63,111600,348,18600,124,65100,806,9300,394,11100
2013/8/8,3691,283,48,88800,526,14800,173,51800,1185,7400,347,8800
2013/8/9,3692,917,98,79000,454,13100,248,46000,931,6500,328,7900
2013/8/12,3693,234,124,85400,481,14200,228,49800,804,7100,481,8500
2013/8/13,3694,078,52,109300,316,18200,121,63700,769,9100,413,10900
2013/8/14,3695,155,65,92800,216,30900,121,61800,303,15400,658,9200
2013/8/15,3696,801,96,80800,528,13400,210,47100,1104,6700,306,8000
2013/8/16,3697,900,99,80800,244,26900,169,53800,332,13400,974,8000
2013/8/19,3698,155,67,121400,273,40400,116,80900,393,20200,500,12100
2013/8/20,3699,317,98,73100,486,12100,274,42600,1000,6000,401,7300
2013/8/21,3700,710,138,81500,366,13500,203,47500,843,6700,353,8100
2013/8/22,3701,850,67,108400,388,18000,140,63200,873,9000,313,10800
2013/8/23,3702,294,65,89200,517,14800,216,52000,1072,7400,438,8900
2013/8/26,3703,893,93,86200,454,14300,206,50200,983,7100,1394,8600
2013/8/27,3704,682,78,78500,584,13000,201,45700,1290,6500,417,7800
2013/8/28,3705,793,53,106500,411,17700,201,62100,814,8800,300,10600
2013/8/29,3706,351,91,85000,542,14100,176,49500,1183,7000,425,8500
2013/8/30,3707,311,114,79300,286,26400,200,52800,405,13200,489,7900
2013/9/2,3708,501,100,98800,603,16400,194,57600,1047,8200,312,9800
2013/9/3,3709,204,58,79500,601,13200,230,46300,1214,6600,273,7900
2013/9/4,3710,975,45,101000,403,16800,159,58900,773,8400,648,10100
2013/9/5,3711,536,74,103700,362,17200,156,60400,753,8600,462,10300
2013/9/6,3712,791,44,121600,429,20200,125,70900,926,10100,327,12100
2013/9/9,3713,547,68,117700,466,19600,149,68600,844,9800,650,11700
2013/9/10,3714,300,67,125900,154,41900,107,83900,151,20900,583,12500
2013/9/11,3715,192,71,84200,588,14000,176,49100,1313,7000,319,8400
2013/9/12,3716,537,82,73600,729,12200,200,42900,1323,6100,381,7300
2013/9/13,3717,511,107,80400,302,26800,185,53600,383,13400,551,8000
2013/9/16,3718,137,89,67400,870,11200,253,39300,1570,5600,322,6700
2013/9/17,3719,760,50,135200,268,22500,115,78800,584,11200,371,13500
2013/9/18,3720,595,67,122100,177,40700,125,81400,273,20300,291,12200
2013/9/19,3721,789,104,76100,378,12600,253,44300,785,6300,683,7600
2013/9/20,3722,039,72,102800,401,17100,133,59900,876,8500,524,10200
2013/9/23,3723,389,88,95400,436,15900,231,55600,868,7900,352,9500
2013/9/24,3724,613,91,80400,446,13400,217,46900,942,6700,335,8000
2013/9/25,3725,825,124,64700,554,10700,274,37700,1077,5300,593,6400
2013/9/26,3726,236,134,68100,497,11300,257,39700,1140,5600,443,6800
2013/9/27,3727,895,59,103400,428,17200,190,60300,905,8600,314,10300
2013/9/30,3728,817,123,77100,686,12800,286,44900,1129,6400,603,7700
2013/10/1,3729,113,100,89500,218,29800,170,59600,326,14900,357,8900
2013/10/2,3730,021,54,85900,738,14300,121,50100,1421,7100,337,8500
2013/10/3,3731,996,80,105500,194,35100,141,70300,251,17500,447,10500
2013/10/4,3732,865,68,109200,404,18200,140,63700,866,9100,340,10900
2013/10/7,3733,694,108,86700,642,14400,219,50500,1186,7200,360,8600
2013/10/8,3734,708,142,67900,297,11300,209,39600,606,5600,1067,6700
2013/10/9,3735,451,65,95800,433,15900,140,55800,987,7900,327,9500
2013/10/10,3736,110,122,61100,369,20300,260,40700,413,10100,575,6100
2013/10/11,3737,484,37,112900,270,37600,121,75200,294,18800,380,11200
2013/10/14,3738,572,113,69000,705,11500,242,40200,1312,5700,502,6900
2013/10/15,3739,355,67,107300,198,35700,96,71500,198,17800,555,10700
2013/10/16,3740,249,78,87600,372,14600,194,51100,877,7300,447,8700
2013/10/17,3741,896,81,93800,386,15600,178,54700,791,7800,485,9300
2013/10/18,3742,139,102,74900,531,12400,196,43600,1326,6200,520,7400
2013/10/21,3743,077,66,126500,243,42100,112,84300,327,21000,546,12600
2013/10/22,3744,503,80,93000,358,15500,189,54200,721,7700,435,9300
2013/10/23,3745,907,66,119800,301,19900,128,69800,717,9900,251,11900
2013/10/24,3746,306,68,99200,384,16500,195,57800,729,8200,238,9900
2013/10/25,3747,693,90,56200,788,9300,319,32700,1758,4600,592,5600
2013/10/28,3748,454,84,132800,218,44200,118,88500,245,22100,462,13200
2013/10/29,3749,140,60,105200,404,17500,123,61300,944,8700,293,10500
2013/10/30,3750,348,94,90000,388,15000,176,52500,874,7500,463,9000
2013/10/31,3751,052,78,101200,405,16800,137,59000,879,8400,464,10100
2013/11/1,3752,535,70,112600,203,37500,121,75000,282,18700,513,11200
2013/11/4,3753,952,51,108600,553,18100,145,63300,1234,9000,329,10800
2013/11/5,3754,650,73,110400,308,18400,149,64400,642,9200,382,11000
2013/11/6,3755,524,75,90900,361,15100,197,53000,743,7500,627,9000
2013/11/7,3756,694,51,111700,365,18600,137,65100,857,9300,366,11100
2013/11/8,3757,380,69,103400,387,17200,165,60300,979,8600,329,10300
2013/11/11,3758,885,81,116300,236,38700,156,77500,301,19300,467,11600
2013/11/12,3759,470,97,98100,343,16300,133,57200,736,8100,311,9800
2013/11/13,3760,910,86,81300,475,13500,213,47400,932,6700,357,8100
2013/11/14,3761,014,76,83200,443,13800,161,48500,975,6900,679,8300
2013/11/15,3762,638,155,64900,457,10800,280,37800,894,5400,554,6400
2013/11/18,3763,439,95,88200,551,14700,236,51400,1099,7300,508,8800
2013/11/19,3764,484,57,103900,265,34600,125,69200,271,17300,293,10300
2013/11/20,3765,721,130,66600,501,11100,267,38800,1105,5500,334,6600
2013/11/21,3766,922,92,77000,234,25600,167,51300,338,12800,783,7700
2013/11/22,3767,983,44,99900,552,16600,120,58200,1123,8300,344,9900
2013/11/25,3768,081,74,79800,619,13300,139,46500,1208,6600,1446,7900
2013/11/26,3769,975,35,107700,457,17900,111,62800,952,8900,458,10700
2013/11/27,3770,724,132,57400,652,9500,329,33400,1299,4700,378,5700
2013/11/28,3771,244,89,91000,218,30300,129,60600,316,15100,678,9100
2013/11/29,3772,842,68,86900,610,14400,146,50600,1174,7200,438,8600
2013/12/2,3773,421,144,71200,775,11800,276,41500,1365,5900,422,7100
2013/12/3,3774,752,84,86800,562,14400,149,50600,1126,7200,305,8600
2013/12/4,3775,928,93,77900,461,12900,249,45400,908,6400,487,7700
2013/12/5,3776,674,88,95400,371,15900,153,55600,768,7900,609,9500
2013/12/6,3777,443,75,110300,203,36700,154,73500,224,18300,375,11000
2013/12/9,3778,542,91,92500,664,15400,165,53900,1231,7700,558,9200
2013/12/10,3779,023,53,104400,400,17400,136,60900,889,8700,483,10400
2013/12/11,3780,622,86,80700,282,26900,160,53800,403,13400,881,8000
2013/12/12,3781,372,56,95300,523,15800,148,55500,1200,7900,350,9500
2013/12/13,3782,186,128,72500,532,12000,272,42200,1316,6000,455,7200
2013/12/16,3783,515,159,74600,451,24800,229,49700,506,12400,665,7400
2013/12/17,3784,576,31,120100,454,20000,130,70000,909,10000,384,12000
2013/12/18,3785,107,112,83100,403,13800,241,48400,745,6900,422,8300
2013/12/19,3786,540,44,143700,333,23900,92,83800,757,11900,289,14300
2013/12/20,3787,879,65,105000,447,17500,154,61200,890,8700,445,10500
2013/12/23,3788,997,60,131400,210,43800,152,87600,243,21900,436,13100
2013/12/24,3789,456,107,83300,436,13800,260,48500,660,6900,407,8300
2013/12/25,3790,271,73,100900,502,16800,156,58800,1159,8400,327,10000
2013/12/26,3791,672,60,101200,522,16800,151,59000,1099,8400,452,10100
2013/12/27,3792,127,206,58900,560,9800,394,34300,1018,4900,860,5800
2013/12/30,3793,549,80,104900,612,17400,192,61100,1235,8700,572,10400
2014/1/6,3794,098,100,94800,668,15800,224,55300,1519,7900,874,9400
2014/1/7,3795,578,77,97600,531,16200,194,56900,1000,8100,527,9700
2014/1/8,3796,721,128,71600,627,11900,277,41700,1285,5900,492,7100
2014/1/9,3797,613,114,71000,707,11800,309,41400,1380,5900,443,7100
2014/1/10,3798,005,71,129700,191,43200,128,86400,236,21600,550,12900
2014/1/13,3799,136,143,80700,745,13400,229,47000,1305,6700,632,8000
2014/1/14,3800,560,96,103900,353,17300,159,60600,672,8600,625,10300
2014/1/15,3801,506,59,130000,380,21600,134,75800,807,10800,396,13000
2014/1/16,3802,641,71,99900,561,16600,158,58200,1238,8300,458,9900
2014/1/17,3803,720,108,90100,489,15000,255,52500,1077,7500,382,9000
2014/1/20,3804,921,200,64400,1017,10700,340,37500,1699,5300,762,6400
2014/1/21,3805,119,184,60700,340,20200,332,40400,338,10100,676,6000
2014/1/22,3806,154,63,106600,482,17700,125,62100,1181,8800,523,10600
2014/1/23,3807,314,128,65300,568,10800,398,38000,960,5400,601,6500
2014/1/24,3808,311,128,68700,419,22900,278,45800,551,11400,768,6800
2014/1/27,3809,138,134,60000,1212,10000,404,35000,2343,5000,646,6000
2014/1/28,3810,369,175,54900,705,9100,475,32000,1034,4500,644,5400
2014/1/29,3811,070,66,126600,217,42200,102,84400,394,21100,474,12600
2014/1/30,3812,327,122,68800,576,11400,343,40100,1143,5700,542,6800
2014/1/31,3813,729,142,60400,661,10000,359,35200,1271,5000,1250,6000
2014/2/3,3814,044,318,61000,387,20300,326,40600,423,10100,890,6100
2014/2/4,3815,861,51,98000,501,16300,167,57100,1170,8100,470,9800
2014/2/5,3816,200,105,103000,191,34300,133,68600,223,17100,781,10300
2014/2/6,3817,095,52,125600,395,20900,122,73200,793,10400,402,12500
2014/2/7,3818,264,65,100300,581,16700,146,58500,1154,8300,406,10000
2014/2/10,3819,423,176,71200,663,11800,296,41500,1125,5900,577,7100
2014/2/11,3820,343,80,98600,265,32800,133,65700,286,16400,380,9800
2014/2/12,3821,951,55,112100,424,18600,131,65300,971,9300,493,11200
2014/2/13,3822,805,66,104200,432,17300,183,60700,833,8600,399,10400
2014/2/14,3823,709,47,120400,347,20000,171,70200,729,10000,410,12000
2014/2/17,3824,271,134,56900,1382,9400,318,33100,2678,4700,438,5600
2014/2/18,3825,687,64,108600,353,18100,170,63300,736,9000,540,10800
2014/2/19,3826,722,121,76500,320,25500,203,51000,418,12700,615,7600
2014/2/20,3827,099,74,119700,169,39900,113,79800,271,19900,655,11900
2014/2/21,3828,172,93,70000,856,11600,188,40800,1861,5800,464,7000
2014/2/24,3829,287,88,83100,825,13800,260,48400,1709,6900,409,8300
2014/2/25,3830,061,59,126400,419,21000,105,73700,919,10500,353,12600
2014/2/26,3831,272,122,70100,439,23300,215,46700,661,11600,445,7000
2014/2/27,3832,171,82,77200,411,25700,175,51400,790,12800,353,7700
2014/2/28,3833,101,116,96000,288,32000,200,64000,336,16000,470,9600
2014/3/3,3834,992,91,113500,276,37800,186,75600,408,18900,561,11300
2014/3/4,3835,834,65,91200,517,15200,225,53200,962,7600,631,9100
2014/3/5,3836,624,127,71300,598,11800,255,41500,1092,5900,574,7100
2014/3/6,3837,087,44,151600,320,25200,115,88400,727,12600,302,15100
2014/3/7,3838,169,91,77500,582,12900,277,45200,1323,6400,535,7700
2014/3/10,3839,975,98,106700,521,17700,209,62200,966,8800,553,10600
2014/3/11,3840,661,65,114600,227,38200,142,76400,348,19100,331,11400
2014/3/12,3841,558,88,109000,186,36300,156,72600,216,18100,642,10900
2014/3/13,3842,619,110,72100,437,12000,298,42000,915,6000,564,7200
2014/3/14,3843,784,63,112900,441,18800,159,65800,977,9400,369,11200
2014/3/17,3844,198,140,62300,788,10300,471,36300,1712,5100,594,6200
2014/3/18,3845,729,110,66300,579,11000,307,38600,1202,5500,504,6600
2014/3/19,3846,045,112,98000,464,16300,141,57100,817,8100,462,9800
2014/3/20,3847,608,64,100100,426,16600,198,58300,819,8300,341,10000
2014/3/21,3848,787,84,92600,255,30800,155,61700,348,15400,366,9200
2014/3/24,3849,263,116,80800,781,13400,216,47100,1504,6700,606,8000
2014/3/25,3850,636,63,115700,184,38500,108,77100,286,19200,707,11500
2014/3/26,3851,710,83,93600,418,15600,210,54600,854,7800,463,9300
2014/3/27,3852,841,90,81800,573,13600,204,47700,1215,6800,465,8100
2014/3/28,3853,643,82,106100,457,17600,139,61800,996,8800,467,10600
2014/3/31,3854,098,79,111800,480,18600,195,65200,1092,9300,420,11100
2014/4/1,3855,108,139,64900,536,10800,339,37800,1069,5400,352,6400
2014/4/2,3856,606,110,73100,379,24300,236,48700,505,12100,333,7300
2014/4/3,3857,858,36,156900,164,52300,94,104600,233,26100,323,15600
2014/4/4,3858,740,59,102500,448,17000,187,59700,990,8500,433,10200
2014/4/7,3859,942,54,103900,711,17300,140,60600,1408,8600,587,10300
2014/4/8,3860,701,64,114500,404,19000,147,66700,765,9500,308,11400
2014/4/9,3861,295,77,91800,506,15300,180,53500,1101,7600,381,9100
2014/4/10,3862,808,126,82800,238,27600,234,55200,248,13800,395,8200
2014/4/11,3863,135,88,80300,602,13300,228,46800,1283,6600,409,8000
2014/4/14,3864,123,239,57900,790,9600,401,33700,1182,4800,585,5700
2014/4/15,3865,160,45,112900,481,18800,133,65800,1132,9400,412,11200
2014/4/16,3866,637,67,103200,446,17200,192,60200,1016,8600,399,10300
2014/4/17,3867,493,93,90800,425,15100,225,52900,998,7500,450,9000
2014/4/18,3868,725,148,58900,695,9800,392,34300,1340,4900,511,5800
2014/4/21,3869,017,105,95000,632,15800,187,55400,1089,7900,687,9500
2014/4/22,3870,290,50,120600,442,20100,117,70300,938,10000,339,12000
2014/4/23,3871,951,57,106600,486,17700,136,62100,973,8800,556,10600
2014/4/24,3872,809,86,84300,492,14000,245,49100,1069,7000,430,8400
2014/4/25,3873,589,68,101200,428,16800,237,59000,851,8400,489,10100
2014/4/28,3874,442,86,107800,366,35900,169,71800,449,17900,491,10700
2014/4/29,3875,199,135,74500,267,24800,177,49600,337,12400,578,7400
2014/4/30,3876,495,51,116600,473,19400,158,68000,904,9700,303,11600
2014/5/1,3877,808,113,85900,238,28600,230,57200,247,14300,652,8500
2014/5/2,3878,336,128,87200,240,29000,208,58100,317,14500,652,8700
2014/5/5,3879,994,55,137600,208,45800,131,91700,242,22900,463,13700
2014/5/6,3880,806,60,105900,350,17600,179,61700,711,8800,341,10500
2014/5/7,3881,297,83,95400,457,15900,157,55600,1104,7900,360,9500
2014/5/8,3882,353,89,101300,222,33700,165,67500,252,16800,486,10100
2014/5/9,3883,154,56,104700,548,17400,111,61000,1313,8700,407,10400
2014/5/12,3884,367,111,103400,519,17200,176,60300,829,8600,652,10300
2014/5/13,3885,934,75,84400,553,14000,177,49200,1279,7000,471,8400
2014/5/14,3886,463,101,88200,473,14700,179,51400,1008,7300,471,8800
2014/5/15,3887,153,83,81600,671,13600,173,47600,1400,6800,350,8100
2014/5/16,3888,065,51,128900,407,21400,127,75100,776,10700,393,12800
2014/5/19,3889,836,79,88300,706,14700,224,51500,1321,7300,701,8800
2014/5/20,3890,281,47,94300,478,15700,192,55000,1141,7800,435,9400
2014/5/21,3891,746,50,107500,331,17900,156,62700,751,8900,724,10700
2014/5/22,3892,433,108,78700,303,26200,179,52400,325,13100,826,7800
2014/5/23,3893,034,65,96500,466,16000,180,56200,1039,8000,624,9600
2014/5/26,3894,086,47,135800,464,22600,128,79200,983,11300,446,13500
2014/5/27,3895,845,86,85200,438,14200,242,49700,835,7100,507,8500
2014/5/28,3896,474,72,95100,243,31700,139,63400,358,15800,800,9500
2014/5/29,3897,761,89,95600,513,15900,129,55700,1142,7900,366,9500
2014/5/30,3898,839,74,99200,463,16500,156,57800,984,8200,607,9900
2014/6/2,3899,468,135,71600,798,11900,317,41700,1188,5900,580,7100
2014/6/3,3900,327,90,65400,597,10900,329,38100,1106,5400,612,6500
2014/6/4,3901,769,53,111000,385,18500,163,64700,864,9200,433,11100
2014/6/5,3902,790,49,125300,337,20800,128,73000,729,10400,426,12500
2014/6/6,3903,928,99,76400,426,12700,294,44500,973,6300,472,7600
2014/6/9,3904,620,110,105100,436,17500,182,61300,844,8700,398,10500
2014/6/10,3905,431,65,105000,416,17500,105,61200,1058,8700,483,10500
2014/6/11,3906,334,85,86500,309,28800,157,57600,380,14400,500,8600
2014/6/12,3907,429,92,85200,411,14200,238,49700,795,7100,406,8500
2014/6/13,3908,690,80,112600,421,18700,163,65600,895,9300,346,11200
2014/6/16,3909,797,81,131900,249,43900,157,87900,283,21900,365,13100
2014/6/17,3910,226,98,85300,245,28400,182,56800,310,14200,682,8500
2014/6/18,3911,084,52,121900,407,20300,118,71100,856,10100,446,12100
2014/6/19,3912,568,75,88300,489,14700,238,51500,910,7300,461,8800
2014/6/20,3913,644,74,108100,231,36000,133,72000,290,18000,675,10800
2014/6/23,3914,338,119,105300,254,35100,175,70200,269,17500,629,10500
2014/6/24,3915,955,48,118100,196,39300,105,78700,299,19600,654,11800
2014/6/25,3916,732,66,101500,491,16900,138,59200,1129,8400,511,10100
2014/6/26,3917,101,72,106600,227,35500,174,71000,259,17700,437,10600
2014/6/27,3918,785,46,132800,362,22100,119,77400,848,11000,414,13200
2014/6/30,3919,092,80,111900,566,18600,170,65200,987,9300,540,11100
2014/7/1,3920,571,74,74400,613,12400,242,43400,1377,6200,579,7400
2014/7/2,3921,953,73,106100,463,17600,139,61800,1000,8800,423,10600
2014/7/3,3922,307,95,65900,713,10900,286,38400,1581,5400,394,6500
2014/7/4,3923,583,103,72500,691,12000,246,42200,1441,6000,500,7200
2014/7/7,3924,076,95,100200,538,16700,197,58400,1018,8300,602,10000
2014/7/8,3925,856,59,109200,425,18200,138,63700,801,9100,446,10900
2014/7/9,3926,389,76,93800,401,15600,216,54700,842,7800,376,9300
2014/7/10,3927,647,75,97100,384,16100,163,56600,827,8000,654,9700
2014/7/11,3928,398,62,102400,424,17000,177,59700,878,8500,624,10200
2014/7/14,3929,061,72,117200,533,19500,125,68300,1146,9700,468,11700
2014/7/15,3930,495,88,87300,432,14500,216,50900,887,7200,472,8700
2014/7/16,3931,239,62,93500,442,15500,197,54500,1013,7700,536,9300
2014/7/17,3932,621,98,72900,594,12100,257,42500,1279,6000,454,7200
2014/7/18,3933,790,69,113600,373,18900,172,66200,731,9400,392,11300
2014/7/21,3934,954,100,104200,411,17300,172,60700,756,8600,523,10400
2014/7/22,3935,197,52,99200,481,16500,169,57800,976,8200,361,9900
2014/7/23,3936,059,94,87400,431,14500,178,50900,785,7200,654,8700
2014/7/24,3937,070,40,143100,188,47700,94,95400,272,23800,311,14300
2014/7/25,3938,498,57,111400,373,18500,159,64900,765,9200,530,11100
2014/7/28,3939,190,89,86600,729,14400,206,50500,1298,7200,528,8600
2014/7/29,3940,234,74,95800,387,15900,198,55800,733,7900,425,9500
2014/7/30,3941,392,74,92800,483,15400,176,54100,1018,7700,384,9200
2014/7/31,3942,649,83,89100,491,14800,184,51900,1040,7400,457,8900
2014/8/1,3943,940,77,98800,450,16400,172,57600,1098,8200,356,9800
2014/8/4,3944,764,93,108400,479,18000,154,63200,891,9000,510,10800
2014/8/5,3945,955,39,145500,164,48500,74,97000,209,24200,548,14500
2014/8/6,3946,933,48,108100,274,36000,112,72000,367,18000,531,10800
2014/8/7,3947,857,114,87900,412,14600,165,51200,915,7300,394,8700
2014/8/8,3948,031,53,121200,428,20200,105,70700,918,10100,371,12100
2014/8/11,3949,793,79,89900,643,14900,208,52400,1030,7400,656,8900
2014/8/12,3950,448,88,85200,291,28400,179,56800,251,14200,529,8500
2014/8/13,3951,528,101,62600,650,10400,325,36500,1193,5200,422,6200
2014/8/14,3952,371,70,83500,523,13900,186,48700,1139,6900,285,8300
2014/8/15,3953,122,90,94300,240,31400,169,62800,368,15700,545,9400
2014/8/18,3954,425,128,76400,612,12700,350,44500,1093,6300,635,7600
2014/8/19,3955,701,54,94700,462,15700,203,55200,901,7800,420,9400
2014/8/20,3956,852,77,94100,536,15600,124,54800,1097,7800,453,9400
2014/8/21,3957,059,63,118900,375,19800,144,69300,744,9900,283,11800
2014/8/22,3958,685,69,109800,417,18300,148,64000,815,9100,398,10900
2014/8/25,3959,105,119,89000,590,14800,260,51900,1047,7400,446,8900
2014/8/26,3960,958,101,82100,441,13600,201,47800,930,6800,545,8200
2014/8/27,3961,314,122,71700,459,11900,302,41800,787,5900,696,7100
2014/8/28,3962,376,64,98900,438,16400,202,57600,888,8200,421,9800
2014/8/29,3963,653,78,112600,401,18700,132,65600,826,9300,499,11200
2014/9/1,3964,151,89,118900,235,39600,123,79200,448,19800,546,11800
2014/9/2,3965,721,112,63300,678,10500,350,36900,1315,5200,362,6300
2014/9/3,3966,058,71,103100,457,17100,173,60100,926,8500,380,10300
2014/9/4,3967,586,79,93600,480,15600,178,54600,1003,7800,390,9300
2014/9/5,3968,621,99,80000,609,13300,227,46600,1366,6600,324,8000
2014/9/8,3969,802,128,84600,565,14100,299,49300,963,7000,489,8400
2014/9/9,3970,983,47,96100,534,16000,151,56000,1294,8000,336,9600
2014/9/10,3971,816,124,62300,506,10300,304,36300,1222,5100,965,6200
2014/9/11,3972,644,52,132300,177,44100,91,88200,193,22000,643,13200
2014/9/12,3973,249,55,95500,552,15900,185,55700,1120,7900,485,9500
2014/9/15,3974,509,76,101200,565,16800,181,59000,1048,8400,407,10100
2014/9/16,3975,289,41,104100,419,17300,138,60700,1016,8600,415,10400
2014/9/17,3976,927,108,73000,450,12100,293,42500,1062,6000,475,7300
2014/9/18,3977,498,85,89000,378,14800,209,51900,731,7400,670,8900
2014/9/19,3978,181,72,104800,245,34900,142,69800,382,17400,415,10400
2014/9/22,3979,174,102,71700,855,11900,247,41800,1845,5900,602,7100
2014/9/23,3980,468,79,89300,385,14800,197,52000,686,7400,390,8900
2014/9/24,3981,697,75,106400,342,17700,165,62000,712,8800,340,10600
2014/9/25,3982,113,113,84300,232,28100,203,56200,318,14000,369,8400
2014/9/26,3983,517,85,74400,614,12400,288,43400,1143,6200,526,7400
2014/9/29,3984,786,92,109600,447,18200,192,63900,857,9100,449,10900
2014/9/30,3985,066,180,57400,357,19100,186,38200,445,9500,1089,5700
2014/10/1,3986,354,84,93900,451,15600,162,54700,872,7800,481,9300
2014/10/2,3987,045,64,114400,345,19000,122,66700,734,9500,495,11400
2014/10/3,3988,745,60,111500,436,18500,162,65000,807,9200,333,11100
2014/10/6,3989,065,69,121100,445,20100,134,70600,835,10000,451,12100
2014/10/7,3990,890,72,83300,459,13800,215,48500,1095,6900,441,8300
2014/10/8,3991,148,91,84200,551,14000,179,49100,1096,7000,448,8400
2014/10/9,3992,178,133,57700,635,9600,333,33600,1276,4800,537,5700
2014/10/10,3993,782,89,78600,581,13100,209,45800,1329,6500,481,7800
2014/10/13,3994,509,73,92000,508,15300,196,53600,987,7600,369,9200
2014/10/14,3995,369,164,46700,609,7700,460,27200,1129,3800,393,4600
2014/10/15,3996,893,113,60800,677,10100,371,35400,1279,5000,509,6000
2014/10/16,3997,963,95,80200,527,13300,227,46700,1174,6600,409,8000
2014/10/17,3998,908,112,77700,513,12900,254,45300,1231,6400,392,7700
2014/10/20,3999,717,118,97600,279,32500,195,65000,270,16200,622,9700
2014/10/21,4000,404,55,105400,235,35100,128,70200,423,17500,360,10500
2014/10/22,4001,373,144,73900,257,24600,193,49200,284,12300,495,7300
2014/10/23,4002,336,60,126100,145,42000,90,84000,226,21000,685,12600
2014/10/24,4003,799,66,123300,182,41100,105,82200,264,20500,672,12300
2014/10/27,4004,444,443,87400,0,0,0,0,0,0,666,8700
2014/10/28,4005,260,64,130300,282,21700,121,76000,642,10800,299,13000
2014/10/29,4006,009,60,119600,179,39800,137,79700,285,19900,384,11900
2014/10/30,4007,274,94,71600,582,11900,271,41700,1186,5900,396,7100
2014/10/31,4008,885,57,108900,235,36300,157,72600,277,18100,538,10800
2014/11/3,4009,040,67,138100,205,46000,97,92000,289,23000,407,13800
2014/11/4,4010,832,71,93800,452,15600,152,54700,957,7800,469,9300
2014/11/5,4011,861,49,104700,465,17400,124,61000,1149,8700,438,10400
2014/11/6,4012,551,140,54500,457,18100,327,36300,470,9000,470,5400
2014/11/7,4013,866,53,125100,200,41700,111,83400,264,20800,518,12500
2014/11/10,4014,611,137,73400,357,24400,240,48900,511,12200,726,7300
2014/11/11,4015,181,96,81700,308,27200,157,54400,450,13600,320,8100
2014/11/12,4016,112,184,48100,443,16000,388,32000,390,8000,658,4800
2014/11/13,4017,277,95,79600,292,26500,179,53000,372,13200,560,7900
2014/11/14,4018,194,75,100100,380,16600,167,58300,865,8300,514,10000
2014/11/17,4019,335,136,81800,342,27200,230,54500,284,13600,524,8100
2014/11/18,4020,618,133,63000,440,10500,278,36700,882,5200,755,6300
2014/11/19,4021,095,48,99700,482,16600,162,58100,1104,8300,264,9900
2014/11/20,4022,536,72,102700,353,17100,153,59900,669,8500,432,10200
2014/11/21,4023,426,96,81100,496,13500,207,47300,982,6700,489,8100
2014/11/24,4024,000,289,102400,0,0,0,0,0,0,817,10200
2014/11/25,4025,303,82,81400,286,27100,151,54200,297,13500,537,8100
2014/11/26,4026,372,67,81200,518,13500,177,47300,1205,6700,423,8100
2014/11/27,4027,384,61,108800,430,18100,137,63400,732,9000,414,10800
2014/11/28,4028,990,69,104300,203,34700,174,69500,309,17300,424,10400
2014/12/1,4029,913,114,76300,712,12700,276,44500,1365,6300,442,7600
2014/12/2,4030,725,117,63900,508,10600,314,37200,1022,5300,456,6300
2014/12/3,4031,076,57,123400,299,20500,135,71900,673,10200,359,12300
2014/12/4,4032,916,86,76300,432,12700,265,44500,930,6300,334,7600
2014/12/5,4033,384,67,107700,400,17900,166,62800,829,8900,350,10700
2014/12/8,4034,900,80,120300,202,40100,133,80200,333,20000,542,12000
2014/12/9,4035,312,115,83100,422,13800,182,48400,802,6900,352,8300
2014/12/10,4036,501,70,98100,379,16300,185,57200,901,8100,440,9800
2014/12/11,4037,840,79,118300,291,19700,124,69000,678,9800,335,11800
2014/12/12,4038,410,223,56400,682,9400,339,32900,1194,4700,498,5600
2014/12/15,4039,511,162,71100,427,23700,281,47400,591,11800,827,7100
2014/12/16,4040,889,79,115300,173,38400,128,76800,218,19200,460,11500
2014/12/17,4041,235,111,84500,483,14000,215,49200,986,7000,365,8400
2014/12/18,4042,983,51,88500,616,14700,167,51600,1496,7300,332,8800
2014/12/19,4043,929,124,91800,219,30600,201,61200,274,15300,480,9100
2014/12/22,4044,853,113,80800,880,13400,196,47100,1779,6700,520,8000
2014/12/23,4045,330,170,63300,282,21100,261,42200,320,10500,464,6300
2014/12/24,4046,516,121,84400,445,14000,239,49200,914,7000,426,8400
2014/12/25,4047,728,137,61500,619,10200,407,35800,1073,5100,586,6100
2014/12/26,4048,167,119,72200,568,12000,291,42100,1158,6000,806,7200
2014/12/29,4049,537,115,82700,876,13700,231,48200,1519,6800,554,8200
2014/12/30,4050,642,101,76000,732,12600,196,44300,1447,6300,555,7600
2015/1/5,4051,025,106,102400,519,17000,204,59700,991,8500,607,10200
2015/1/6,4052,202,113,85300,299,28400,177,56800,343,14200,327,8500
2015/1/7,4053,826,102,84900,446,14100,254,49500,894,7000,439,8400
2015/1/8,4054,211,83,99300,267,33100,132,66200,356,16500,406,9900
2015/1/9,4055,031,65,98800,623,16400,118,57600,1298,8200,441,9800
2015/1/12,4056,763,84,111500,508,18500,172,65000,887,9200,511,11100
2015/1/13,4057,836,65,83200,555,13800,207,48500,1057,6900,668,8300
2015/1/14,4058,271,78,76800,643,12800,230,44800,1589,6400,395,7600
2015/1/15,4059,765,48,147400,321,24500,94,85900,660,12200,280,14700
2015/1/16,4060,048,57,133400,367,22200,112,77800,740,11100,501,13300
2015/1/19,4061,222,699,59700,0,0,0,0,0,0,656,5900
2015/1/20,4062,597,88,95100,375,15800,159,55400,708,7900,670,9500
2015/1/21,4063,772,53,113700,225,37900,128,75800,327,18900,430,11300
2015/1/22,4064,849,89,103000,353,17100,119,60000,864,8500,417,10300
2015/1/23,4065,432,77,91100,529,15100,201,53100,995,7500,553,9100
2015/1/26,4066,996,71,133500,239,44500,135,89000,253,22200,667,13300
2015/1/27,4067,722,92,73200,334,24400,249,48800,515,12200,421,7300
2015/1/28,4068,740,56,132800,359,22100,108,77400,854,11000,283,13200
2015/1/29,4069,809,65,82200,560,13700,255,47900,1153,6800,420,8200
2015/1/30,4070,355,60,109800,263,36600,125,73200,239,18300,595,10900
2015/2/2,4071,192,92,82900,811,13800,239,48300,1542,6900,532,8200
2015/2/3,4072,250,53,120800,378,20100,121,70400,753,10000,500,12000
2015/2/4,4073,365,101,97900,439,16300,189,57100,744,8100,335,9700
2015/2/5,4074,690,49,121000,349,20100,153,70500,710,10000,386,12100
2015/2/6,4075,201,76,104100,480,17300,165,60700,950,8600,454,10400
2015/2/9,4076,377,87,121800,227,40600,142,81200,337,20300,505,12100
2015/2/10,4077,583,86,71200,632,11800,238,41500,1206,5900,708,7100
2015/2/11,4078,266,60,112900,205,37600,117,75200,274,18800,538,11200
2015/2/12,4079,349,79,101300,419,16800,155,59000,966,8400,414,10100
2015/2/13,4080,539,75,99700,479,16600,199,58100,1004,8300,569,9900
2015/2/16,4081,202,153,89400,383,29800,239,59600,385,14900,431,8900
2015/2/17,4082,845,89,93000,415,15500,211,54200,822,7700,433,9300
2015/2/18,4083,682,60,95600,540,15900,166,55700,1170,7900,477,9500
2015/2/19,4084,521,126,67800,684,11300,275,39500,1375,5600,482,6700
2015/2/20,4085,829,126,80000,522,13300,259,46600,1026,6600,480,8000
2015/2/23,4086,618,160,68500,670,11400,374,39900,1168,5700,999,6800
2015/2/24,4087,904,94,99200,420,16500,159,57800,771,8200,466,9900
2015/2/25,4088,824,116,76200,555,12700,275,44400,1019,6300,509,7600
2015/2/26,4089,574,45,121400,379,20200,113,70800,901,10100,495,12100
2015/2/27,4090,311,152,66600,393,22200,279,44400,432,11100,647,6600
2015/3/2,4091,161,78,125800,267,41900,128,83800,414,20900,450,12500
2015/3/3,4092,462,114,64600,572,10700,207,37600,1102,5300,1393,6400
2015/3/4,4093,227,140,60500,326,20100,364,40300,392,10000,612,6000
2015/3/5,4094,751,78,83800,611,13900,163,48800,1349,6900,537,8300
2015/3/6,4095,526,122,68700,647,11400,318,40000,1162,5700,479,6800
2015/3/9,4096,862,103,87500,738,14500,203,51000,1232,7200,508,8700
2015/3/10,4097,100,62,113600,193,37800,106,75700,214,18900,788,11300
2015/3/11,4098,623,135,69700,509,11600,269,40600,1031,5800,484,6900
2015/3/12,4099,553,70,126600,200,42200,96,84400,262,21100,386,12600
2015/3/13,4100,302,86,124100,598,20600,226,72300,1105,10300,367,12400
2015/3/16,4101,813,133,68900,1083,11400,341,40100,1845,5700,580,6800
2015/3/17,4102,607,50,135600,360,22600,119,79100,743,11300,365,13500
2015/3/18,4103,944,80,82500,358,27500,171,55000,454,13700,719,8200
2015/3/19,4104,339,106,84000,267,28000,209,56000,259,14000,525,8400
2015/3/20,4105,663,99,99000,228,33000,187,66000,305,16500,457,9900
2015/3/23,4106,011,73,114100,316,38000,127,76000,471,19000,626,11400
2015/3/24,4107,245,69,91800,514,15300,186,53500,1002,7600,334,9100
2015/3/25,4108,427,137,66900,662,11100,283,39000,1193,5500,512,6600
2015/3/26,4109,908,63,83900,514,13900,278,48900,1154,6900,439,8300
2015/3/27,4110,928,113,77100,550,12800,276,44900,975,6400,603,7700
2015/3/30,4111,187,63,95900,762,15900,186,55900,1396,7900,664,9500
2015/3/31,4112,007,87,106600,257,35500,150,71000,250,17700,288,10600
2015/4/1,4113,336,83,94600,249,31500,169,63000,271,15700,645,9400
2015/4/2,4114,677,99,88000,278,29300,188,58600,371,14600,466,8800
2015/4/3,4115,845,78,95100,491,15800,211,55400,876,7900,395,9500
2015/4/6,4116,159,95,92700,686,15400,228,54000,1188,7700,482,9200
2015/4/7,4117,589,85,92100,344,15300,222,53700,732,7600,410,9200
2015/4/8,4118,521,64,97200,500,16200,157,56700,951,8100,417,9700
2015/4/9,4119,988,61,100900,234,33600,108,67200,275,16800,1003,10000
2015/4/10,4120,658,76,98000,446,16300,169,57100,848,8100,540,9800
2015/4/13,4121,507,87,106300,481,17700,225,62000,787,8800,410,10600
2015/4/14,4122,986,41,116500,336,19400,146,67900,795,9700,412,11600
2015/4/15,4123,675,91,86900,599,14400,190,50600,1054,7200,659,8600
2015/4/16,4124,009,78,116400,223,38800,148,77600,306,19400,410,11600
2015/4/17,4125,348,66,100200,495,16700,201,58400,947,8300,504,10000
2015/4/20,4126,164,96,85000,677,14100,268,49500,1286,7000,594,8500
2015/4/21,4127,222,521,62800,0,0,0,0,0,0,728,6200
2015/4/22,4128,220,107,81900,328,27300,179,54600,416,13600,463,8100
2015/4/23,4129,081,56,114200,455,19000,109,66600,1067,9500,360,11400
2015/4/24,4130,153,113,72800,756,12100,207,42400,1580,6000,477,7200
2015/4/27,4131,190,58,102800,638,17100,187,59900,1235,8500,761,10200
2015/4/28,4132,450,50,125900,408,20900,130,73400,821,10400,298,12500
2015/4/29,4133,899,72,77400,296,25800,199,51600,344,12900,869,7700
2015/4/30,4134,242,57,114500,275,38100,105,76300,402,19000,442,11400
2015/5/1,4135,897,46,103000,586,17100,165,60000,1239,8500,415,10300
2015/5/4,4136,636,59,118700,262,39500,122,79100,280,19700,692,11800
2015/5/5,4137,856,43,105400,384,17500,150,61400,790,8700,508,10500
2015/5/6,4138,906,52,129800,329,21600,113,75700,617,10800,381,12900
2015/5/7,4139,905,47,94300,477,15700,208,55000,1035,7800,412,9400
2015/5/8,4140,440,110,79800,347,26600,192,53200,526,13300,431,7900
2015/5/11,4141,356,111,103700,602,17200,195,60400,838,8600,427,10300
2015/5/12,4142,800,67,96300,204,32100,140,64200,241,16000,830,9600
2015/5/13,4143,595,49,136400,206,45400,93,90900,280,22700,370,13600
2015/5/14,4144,361,67,96800,467,16100,149,56400,1062,8000,407,9600
2015/5/15,4145,735,109,75500,652,12500,246,44000,1101,6200,502,7500
2015/5/18,4146,991,77,105400,292,35100,145,70200,427,17500,706,10500
2015/5/19,4147,433,91,95900,210,31900,103,63900,269,15900,839,9500
2015/5/20,4148,576,40,127500,423,21200,105,74300,749,10600,447,12700
2015/5/21,4149,934,60,97300,436,16200,159,56700,987,8100,588,9700
2015/5/22,4150,977,81,96400,267,32100,161,64200,282,16000,594,9600
2015/5/25,4151,362,114,88800,695,14800,188,51800,1382,7400,471,8800
2015/5/26,4152,166,56,104400,218,34800,127,69600,359,17400,658,10400
2015/5/27,4153,309,70,94500,416,15700,230,55100,785,7800,455,9400
2015/5/28,4154,384,63,105600,376,17600,176,61600,729,8800,471,10500
2015/5/29,4155,778,83,93200,252,31000,179,62100,300,15500,630,9300
2015/6/1,4156,465,95,100200,573,16700,190,58400,996,8300,555,10000
2015/6/2,4157,641,74,116700,385,19400,78,68000,811,9700,471,11600
2015/6/3,4158,537,81,81200,639,13500,173,47300,1216,6700,440,8100
2015/6/4,4159,858,60,109100,240,36300,141,72700,313,18100,429,10900
2015/6/5,4160,191,87,92000,324,30600,128,61300,527,15300,327,9200
2015/6/8,4161,081,63,105200,687,17500,146,61300,1296,8700,387,10500
2015/6/9,4162,240,92,82400,501,13700,196,48000,1058,6800,316,8200
2015/6/10,4163,455,62,103100,235,34300,120,68700,256,17100,817,10300
2015/6/11,4164,402,85,96300,373,16000,195,56100,747,8000,347,9600
2015/6/12,4165,549,102,79300,462,13200,269,46200,983,6600,408,7900
2015/6/15,4166,690,74,113200,492,18800,185,66000,956,9400,605,11300
2015/6/16,4167,589,89,89300,410,14800,226,52000,864,7400,559,8900
2015/6/17,4168,451,81,91400,496,15200,194,53300,1094,7600,473,9100
2015/6/18,4169,313,137,65200,373,21700,255,43400,339,10800,807,6500
2015/6/19,4170,258,108,74500,656,12400,268,43400,1157,6200,421,7400
2015/6/22,4171,880,78,107600,306,35800,171,71700,340,17900,751,10700
2015/6/23,4172,454,80,96500,266,32100,140,64300,351,16000,438,9600
2015/6/24,4173,691,64,97800,490,16300,161,57000,1125,8100,383,9700
2015/6/25,4174,885,80,111600,221,37200,122,74400,304,18600,516,11100
2015/6/26,4175,086,61,112200,466,18700,149,65400,873,9300,417,11200
2015/6/29,4176,319,142,79100,648,13100,277,46100,1131,6500,756,7900
2015/6/30,4177,686,60,144000,169,48000,104,96000,235,24000,299,14400
2015/7/1,4178,470,62,106800,414,17800,139,62300,896,8900,626,10600
2015/7/2,4179,516,97,89400,452,14900,224,52100,869,7400,440,8900
2015/7/3,4180,447,78,108000,227,36000,142,72000,270,18000,638,10800
2015/7/6,4181,174,87,79900,924,13300,193,46600,1795,6600,616,7900
2015/7/7,4182,097,60,119600,387,19900,118,69700,869,9900,370,11900
2015/7/8,4183,583,87,66300,649,11000,313,38600,1433,5500,496,6600
2015/7/9,4184,590,43,104000,500,17300,151,60600,1007,8600,425,10400
2015/7/10,4185,818,131,76800,274,25600,260,51200,301,12800,536,7600
2015/7/13,4186,721,220,50800,926,8400,445,29600,1583,4200,750,5000
2015/7/14,4187,279,114,65200,489,10800,253,38000,1018,5400,825,6500
2015/7/15,4188,023,56,113000,377,18800,139,65900,813,9400,458,11300
2015/7/16,4189,334,84,76900,325,25600,235,51200,264,12800,427,7600
2015/7/17,4190,598,67,98900,392,16400,163,57600,756,8200,688,9800
2015/7/20,4191,844,67,104700,279,34900,120,69800,348,17400,724,10400
2015/7/21,4192,895,51,131800,307,21900,86,76800,711,10900,406,13100
2015/7/22,4193,013,57,120400,365,20000,109,70200,825,10000,286,12000
2015/7/23,4194,300,111,77400,252,25800,180,51600,254,12900,776,7700
2015/7/24,4195,468,80,90400,397,15000,206,52700,846,7500,570,9000
2015/7/27,4196,287,77,77200,887,12800,204,45000,1681,6400,565,7700
2015/7/28,4197,080,36,147700,167,49200,97,98400,219,24600,332,14700
2015/7/29,4198,461,67,104900,454,17400,133,61100,808,8700,405,10400
2015/7/30,4199,409,69,98500,338,16400,208,57400,679,8200,416,9800
2015/7/31,4200,004,67,90700,336,30200,184,60400,384,15100,317,9000
2015/8/3,4201,336,119,95100,257,31700,172,63400,228,15800,681,9500
2015/8/4,4202,907,59,119900,314,19900,136,69900,580,9900,333,11900
2015/8/5,4203,275,85,71400,635,11900,215,41600,1366,5900,475,7100
2015/8/6,4204,426,80,76000,504,12600,252,44300,976,6300,418,7600
2015/8/7,4205,802,84,84900,414,14100,247,49500,850,7000,384,8400
2015/8/10,4206,567,90,105500,445,17500,206,61500,709,8700,392,10500
2015/8/11,4207,419,78,86500,355,14400,218,50400,798,7200,463,8600
2015/8/12,4208,119,147,64700,319,21500,273,43100,294,10700,290,6400
2015/8/13,4209,809,79,56100,648,9300,363,32700,1477,4600,412,5600
2015/8/14,4210,859,55,82700,622,13700,213,48200,1421,6800,397,8200
2015/8/17,4211,507,95,104100,451,17300,216,60700,818,8600,398,10400
2015/8/18,4212,978,54,86100,594,14300,177,50200,1134,7100,571,8600
2015/8/19,4213,580,72,91600,546,15200,162,53400,944,7600,476,9100
2015/8/20,4214,214,82,82000,489,13600,220,47800,953,6800,583,8200
2015/8/21,4215,372,82,82100,545,13600,207,47800,1321,6800,451,8200
2015/8/24,4216,315,216,52500,815,8700,414,30600,1269,4300,1153,5200
2015/8/25,4217,282,63,99600,265,33200,110,66400,450,16600,373,9900
2015/8/26,4218,920,106,86000,418,14300,224,50100,844,7100,350,8600
2015/8/27,4219,778,61,113200,217,37700,161,75400,232,18800,354,11300
2015/8/28,4220,169,62,84600,501,14100,197,49300,1085,7000,860,8400
2015/8/31,4221,763,79,113700,534,18900,142,66300,1004,9400,486,11300
2015/9/1,4222,104,109,78500,436,13000,264,45700,852,6500,309,7800
2015/9/2,4223,787,36,138900,174,46300,125,92600,270,23100,362,13800
2015/9/3,4224,890,73,68800,604,11400,281,40100,1359,5700,648,6800
2015/9/4,4225,489,68,97200,441,16200,217,56700,790,8100,531,9700
2015/9/7,4226,678,147,79200,511,13200,292,46200,839,6600,790,7900
2015/9/8,4227,423,63,95600,419,15900,183,55700,857,7900,345,9500
2015/9/9,4228,896,44,120400,304,20000,143,70200,680,10000,421,12000
2015/9/10,4229,468,101,78700,469,13100,264,45900,848,6500,351,7800
2015/9/11,4230,549,55,96300,499,16000,216,56100,1008,8000,426,9600
2015/9/14,4231,820,98,111000,426,18500,201,64700,838,9200,348,11100
2015/9/15,4232,759,65,108000,423,18000,146,63000,795,9000,329,10800
2015/9/16,4233,117,213,51000,326,17000,377,34000,361,8500,639,5100
2015/9/17,4234,306,95,86100,326,14300,221,50200,832,7100,318,8600
2015/9/18,4235,302,54,128300,335,21300,141,74800,748,10600,250,12800
2015/9/21,4236,243,59,95800,544,15900,143,55800,1039,7900,742,9500
2015/9/22,4237,264,55,90000,555,15000,119,52500,1090,7500,323,9000
2015/9/23,4238,144,49,104700,208,34900,113,68800,310,17400,587,10400
2015/9/24,4239,924,258,38300,649,6300,616,22300,897,3100,581,3800
2015/9/25,4240,792,87,86500,522,14400,161,50400,1206,7200,441,8600
2015/9/28,4241,191,50,119000,337,39600,113,79300,494,19800,450,11900
2015/9/29,4242,166,58,119900,205,39900,107,79900,260,19900,467,11900
2015/9/30,4243,945,49,126600,344,21100,104,73800,711,10500,549,12600
2015/10/1,4244,203,51,110400,354,18400,170,64400,688,9200,429,11000
2015/10/2,4245,468,88,81700,454,13600,286,47600,861,6800,413,8100
2015/10/5,4246,173,67,97000,701,16100,190,56500,1316,8000,437,9700
2015/10/6,4247,524,110,80000,451,13300,216,46600,828,6600,438,8000
2015/10/7,4248,425,98,87500,381,14500,229,51000,631,7200,505,8700
2015/10/8,4249,321,98,84900,466,14100,187,49500,1031,7000,328,8400
2015/10/9,4250,658,50,99700,500,16600,182,58100,1000,8300,433,9900
2015/10/12,4251,185,67,88900,635,14800,195,51800,1270,7400,449,8800
2015/10/13,4252,418,96,72000,431,12000,248,42000,903,6000,487,7200
2015/10/14,4253,119,111,73600,268,24500,250,49000,293,12200,458,7300
2015/10/15,4254,288,58,112700,238,37500,121,75100,355,18700,571,11200
2015/10/16,4255,503,112,81400,397,13500,296,47400,959,6700,314,8100
2015/10/19,4256,363,83,114700,288,38200,149,76400,352,19100,438,11400
2015/10/20,4257,504,57,115200,327,19200,159,67200,717,9600,370,11500
2015/10/21,4258,458,78,86300,518,14300,233,50300,1010,7100,385,8600
2015/10/22,4259,396,69,71400,659,11900,250,41600,1623,5900,432,7100
2015/10/23,4260,686,60,120400,217,40100,141,80200,263,20000,477,12000
2015/10/26,4261,370,96,100000,624,16600,140,58300,1365,8300,542,10000
2015/10/27,4262,906,48,116300,360,19300,161,67800,751,9600,408,11600
2015/10/28,4263,049,45,132700,328,22100,124,77400,834,11000,383,13200
2015/10/29,4264,118,162,62000,345,20600,318,41300,380,10300,421,6200
2015/10/30,4265,394,65,113300,421,18800,152,66000,896,9400,415,11300
2015/11/2,4266,675,77,97200,654,16200,213,56700,1082,8100,480,9700
2015/11/3,4267,230,55,97000,464,16100,128,56500,899,8000,558,9700
2015/11/4,4268,675,44,134900,414,22400,112,78600,747,11200,268,13400
2015/11/5,4269,715,117,71000,597,11800,291,41400,1048,5900,399,7100
2015/11/6,4270,220,80,103100,270,34300,172,68700,282,17100,378,10300
2015/11/9,4271,708,88,106500,443,17700,213,62100,787,8800,517,10600
2015/11/10,4272,945,54,102400,454,17000,159,59700,903,8500,378,10200
2015/11/11,4273,493,71,99300,432,16500,188,57900,826,8200,487,9900
2015/11/12,4274,711,121,73300,325,24400,155,48800,536,12200,597,7300
2015/11/13,4275,050,56,124600,212,41500,137,83000,248,20700,343,12400
2015/11/16,4276,305,415,50600,585,8400,280,29500,906,4200,739,5000
2015/11/17,4277,757,66,105700,212,35200,124,70400,210,17600,536,10500
2015/11/18,4278,414,85,99200,174,33000,177,66100,193,16500,384,9900
2015/11/19,4279,161,72,83900,324,27900,166,55900,505,13900,376,8300
2015/11/20,4280,851,52,110300,438,18300,142,64300,918,9100,406,11000
2015/11/23,4281,359,86,89900,533,14900,229,52400,1016,7400,323,8900
2015/11/24,4282,691,54,103500,411,17200,133,60300,1001,8600,298,10300
2015/11/25,4283,748,63,86800,466,14400,226,50600,936,7200,477,8600
2015/11/26,4284,895,71,74500,632,12400,228,43400,1233,6200,437,7400
2015/11/27,4285,372,58,86000,528,14300,199,50100,1235,7100,526,8600
2015/11/30,4286,547,100,96900,558,16100,203,56500,921,8000,578,9600
2015/12/1,4287,784,61,108800,433,18100,147,63400,774,9000,409,10800
2015/12/2,4288,999,522,62700,0,0,0,0,0,0,599,6200
2015/12/3,4289,422,73,100000,192,33300,162,66600,260,16600,567,10000
2015/12/4,4290,192,64,91300,575,15200,173,53200,1251,7600,387,9100
2015/12/7,4291,429,130,65800,811,10900,360,38300,1328,5400,805,6500
2015/12/8,4292,368,109,67600,574,11200,278,39400,1149,5600,468,6700
2015/12/9,4293,687,87,100200,418,16700,130,58400,844,8300,521,10000
2015/12/10,4294,336,98,82900,266,27600,201,55200,225,13800,745,8200
2015/12/11,4295,332,104,104000,233,34600,126,69300,255,17300,495,10400
2015/12/14,4296,671,83,99200,583,16500,223,57800,1093,8200,540,9900
2015/12/15,4297,484,63,115800,309,38600,117,77200,299,19300,332,11500
2015/12/16,4298,166,93,105400,242,35100,130,70200,325,17500,584,10500
2015/12/17,4299,308,152,72700,462,12100,317,42400,950,6000,395,7200
2015/12/18,4300,966,82,114900,270,38300,134,76600,294,19100,357,11400
2015/12/21,4301,530,109,105000,527,17500,204,61200,959,8700,444,10500
2015/12/22,4302,454,83,115300,198,38400,133,76800,263,19200,423,11500
2015/12/23,4303,447,70,116400,204,38800,139,77600,198,19400,404,11600
2015/12/24,4304,187,47,116000,508,19300,123,67600,1083,9600,419,11600
2015/12/25,4305,166,107,103700,255,34500,148,69100,334,17200,547,10300
2015/12/28,4306,549,104,85500,853,14200,276,49800,1584,7100,521,8500
2015/12/29,4307,710,95,87200,441,14500,282,50800,852,7200,681,8700
2015/12/30,4308,350,63,115000,485,19100,177,67000,1058,9500,379,11500
2016/1/4,4309,748,51,113600,502,18900,187,66200,937,9400,456,11300
2016/1/5,4310,988,98,87400,293,29100,207,58200,364,14500,554,8700
2016/1/6,4311,274,100,82500,568,13700,220,48100,1145,6800,540,8200
2016/1/7,4312,603,75,103100,419,17100,191,60100,902,8500,403,10300
2016/1/8,4313,797,58,108300,227,36100,182,72200,234,18000,730,10800
2016/1/11,4314,787,118,84800,432,28200,209,56500,501,14100,502,8400
2016/1/12,4315,946,77,81400,415,13500,188,47400,932,6700,1252,8100
2016/1/13,4316,081,54,108900,519,18100,137,63500,1103,9000,375,10800
2016/1/14,4317,727,95,89900,216,29900,205,59900,262,14900,649,8900
2016/1/15,4318,992,57,108500,322,36100,147,72300,423,18000,419,10800
2016/1/18,4319,283,111,89700,624,14900,211,52300,1282,7400,480,8900
2016/1/19,4320,392,62,100000,458,16600,175,58300,969,8300,277,10000
2016/1/20,4321,814,116,75400,547,12500,243,43900,1064,6200,483,7500
2016/1/21,4322,725,196,49500,718,8200,454,28800,1175,4100,729,4900
2016/1/22,4323,751,60,88100,655,14600,166,51300,1232,7300,698,8800
2016/1/25,4324,211,88,84200,446,28000,191,56100,531,14000,621,8400
2016/1/26,4325,564,39,136500,387,22700,109,79600,718,11300,342,13600
2016/1/27,4326,504,78,109400,408,18200,175,63800,802,9100,377,10900
2016/1/28,4327,234,74,92000,502,15300,212,53600,1003,7600,429,9200
2016/1/29,4328,694,36,134700,377,22400,141,78500,781,11200,340,13400
2016/2/1,4329,366,99,110600,309,36800,165,73700,314,18400,664,11000
2016/2/2,4330,602,71,111500,355,18500,155,65000,650,9200,400,11100
2016/2/3,4331,712,113,68100,663,11300,274,39700,1471,5600,582,6800
2016/2/4,4332,182,83,83400,645,13900,162,48600,1455,6900,443,8300
2016/2/5,4333,418,100,80900,457,13400,312,47100,941,6700,605,8000
2016/2/8,4334,305,126,83300,681,13800,299,48500,1110,6900,467,8300
2016/2/9,4335,344,67,109400,203,36400,118,72900,273,18200,634,10900
2016/2/10,4336,307,86,99700,400,16600,202,58100,833,8300,366,9900
2016/2/11,4337,136,88,79400,515,13200,196,46300,1104,6600,562,7900
2016/2/12,4338,147,152,60500,739,10000,344,35200,1491,5000,460,6000
2016/2/15,4339,886,115,105300,273,35100,182,70200,368,17500,633,10500
2016/2/16,4340,721,141,68900,595,11400,281,40100,1194,5700,428,6800
2016/2/17,4341,092,74,102800,478,17100,157,59900,1033,8500,495,10200
2016/2/18,4342,934,64,111200,437,18500,158,64800,998,9200,398,11100
2016/2/19,4343,055,62,105800,288,35200,120,70500,401,17600,822,10500
2016/2/22,4344,456,150,81100,624,13500,306,47300,861,6700,640,8100
2016/2/23,4345,908,92,71000,536,11800,332,41400,1158,5900,450,7100
2016/2/24,4346,837,82,87900,532,14600,190,51200,1239,7300,475,8700
2016/2/25,4347,878,78,89700,316,29900,178,59800,378,14900,615,8900
2016/2/26,4348,250,50,138500,381,23000,122,80700,783,11500,424,13800
2016/2/29,4349,311,169,66800,459,22200,314,44500,549,11100,686,6600
2016/3/1,4350,099,36,128100,205,42700,109,85400,296,21300,609,12800
2016/3/2,4351,927,88,79800,492,13300,291,46500,1070,6600,483,7900
2016/3/3,4352,002,143,96500,215,32100,133,64300,285,16000,388,9600
2016/3/4,4353,201,105,75400,695,12500,231,43900,1244,6200,537,7500
2016/3/7,4354,405,120,103800,436,17300,230,60500,774,8600,371,10300
2016/3/8,4355,500,100,81000,275,27000,146,54000,270,13500,1105,8100
2016/3/9,4356,334,82,97600,228,32500,167,65000,264,16200,385,9700
2016/3/10,4357,244,93,82800,307,27600,161,55200,390,13800,781,8200
2016/3/11,4358,200,128,95600,186,31800,161,63700,189,15900,724,9500
2016/3/14,4359,426,135,72400,790,12000,298,42200,1216,6000,462,7200
2016/3/15,4360,986,68,114700,376,19100,123,66900,821,9500,419,11400
2016/3/16,4361,937,54,121500,399,20200,129,70800,853,10100,370,12100
2016/3/17,4362,146,73,104500,459,17400,128,60900,935,8700,416,10400
2016/3/18,4363,213,93,81500,592,13500,222,47500,1083,6700,521,8100
2016/3/21,4364,257,107,80100,699,13300,235,46700,1153,6600,416,8000
2016/3/22,4365,187,49,107700,475,17900,114,62800,964,8900,433,10700
2016/3/23,4366,355,94,93600,276,31200,176,62400,223,15600,468,9300
2016/3/24,4367,207,108,81500,400,13500,252,47500,790,6700,391,8100
2016/3/25,4368,913,80,88200,511,14700,232,51400,1126,7300,306,8800
2016/3/28,4369,457,76,103300,475,17200,250,60200,821,8600,531,10300
2016/3/29,4370,446,92,96400,264,32100,145,64200,213,16000,504,9600
2016/3/30,4371,622,112,78600,301,26200,193,52400,389,13100,660,7800
2016/3/31,4372,654,53,108500,542,18000,107,63200,1006,9000,465,10800
2016/4/1,4373,375,134,61600,745,10200,329,35900,1311,5100,500,6100
2016/4/4,4374,304,123,92300,538,15300,235,53800,920,7600,460,9200
2016/4/5,4375,602,61,129800,301,21600,132,75700,598,10800,347,12900
2016/4/6,4376,878,79,114000,223,38000,120,76000,270,19000,439,11400
2016/4/7,4377,065,44,127500,313,21200,87,74300,711,10600,490,12700
2016/4/8,4378,863,43,98000,570,16300,181,57100,1137,8100,409,9800
2016/4/11,4379,900,92,94100,316,31300,179,62700,320,15600,869,9400
2016/4/12,4380,813,83,73000,549,12100,254,42500,1256,6000,400,7300
2016/4/13,4381,763,57,117500,426,19500,134,68500,760,9700,239,11700
2016/4/14,4382,661,79,97300,278,32400,136,64800,388,16200,302,9700
2016/4/15,4383,836,67,91200,591,15200,192,53200,1106,7600,683,9100
2016/4/18,4384,180,77,97400,688,16200,206,56800,1302,8100,396,9700
2016/4/19,4385,230,63,104400,504,17400,136,60900,973,8700,345,10400
2016/4/20,4386,660,158,69200,385,23000,202,46100,390,11500,566,6900
2016/4/21,4387,603,110,63600,676,10600,289,37100,1332,5300,446,6300
2016/4/22,4388,099,67,105600,238,35200,130,70400,307,17600,814,10500
2016/4/25,4389,188,118,84500,353,28100,218,56300,463,14000,719,8400
2016/4/26,4390,263,74,91800,564,15300,155,53500,1189,7600,441,9100
2016/4/27,4391,962,49,112600,484,18700,144,65600,1066,9300,360,11200
2016/4/28,4392,183,105,73900,665,12300,226,43100,1395,6100,364,7300
2016/4/29,4393,183,72,86400,554,14400,204,50400,1297,7200,270,8600
2016/5/2,4394,701,73,108600,579,18100,232,63300,938,9000,457,10800
2016/5/3,4395,732,75,84600,539,14100,141,49300,1270,7000,425,8400
2016/5/4,4396,942,57,103400,510,17200,101,60300,1116,8600,438,10300
2016/5/5,4397,987,46,105700,452,17600,151,61600,939,8800,415,10500
2016/5/6,4398,528,158,59500,621,9900,351,34700,1124,4900,590,5900
2016/5/9,4399,468,189,70900,618,11800,328,41300,907,5900,522,7000
2016/5/10,4400,933,36,107500,227,35800,115,71600,278,17900,888,10700
2016/5/11,4401,511,324,37200,449,12400,532,24800,431,6200,698,3700
2016/5/12,4402,497,88,100300,379,16700,157,58500,874,8300,326,10000
2016/5/13,4403,339,72,98400,227,32800,169,65600,271,16400,656,9800
2016/5/16,4404,975,98,99700,526,16600,187,58100,870,8300,528,9900
2016/5/17,4405,750,80,96300,379,16000,169,56100,826,8000,365,9600
2016/5/18,4406,590,60,82200,593,13700,218,47900,1214,6800,433,8200
2016/5/19,4407,237,67,98900,438,16400,155,57600,988,8200,384,9800
2016/5/20,4408,402,81,85600,478,14200,233,49900,993,7100,524,8500
2016/5/23,4409,985,159,90800,416,15100,173,52900,996,7500,468,9000
2016/5/24,4410,664,43,115800,204,38600,133,77200,249,19300,440,11500
2016/5/25,4411,070,154,85600,246,28500,142,57000,280,14200,316,8500
2016/5/26,4412,642,65,92800,542,15400,148,54100,1121,7700,332,9200
2016/5/27,4413,271,56,84400,617,14000,191,49200,1399,7000,320,8400
2016/5/30,4414,921,126,82000,600,13600,227,47800,1159,6800,468,8200
2016/5/31,4415,397,100,90500,419,15000,169,52700,866,7500,326,9000
2016/6/1,4416,658,63,87900,504,14600,217,51200,1055,7300,499,8700
2016/6/2,4417,256,123,85600,398,14200,174,49900,838,7100,409,8500
2016/6/3,4418,093,54,120400,389,20000,127,70200,839,10000,399,12000
2016/6/6,4419,617,129,81200,486,13500,282,47300,807,6700,749,8100
2016/6/7,4420,034,38,132100,278,22000,109,77000,585,11000,467,13200
2016/6/8,4421,262,81,98200,242,32700,129,65400,349,16300,394,9800
2016/6/9,4422,355,59,108900,219,36300,103,72600,255,18100,571,10800
2016/6/10,4423,809,110,61100,500,10100,380,35600,1178,5000,638,6100
2016/6/13,4424,244,67,112300,245,37400,129,74800,284,18700,675,11200
2016/6/14,4425,543,61,94600,489,15700,137,55100,1042,7800,344,9400
2016/6/15,4426,742,80,80800,636,13400,173,47100,1394,6700,590,8000
2016/6/16,4427,370,57,107600,431,17900,149,62700,986,8900,340,10700
2016/6/17,4428,063,84,95900,510,15900,138,55900,1102,7900,614,9500
2016/6/20,4429,724,120,75800,709,12600,291,44200,1264,6300,617,7500
2016/6/21,4430,615,119,72100,472,12000,278,42000,818,6000,508,7200
2016/6/22,4431,125,107,74800,471,12400,285,43600,914,6200,434,7400
2016/6/23,4432,693,55,84400,595,14000,193,49200,1408,7000,304,8400
2016/6/24,4433,088,69,86600,335,28800,154,57700,441,14400,734,8600
2016/6/27,4434,440,151,74500,396,24800,280,49600,444,12400,427,7400
2016/6/28,4435,546,59,87000,532,14500,207,50700,978,7200,425,8700
2016/6/29,4436,748,97,78500,462,13000,271,45700,915,6500,535,7800
2016/6/30,4437,602,65,113500,360,18900,163,66200,739,9400,395,11300
2016/7/1,4438,958,57,108400,460,18000,141,63200,1042,9000,416,10800
2016/7/4,4439,728,162,62800,684,10400,428,36600,1145,5200,544,6200
2016/7/5,4440,514,122,76800,425,12800,245,44800,875,6400,409,7600
2016/7/6,4441,510,99,87400,420,14500,225,50900,905,7200,386,8700
2016/7/7,4442,003,44,131900,208,43900,110,87900,278,21900,365,13100
2016/7/8,4443,443,66,105600,244,35200,175,70400,287,17600,333,10500
2016/7/11,4444,826,132,77600,638,12900,291,45200,1116,6400,522,7700
2016/7/12,4445,716,117,75000,423,12500,255,43700,787,6200,449,7500
2016/7/13,4446,291,88,83300,451,13800,202,48500,1028,6900,412,8300
2016/7/14,4447,001,40,136600,183,45500,95,91000,287,22700,338,13600
2016/7/15,4448,292,49,106900,270,35600,137,71200,377,17800,431,10600
2016/7/18,4449,914,106,88800,487,14800,243,51800,823,7400,387,8800
2016/7/19,4450,804,97,82500,343,13700,230,48100,637,6800,448,8200
2016/7/20,4451,451,45,105100,402,17500,173,61300,866,8700,429,10500
2016/7/21,4452,095,68,95900,445,15900,152,55900,1013,7900,401,9500
2016/7/22,4453,141,86,89100,298,29700,147,59400,446,14800,419,8900
2016/7/25,4454,097,54,131100,441,21800,135,76400,906,10900,386,13100
2016/7/26,4455,356,81,95800,375,15900,184,55800,738,7900,339,9500
2016/7/27,4456,052,53,113200,342,18800,131,66000,735,9400,650,11300
2016/7/28,4457,047,50,111100,396,18500,136,64800,852,9200,407,11100
2016/7/29,4458,532,71,99200,478,16500,140,57800,1097,8200,455,9900
2016/8/1,4459,806,76,105000,493,17500,210,61200,777,8700,440,10500
2016/8/2,4460,206,57,101400,401,16900,187,59100,769,8400,305,10100
2016/8/3,4461,308,103,62900,661,10400,311,36600,1414,5200,392,6200
2016/8/4,4462,867,42,127100,300,21100,148,74100,623,10500,376,12700
2016/8/5,4463,623,108,68700,571,11400,298,40000,1026,5700,527,6800
2016/8/8,4464,682,58,98100,663,16300,136,57200,1416,8100,400,9800
2016/8/9,4465,058,45,113900,382,18900,127,66400,770,9400,339,11300
2016/8/10,4466,472,69,86300,524,14300,182,50300,1132,7100,447,8600
2016/8/11,4467,067,50,110300,353,18300,148,64300,714,9100,313,11000
2016/8/12,4468,377,73,88200,221,29400,148,58800,327,14700,940,8800
2016/8/15,4469,367,89,88700,603,14700,268,51700,966,7300,390,8800
2016/8/16,4470,773,178,70700,238,23500,215,47100,302,11700,431,7000
2016/8/17,4471,001,39,155800,167,51900,84,103800,277,25900,306,15500
2016/8/18,4472,142,59,100800,500,16800,124,58800,1039,8400,422,10000
2016/8/19,4473,768,44,131100,353,21800,146,76400,642,10900,407,13100
2016/8/22,4474,621,121,72900,669,12100,284,42500,1241,6000,441,7200
2016/8/23,4475,695,84,96100,416,16000,164,56000,818,8000,349,9600
2016/8/24,4476,431,56,103800,415,17300,116,60500,1026,8600,554,10300
2016/8/25,4477,111,459,68000,0,0,0,0,0,0,656,6800
2016/8/26,4478,100,189,51500,380,17100,285,34300,534,8500,972,5100
2016/8/29,4479,595,59,142900,209,47600,117,95200,298,23800,330,14200
2016/8/30,4480,988,59,112800,182,37600,113,75200,275,18800,493,11200
2016/8/31,4481,103,80,81900,506,13600,275,47700,976,6800,387,8100
2016/9/1,4482,054,56,113000,381,18800,124,65900,782,9400,524,11300
2016/9/2,4483,284,54,101500,521,16900,153,59200,1057,8400,425,10100
2016/9/5,4484,337,197,76800,322,25600,215,51200,325,12800,488,7600
2016/9/6,4485,509,71,82700,417,13700,222,48200,925,6800,546,8200
2016/9/7,4486,701,71,92000,462,15300,182,53600,908,7600,406,9200
2016/9/8,4487,346,49,101500,377,16900,162,59200,885,8400,442,10100
2016/9/9,4488,879,66,88400,516,14700,190,51500,928,7300,648,8800
2016/9/12,4489,450,71,113100,469,18800,178,65900,829,9400,398,11300
2016/9/13,4490,437,41,104400,435,17400,146,60900,956,8700,287,10400
2016/9/14,4491,927,89,76000,469,12600,262,44300,973,6300,486,7600
2016/9/15,4492,053,56,101200,386,16800,121,59000,941,8400,685,10100
2016/9/16,4493,804,54,110600,409,18400,176,64500,688,9200,402,11000
2016/9/19,4494,470,65,104500,504,17400,156,60900,981,8700,355,10400
2016/9/20,4495,401,76,86600,353,14400,173,50500,845,7200,354,8600
2016/9/21,4496,211,74,90600,264,30200,144,60400,400,15100,598,9000
2016/9/22,4497,373,73,101800,197,33900,148,67800,245,16900,241,10100
2016/9/23,4498,947,55,117000,380,19500,133,68200,760,9700,487,11700
2016/9/26,4499,545,68,126700,251,42200,127,84400,228,21100,539,12600
2016/9/27,4500,237,70,82400,516,13700,195,48000,1155,6800,399,8200
2016/9/28,4501,139,73,90300,492,15000,158,52600,1004,7500,500,9000
2016/9/29,4502,161,63,96300,267,32100,146,64200,394,16000,381,9600
2016/9/30,4503,719,84,79300,509,13200,282,46200,885,6600,545,7900
2016/10/3,4504,636,78,118900,273,39600,106,79200,284,19800,582,11800
2016/10/4,4505,167,64,92100,458,15300,190,53700,834,7600,429,9200
2016/10/5,4506,861,57,95700,501,15900,152,55800,1296,7900,273,9500
2016/10/6,4507,787,84,85600,289,28500,180,57000,330,14200,501,8500
2016/10/7,4508,316,123,68800,596,11400,293,40100,1124,5700,443,6800
2016/10/10,4509,657,66,108700,520,18100,135,63400,908,9000,464,10800
2016/10/11,4510,480,49,133100,313,22100,95,77600,652,11000,274,13300
2016/10/12,4511,829,83,78000,468,13000,224,45500,1101,6500,522,7800
2016/10/13,4512,662,39,140000,171,46600,89,93300,224,23300,437,14000
2016/10/14,4513,271,55,79200,691,13200,259,46200,1421,6600,444,7900
2016/10/17,4514,946,67,111900,508,18600,176,65200,973,9300,506,11100
2016/10/18,4515,410,71,87000,534,14500,208,50700,1009,7200,340,8700
2016/10/19,4516,774,66,112900,215,37600,124,75200,259,18800,525,11200
2016/10/20,4517,693,54,80400,630,13400,194,46900,1338,6700,511,8000
2016/10/21,4518,471,72,70700,780,11700,273,41200,1583,5800,283,7000
2016/10/24,4519,217,149,69500,674,11500,301,40500,1295,5700,623,6900
2016/10/25,4520,111,342,86300,0,0,0,0,0,0,580,8600
2016/10/26,4521,090,81,84000,323,28000,177,56000,405,14000,510,8400
2016/10/27,4522,640,53,105900,471,17600,174,61700,843,8800,302,10500
2016/10/28,4523,568,84,79900,495,13300,247,46600,883,6600,543,7900
2016/10/31,4524,485,83,103300,554,17200,165,60200,1011,8600,519,10300
2016/11/1,4525,643,63,101800,435,16900,149,59300,918,8400,408,10100
2016/11/2,4526,215,108,85700,478,14200,201,49900,920,7100,389,8500
2016/11/3,4527,306,120,68400,425,11400,302,39900,836,5700,419,6800
2016/11/4,4528,971,52,115700,476,19200,132,67400,907,9600,348,11500
2016/11/7,4529,721,174,52600,1023,8700,486,30600,1713,4300,525,5200
2016/11/8,4530,994,43,137500,177,45800,97,91600,201,22900,422,13700
2016/11/9,4531,687,36,119400,397,19900,131,69600,743,9900,398,11900
2016/11/10,4532,526,96,84000,415,14000,227,49000,783,7000,417,8400
2016/11/11,4533,623,82,77300,568,12800,267,45000,987,6400,416,7700
2016/11/14,4534,244,91,93100,289,31000,174,62000,334,15500,846,9300
2016/11/15,4535,697,44,119000,357,19800,137,69400,711,9900,378,11900
2016/11/16,4536,396,77,72800,652,12100,228,42400,1326,6000,490,7200
2016/11/17,4537,899,49,110000,227,36600,124,73300,240,18300,640,11000
2016/11/18,4538,281,72,91900,513,15300,150,53600,1167,7600,474,9100
2016/11/21,4539,722,110,76800,361,25600,237,51200,401,12800,780,7600
2016/11/22,4540,325,179,65600,402,10900,259,38200,777,5400,413,6500
2016/11/23,4541,850,51,108900,309,18100,137,63500,791,9000,420,10800
2016/11/24,4542,839,54,87300,445,14500,144,50900,1160,7200,484,8700
2016/11/25,4543,609,63,103300,414,17200,181,60200,757,8600,449,10300
2016/11/28,4544,090,120,80400,420,26800,195,53600,434,13400,532,8000
2016/11/29,4545,217,110,55000,785,9100,318,32000,1667,4500,427,5500
2016/11/30,4546,628,91,78200,492,13000,263,45600,899,6500,543,7800
2016/12/1,4547,939,130,84600,230,28200,163,56400,239,14100,587,8400
2016/12/2,4548,336,130,70400,349,23400,257,46900,291,11700,501,7000
2016/12/5,4549,043,63,131400,491,21900,95,76600,850,10900,587,13100
2016/12/6,4550,699,82,107600,189,35800,131,71700,223,17900,418,10700
2016/12/7,4551,367,100,89000,453,14800,197,51900,725,7400,479,8900
2016/12/8,4552,087,47,117200,377,19500,136,68300,772,9700,462,11700
2016/12/9,4553,721,287,37600,1009,6200,566,21900,1978,3100,452,3700
2016/12/12,4554,687,98,89000,580,14800,286,51900,968,7400,400,8900
2016/12/13,4555,231,58,95200,589,15800,103,55500,1210,7900,340,9500
2016/12/14,4556,915,103,90800,420,15100,190,52900,824,7500,363,9000
2016/12/15,4557,679,70,103400,405,17200,194,60300,805,8600,543,10300
2016/12/16,4558,073,59,113800,473,18900,117,66300,1161,9400,461,11300
2016/12/19,4559,137,111,74800,887,12400,302,43600,1609,6200,790,7400
2016/12/20,4560,513,109,71900,627,11900,283,41900,1198,5900,436,7100
2016/12/21,4561,651,83,81500,582,13500,222,47500,1068,6700,869,8100
2016/12/22,4562,291,41,103000,520,17100,190,60000,1224,8500,360,10300
2016/12/23,4563,153,65,100300,574,16700,127,58500,1208,8300,364,10000
2016/12/26,4564,934,83,100200,572,16700,238,58400,1156,8300,694,10000
2016/12/27,4565,837,50,122500,381,20400,120,71400,935,10200,497,12200
2016/12/28,4566,007,77,95000,377,31600,187,63300,337,15800,531,9500
2016/12/29,4567,415,125,82900,460,13800,275,48300,877,6900,424,8200
2016/12/30,4568,767,46,134200,237,44700,117,89400,308,22300,542,13400
2017/1/4,4569,450,47,119500,544,19900,147,69700,843,9900,335,11900
2017/1/5,4570,387,66,112900,369,18800,135,65800,700,9400,624,11200
2017/1/6,4571,714,126,65600,678,10900,344,38200,1292,5400,443,6500
2017/1/9,4572,076,78,102500,577,17000,176,59700,1018,8500,771,10200
2017/1/10,4573,339,79,99400,270,33100,179,66200,259,16500,495,9900
2017/1/11,4574,694,88,91400,485,15200,214,53300,980,7600,423,9100
2017/1/12,4575,575,96,101200,217,33700,161,67400,249,16800,478,10100
2017/1/13,4576,211,134,64900,388,21600,237,43200,605,10800,749,6400
2017/1/16,4577,085,61,147000,442,24500,83,85700,805,12200,431,14700
2017/1/17,4578,649,49,124800,381,20800,104,72800,701,10400,507,12400
2017/1/18,4579,745,50,94500,597,15700,185,55100,1005,7800,491,9400
2017/1/19,4580,697,104,79000,411,13100,270,46000,867,6500,537,7900
2017/1/20,4581,859,75,87900,460,14600,231,51200,997,7300,534,8700
2017/1/23,4582,857,71,102100,611,17000,165,59500,1119,8500,594,10200
2017/1/24,4583,387,76,92200,381,15300,162,53700,784,7600,696,9200
2017/1/25,4584,644,59,116700,224,38900,127,77800,242,19400,675,11600
2017/1/26,4585,852,51,95200,608,15800,141,55500,1318,7900,433,9500
2017/1/27,4586,132,46,107000,599,17800,121,62400,1215,8900,473,10700
2017/1/30,4587,440,144,105300,291,35100,140,70200,329,17500,379,10500
2017/1/31,4588,837,73,83500,502,13900,227,48700,1020,6900,634,8300
2017/2/1,4589,906,94,92200,467,15300,228,53700,781,7600,471,9200
2017/2/2,4590,292,67,100200,244,33400,171,66800,337,16700,433,10000
2017/2/3,4591,132,50,91200,817,15200,134,53200,1487,7600,379,9100
2017/2/6,4592,762,54,107800,658,17900,161,62800,1159,8900,575,10700
2017/2/7,4593,862,59,98800,542,16400,152,57600,1189,8200,278,9800
2017/2/8,4594,828,105,78900,295,26300,205,52600,268,13100,960,7800
2017/2/9,4595,070,54,136600,177,45500,89,91000,248,22700,387,13600
2017/2/10,4596,261,63,94700,579,15700,165,55200,1187,7800,407,9400
2017/2/13,4597,425,133,75600,650,12600,321,44100,1140,6300,558,7500
2017/2/14,4598,027,45,108800,433,18100,135,63400,830,9000,538,10800
2017/2/15,4599,089,42,87000,584,14500,218,50700,1510,7200,722,8700
2017/2/16,4600,464,46,149600,174,49800,108,99700,256,24900,425,14900
2017/2/17,4601,015,65,118500,424,19700,135,69100,906,9800,472,11800
2017/2/20,4602,890,89,97200,584,16200,253,56700,1187,8100,425,9700
2017/2/21,4603,866,45,119000,237,39600,83,79300,266,19800,852,11900
2017/2/22,4604,893,65,96100,442,16000,243,56000,935,8000,432,9600
2017/2/23,4605,840,37,136800,395,22800,110,79800,832,11400,342,13600
2017/2/24,4606,631,72,100300,563,16700,153,58500,1236,8300,486,10000
2017/2/27,4607,147,138,64200,894,10700,389,37400,1659,5300,773,6400
2017/2/28,4608,788,56,109000,272,36300,117,72600,349,18100,666,10900
2017/3/1,4609,157,75,85500,572,14200,243,49800,1234,7100,479,8500
2017/3/2,4610,449,56,133100,168,44300,142,88700,217,22100,350,13300
2017/3/3,4611,111,613,58200,0,0,0,0,0,0,775,5800
2017/3/6,4612,226,150,74800,400,24900,280,49800,370,12400,623,7400
2017/3/7,4613,868,61,112600,198,37500,135,75000,280,18700,525,11200
2017/3/8,4614,959,53,130900,220,43600,111,87200,253,21800,412,13000
2017/3/9,4615,960,65,114600,420,19100,137,66800,787,9500,400,11400
2017/3/10,4616,689,86,82900,542,13800,262,48300,1043,6900,507,8200
2017/3/13,4617,785,77,104900,655,17400,150,61100,1284,8700,419,10400
2017/3/14,4618,101,70,106000,208,35300,161,70600,240,17600,435,10600
2017/3/15,4619,789,97,77500,538,12900,286,45200,902,6400,368,7700
2017/3/16,4620,101,88,98700,243,32900,165,65800,306,16400,353,9800
2017/3/17,4621,692,65,105200,443,17500,143,61300,972,8700,577,10500
2017/3/20,4622,164,92,97400,495,16200,195,56800,897,8100,434,9700
2017/3/21,4623,064,25,161100,281,26800,86,93900,623,13400,282,16100
2017/3/22,4624,712,82,63300,795,10500,266,36900,1840,5200,427,6300
2017/3/23,4625,405,65,95000,439,15800,216,55400,709,7900,394,9500
2017/3/24,4626,719,78,95700,401,15900,237,55800,764,7900,415,9500
2017/3/27,4627,546,64,102400,637,17000,175,59700,1017,8500,556,10200
2017/3/28,4628,619,108,66200,516,11000,353,38600,1130,5500,365,6600
2017/3/29,4629,053,34,117900,408,19600,127,68700,947,9800,540,11700
2017/3/30,4630,638,142,56700,525,9400,275,33000,1000,4700,1649,5600
2017/3/31,4631,226,75,97100,240,32300,196,64700,261,16100,403,9700
2017/4/3,4632,066,104,87600,381,29200,144,58400,455,14600,828,8700
2017/4/4,4633,642,47,85800,622,14300,172,50000,1263,7100,391,8500
2017/4/5,4634,374,128,66000,506,11000,302,38500,951,5500,713,6600
2017/4/6,4635,984,34,137800,354,22900,82,80300,825,11400,377,13700
2017/4/7,4636,132,73,80700,671,13400,189,47000,1237,6700,445,8000
2017/4/10,4637,473,76,112300,436,18700,163,65500,946,9300,444,11200
2017/4/11,4638,081,43,104500,415,17400,134,60900,962,8700,333,10400
2017/4/12,4639,353,66,105100,251,35000,136,70000,270,17500,366,10500
2017/4/13,4640,067,45,118000,348,19600,117,68800,689,9800,531,11800
2017/4/14,4641,535,76,99900,258,33300,141,66600,350,16600,760,9900
2017/4/17,4642,439,111,84000,576,14000,276,49000,996,7000,616,8400
2017/4/18,4643,833,61,112900,200,37600,99,75200,266,18800,728,11200
2017/4/19,4644,091,60,101400,493,16900,134,59100,999,8400,449,10100
2017/4/20,4645,771,89,106500,239,35500,127,71000,292,17700,339,10600
2017/4/21,4646,254,83,98200,472,16300,167,57200,906,8100,492,9800
2017/4/24,4647,364,121,73700,782,12200,228,42900,1506,6100,713,7300
2017/4/25,4648,849,55,124800,397,20800,108,72800,736,10400,388,12400
2017/4/26,4649,796,56,123500,357,20500,107,72000,776,10200,413,12300
2017/4/27,4650,799,87,90000,271,30000,160,60000,287,15000,792,9000
2017/4/28,4651,508,97,85900,495,14300,233,50100,838,7100,679,8500
2017/5/1,4652,525,135,89500,310,29800,209,59600,290,14900,589,8900
2017/5/2,4653,939,39,168200,149,56000,76,112100,184,28000,435,16800
2017/5/3,4654,479,61,93700,418,15600,198,54600,834,7800,361,9300
2017/5/4,4655,904,67,98900,356,16400,177,57600,812,8200,343,9800
2017/5/5,4656,433,58,111600,253,37200,104,74400,277,18600,467,11100
2017/5/8,4657,459,80,89000,597,14800,247,51900,1160,7400,484,8900
2017/5/9,4658,768,53,91100,487,15100,188,53100,901,7500,497,9100
2017/5/10,4659,161,74,99300,248,33100,123,66200,407,16500,391,9900
2017/5/11,4660,895,62,103000,403,17100,163,60000,797,8500,411,10300
2017/5/12,4661,922,61,101100,209,33700,185,67400,276,16800,541,10100
2017/5/15,4662,682,77,100100,631,16600,151,58300,1196,8300,467,10000
2017/5/16,4663,017,88,85800,406,14300,163,50000,825,7100,745,8500
2017/5/17,4664,597,46,109200,435,18200,140,63700,802,9100,409,10900
2017/5/18,4665,423,99,69200,506,11500,306,40300,895,5700,477,6900
2017/5/19,4666,909,74,110800,228,36900,138,73800,243,18400,427,11000
2017/5/22,4667,052,50,126700,472,21100,113,73900,970,10500,405,12600
2017/5/23,4668,509,73,76900,525,12800,271,44800,939,6400,233,7600
2017/5/24,4669,307,57,106600,328,17700,166,62100,775,8800,316,10600
2017/5/25,4670,039,77,90600,433,15100,154,52800,858,7500,667,9000
2017/5/26,4671,041,59,105000,469,17500,116,61200,998,8700,583,10500
2017/5/29,4672,990,89,99400,303,33100,139,66200,359,16500,717,9900
2017/5/30,4673,537,65,86300,498,14300,176,50300,936,7100,489,8600
2017/5/31,4674,471,62,81100,595,13500,199,47300,1280,6700,298,8100
2017/6/1,4675,570,45,120200,409,20000,111,70100,868,10000,345,12000
2017/6/2,4676,622,89,75900,358,25300,213,50600,438,12600,467,7500
2017/6/5,4677,873,81,98600,545,16400,170,57500,1173,8200,385,9800
2017/6/6,4678,289,74,81500,507,13500,189,47500,1021,6700,448,8100
2017/6/7,4679,870,56,115100,372,19100,126,67100,717,9500,284,11500
2017/6/8,4680,037,74,97500,366,16200,139,56800,847,8100,460,9700
2017/6/9,4681,908,135,48800,815,8100,480,28400,1382,4000,542,4800
2017/6/12,4682,172,52,67700,1060,11200,222,39400,2198,5600,451,6700
2017/6/13,4683,577,53,118100,199,39300,85,78700,238,19600,570,11800
2017/6/14,4684,428,106,79400,344,13200,260,46300,671,6600,366,7900
2017/6/15,4685,501,76,98100,450,16300,180,57200,880,8100,393,9800
2017/6/16,4686,540,58,103700,568,17200,136,60400,1071,8600,382,10300
2017/6/19,4687,874,119,91700,593,15200,185,53400,1051,7600,519,9100
2017/6/20,4688,671,45,115700,437,19200,117,67400,969,9600,330,11500
2017/6/21,4689,311,73,85400,227,28400,175,56900,342,14200,627,8500
2017/6/22,4690,375,81,79100,555,13100,226,46100,1007,6500,496,7900
2017/6/23,4691,811,83,99400,228,33100,169,66200,333,16500,496,9900
2017/6/26,4692,242,55,125900,297,41900,104,83900,407,20900,453,12500
2017/6/27,4693,171,79,71800,378,23900,199,47800,575,11900,468,7100
2017/6/28,4694,796,88,97300,346,16200,157,56700,732,8100,590,9700
2017/6/29,4695,208,60,104200,411,17300,177,60700,786,8600,322,10400
2017/6/30,4696,161,73,98800,280,32900,133,65800,472,16400,403,9800
2017/7/3,4697,871,125,67200,702,11200,322,39200,1379,5600,714,6700
2017/7/4,4698,713,98,66500,569,11000,281,38700,1136,5500,401,6600
2017/7/5,4699,749,47,107900,388,17900,163,62900,793,8900,456,10700
2017/7/6,4700,817,92,75100,562,12500,234,43800,1081,6200,584,7500
2017/7/7,4701,346,61,104100,414,17300,183,60700,880,8600,471,10400
2017/7/10,4702,844,48,107800,332,35900,122,71800,372,17900,775,10700
2017/7/11,4703,010,183,60700,304,20200,242,40400,373,10100,429,6000
2017/7/12,4704,904,48,124500,298,20700,141,72600,680,10300,334,12400
2017/7/13,4705,159,85,87500,455,14500,150,51000,916,7200,542,8700
2017/7/14,4706,458,54,97400,409,16200,199,56800,892,8100,506,9700
2017/7/17,4707,401,100,85900,510,14300,218,50100,884,7100,432,8500
2017/7/18,4708,880,57,106100,243,35300,119,70700,272,17600,334,10600
2017/7/19,4709,332,51,113700,225,37900,104,75800,270,18900,456,11300
2017/7/20,4710,008,65,124200,175,41400,97,82800,243,20700,335,12400
2017/7/21,4711,109,123,66800,600,11100,276,38900,980,5500,462,6600
2017/7/24,4712,381,79,76100,772,12600,206,44300,1626,6300,389,7600
2017/7/25,4713,661,54,105600,251,35200,116,70400,346,17600,308,10500
2017/7/26,4714,898,64,94500,208,31500,116,63000,223,15700,954,9400
2017/7/27,4715,593,73,105700,338,17600,139,61600,721,8800,402,10500
2017/7/28,4716,679,52,109400,383,18200,175,63800,697,9100,406,10900
2017/7/31,4717,718,134,62600,765,10400,322,36500,1402,5200,689,6200
2017/8/1,4718,463,75,87000,479,14500,154,50700,905,7200,506,8700
2017/8/2,4719,722,101,75200,269,25000,199,50100,375,12500,580,7500
2017/8/3,4720,661,93,105400,219,35100,95,70200,303,17500,339,10500
2017/8/4,4721,082,28,134300,388,22300,110,78300,864,11100,293,13400
2017/8/7,4722,207,62,109300,399,18200,178,63700,708,9100,494,10900
2017/8/8,4723,594,56,82500,427,13700,233,48100,971,6800,377,8200
2017/8/9,4724,097,40,107600,408,17900,132,62700,865,8900,365,10700
2017/8/10,4725,229,67,92800,256,30900,152,61800,277,15400,560,9200
2017/8/11,4726,347,47,100700,381,16700,148,58700,818,8300,439,10000
2017/8/14,4727,693,71,80800,636,13400,214,47100,1378,6700,325,8000
2017/8/15,4728,201,65,110000,385,18300,118,64100,722,9100,430,11000
2017/8/16,4729,508,72,96700,423,16100,173,56400,775,8000,446,9600
2017/8/17,4730,711,98,72100,341,24000,177,48000,499,12000,711,7200
2017/8/18,4731,105,91,85500,420,14200,249,49800,823,7100,456,8500
2017/8/21,4732,933,53,120800,291,40200,119,80500,323,20100,571,12000
2017/8/22,4733,015,36,124300,334,20700,122,72500,740,10300,369,12400
2017/8/23,4734,409,68,91500,369,15200,212,53300,673,7600,498,9100
2017/8/24,4735,432,60,111500,391,18500,123,65000,811,9200,342,11100
2017/8/25,4736,253,72,95000,492,15800,155,55400,980,7900,607,9500
2017/8/28,4737,185,70,95900,655,15900,173,55900,1311,7900,551,9500
2017/8/29,4738,153,85,75000,642,12500,197,43700,1318,6200,302,7500
2017/8/30,4739,862,45,105400,475,17500,138,61400,1098,8700,323,10500
2017/8/31,4740,007,84,88700,323,29500,176,59100,300,14700,388,8800
2017/9/1,4741,906,106,83800,445,13900,232,48800,822,6900,563,8300
2017/9/4,4742,630,125,85400,578,14200,233,49800,982,7100,524,8500
2017/9/5,4743,058,68,105900,401,17600,134,61700,827,8800,369,10500
2017/9/6,4744,301,104,76700,481,12700,197,44700,889,6300,679,7600
2017/9/7,4745,297,52,83900,585,13900,176,48900,1222,6900,483,8300
2017/9/8,4746,707,83,96900,255,32300,166,64600,281,16100,502,9600
2017/9/11,4747,199,126,74700,413,24900,204,49800,489,12400,738,7400
2017/9/12,4748,147,73,74900,570,12400,227,43600,1106,6200,338,7400
2017/9/13,4749,302,82,81700,449,13600,230,47600,911,6800,472,8100
2017/9/14,4750,648,60,99000,410,16500,147,57700,870,8200,479,9900
2017/9/15,4751,132,102,67000,657,11100,300,39000,1222,5500,413,6700
2017/9/18,4752,372,71,87600,582,14600,159,51100,1166,7300,606,8700
2017/9/19,4753,005,74,113400,195,37800,96,75600,230,18900,427,11300
2017/9/20,4754,684,53,127800,324,21300,90,74500,739,10600,335,12700
2017/9/21,4755,276,55,119800,357,19900,113,69800,760,9900,303,11900
2017/9/22,4756,222,536,55700,0,0,0,0,0,0,731,5500
2017/9/25,4757,313,153,75400,313,25100,244,50200,378,12500,572,7500
2017/9/26,4758,214,83,79900,471,13300,216,46600,883,6600,505,7900
2017/9/27,4759,228,103,83100,238,27700,203,55400,233,13800,441,8300
2017/9/28,4760,347,77,88900,403,14800,190,51800,898,7400,353,8800
2017/9/29,4761,573,103,86500,598,14400,154,50400,1083,7200,425,8600
2017/10/2,4762,321,126,61100,1053,10100,293,35600,1602,5000,561,6100
2017/10/3,4763,679,59,108800,360,18100,173,63400,661,9000,284,10800
2017/10/4,4764,925,163,67100,405,11100,289,39100,817,5500,358,6700
2017/10/5,4765,870,47,118700,361,19700,136,69200,730,9800,383,11800
2017/10/6,4766,656,45,123500,197,41100,103,82300,265,20500,515,12300
2017/10/9,4767,187,82,84400,528,14000,193,49200,1038,7000,588,8400
2017/10/10,4768,925,74,97600,323,16200,191,56900,612,8100,298,9700
2017/10/11,4769,085,48,121100,417,20100,88,70600,876,10000,284,12100
2017/10/12,4770,933,59,100100,266,33300,109,66700,279,16600,596,10000
2017/10/13,4771,394,66,105100,455,17500,152,61300,954,8700,444,10500
2017/10/16,4772,236,123,68400,663,11400,295,39900,1445,5700,679,6800
2017/10/17,4773,219,79,80700,484,13400,216,47000,1133,6700,420,8000
2017/10/18,4774,021,35,122400,441,20400,92,71400,910,10200,411,12200
2017/10/19,4775,227,116,66700,324,22200,243,44400,317,11100,494,6600
2017/10/20,4776,420,107,73600,490,12200,267,42900,933,6100,613,7300
2017/10/23,4777,071,72,100300,567,16700,129,58500,1096,8300,531,10000
2017/10/24,4778,252,71,91700,244,30500,163,61100,372,15200,338,9100
2017/10/25,4779,921,92,80200,477,13300,222,46700,915,6600,409,8000
2017/10/26,4780,072,93,75400,531,12500,247,43900,1061,6200,463,7500
2017/10/27,4781,830,89,94800,440,15800,201,55300,945,7900,277,9400
2017/10/30,4782,205,95,103600,487,17200,176,60400,871,8600,394,10300
2017/10/31,4783,023,68,82300,566,13700,195,48000,1084,6800,492,8200
2017/11/1,4784,046,54,122300,313,20300,141,71300,629,10100,473,12200
2017/11/2,4785,501,82,77700,590,12900,230,45300,1023,6400,573,7700
2017/11/3,4786,221,113,69700,310,23200,233,46400,374,11600,553,6900
2017/11/6,4787,996,72,130500,231,43500,123,87000,252,21700,451,13000
2017/11/7,4788,496,40,114800,393,19100,142,66900,868,9500,281,11400
2017/11/8,4789,714,96,66100,563,11000,320,38500,1074,5500,326,6600
2017/11/9,4790,836,40,99400,477,16500,155,57900,1014,8200,397,9900
2017/11/10,4791,621,107,68700,582,11400,242,40000,1168,5700,708,6800
2017/11/13,4792,732,75,75100,805,12500,242,43800,1558,6200,596,7500
2017/11/14,4793,523,105,73400,410,12200,241,42800,842,6100,477,7300
2017/11/15,4794,385,139,52800,747,8800,373,30800,1523,4400,435,5200
2017/11/16,4795,754,47,123600,391,20600,95,72100,740,10300,377,12300
2017/11/17,4796,434,46,121600,222,40500,92,81000,259,20200,660,12100
2017/11/20,4797,891,89,82800,639,13800,220,48300,1427,6900,303,8200
2017/11/21,4798,176,66,101800,397,16900,135,59300,883,8400,282,10100
2017/11/22,4799,609,74,81000,483,13500,226,47200,873,6700,408,8100
2017/11/23,4800,794,66,95300,375,15800,159,55500,772,7900,292,9500
2017/11/24,4801,177,124,88000,219,29300,136,58600,307,14600,624,8800
2017/11/27,4802,173,75,90000,679,15000,177,52500,1374,7500,398,9000
2017/11/28,4803,261,72,89000,500,14800,116,51900,1037,7400,582,8900
2017/11/29,4804,782,61,83000,536,13800,193,48400,1148,6900,371,8300
2017/11/30,4805,820,73,90900,423,15100,222,53000,800,7500,333,9000
2017/12/1,4806,242,45,122900,254,40900,97,81900,374,20400,361,12200
2017/12/4,4807,945,70,93900,653,15600,205,54700,1085,7800,422,9300
2017/12/5,4808,233,42,125200,198,41700,81,83400,253,20800,562,12500
2017/12/6,4809,218,89,69700,524,11600,254,40600,1101,5800,581,6900
2017/12/7,4810,618,120,67800,491,11300,296,39500,911,5600,406,6700
2017/12/8,4811,937,34,116300,354,19300,120,67800,1071,9600,495,11600
2017/12/11,4812,278,95,79800,629,13300,232,46500,1250,6600,751,7900
2017/12/12,4813,276,47,97900,434,16300,180,57100,948,8100,326,9700
2017/12/13,4814,043,53,122700,357,20400,111,71500,744,10200,375,12200
2017/12/14,4815,078,50,118700,325,19700,122,69200,733,9800,461,11800
2017/12/15,4816,542,41,123800,487,20600,116,72200,1111,10300,355,12300
2017/12/18,4817,325,186,67600,792,11200,309,39400,1192,5600,656,6700
2017/12/19,4818,162,41,95800,605,15900,128,55800,1390,7900,392,9500
2017/12/20,4819,351,96,68200,751,11300,233,39700,1506,5600,560,6800
2017/12/21,4820,663,48,127900,228,42600,112,85200,255,21300,456,12700
2017/12/22,4821,288,43,134600,201,44800,99,89700,295,22400,584,13400
2017/12/25,4822,720,94,102000,530,17000,231,59500,1047,8500,416,10200
2017/12/26,4823,809,116,52800,818,8800,453,30800,1533,4400,544,5200
2017/12/27,4824,372,77,81300,640,13500,185,47400,1428,6700,461,8100
2017/12/28,4825,591,63,112500,398,18700,149,65600,952,9300,427,11200
2017/12/29,4826,842,73,95700,655,15900,158,55800,1350,7900,522,9500
2018/1/4,4827,858,62,119400,262,39800,144,79600,237,19900,574,11900
2018/1/5,4828,384,79,96500,450,16000,208,56200,822,8000,442,9600
2018/1/8,4829,976,81,111400,598,18500,149,64900,1095,9200,509,11100
2018/1/9,4830,930,90,95300,475,15800,180,55500,890,7900,356,9500
2018/1/10,4831,634,125,73200,517,12200,304,42700,985,6100,475,7300
2018/1/11,4832,223,133,67900,341,22600,285,45200,340,11300,597,6700
2018/1/12,4833,413,108,78400,517,13000,254,45700,1099,6500,483,7800
2018/1/15,4834,881,70,127600,242,42500,140,85000,382,21200,508,12700
2018/1/16,4835,368,85,73200,615,12200,260,42700,1067,6100,651,7300
2018/1/17,4836,873,70,80700,509,13400,248,47000,1079,6700,441,8000
2018/1/18,4837,916,110,69100,527,11500,331,40300,1037,5700,497,6900
2018/1/19,4838,955,49,99200,251,33000,144,66100,296,16500,1064,9900
2018/1/22,4839,122,320,39500,563,13100,599,26300,497,6500,742,3900
2018/1/23,4840,327,105,56900,691,9400,310,33100,1329,4700,543,5600
2018/1/24,4841,092,78,91600,430,15200,177,53400,823,7600,402,9100
2018/1/25,4842,282,47,117600,248,39200,107,78400,367,19600,279,11700
2018/1/26,4843,956,54,122200,358,20300,136,71200,807,10100,377,12200
2018/1/29,4844,415,121,74500,670,12400,347,43400,1055,6200,536,7400
2018/1/30,4845,432,62,81400,596,13500,166,47400,1150,6700,626,8100
2018/1/31,4846,437,39,105800,459,17600,151,61700,1014,8800,518,10500
2018/2/1,4847,546,53,96900,461,16100,201,56500,850,8000,491,9600
2018/2/2,4848,291,62,85300,637,14200,217,49700,1238,7100,347,8500
2018/2/5,4849,461,102,94400,649,15700,183,55000,1113,7800,518,9400
2018/2/6,4850,139,72,87700,497,14600,150,51100,1094,7300,539,8700
2018/2/7,4851,138,85,64300,674,10700,273,37500,1532,5300,541,6400
2018/2/8,4852,448,71,102400,251,34100,153,68200,248,17000,424,10200
2018/2/9,4853,936,68,77100,644,12800,227,44900,1502,6400,506,7700
2018/2/12,4854,221,123,53200,642,17700,249,35400,940,8800,668,5300
2018/2/13,4855,876,38,141900,340,23600,96,82700,612,11800,269,14100
2018/2/14,4856,347,89,81300,446,13500,220,47400,846,6700,538,8100
2018/2/15,4857,631,80,83100,662,13800,180,48400,1418,6900,498,8300
2018/2/16,4858,725,176,57800,684,9600,398,33700,1212,4800,593,5700
2018/2/19,4859,949,64,150900,204,50300,114,100600,240,25100,477,15000
2018/2/20,4860,271,118,49500,957,8200,382,28800,2102,4100,412,4900
2018/2/21,4861,545,53,151500,161,50500,89,101000,179,25200,411,15100
2018/2/22,4862,320,90,85300,451,14200,254,49700,871,7100,320,8500
2018/2/23,4863,060,94,105300,264,35100,135,70200,267,17500,479,10500
2018/2/26,4864,060,77,133600,258,44500,133,89000,310,22200,273,13300
2018/2/27,4865,350,45,115500,428,19200,126,67300,880,9600,443,11500
2018/2/28,4866,839,61,86400,547,14400,218,50400,1162,7200,466,8600
2018/3/1,4867,382,77,78100,626,13000,202,45500,1334,6500,418,7800
2018/3/2,4868,776,56,147500,173,49100,93,98300,223,24500,444,14700
2018/3/5,4869,411,111,80500,325,26800,212,53600,498,13400,862,8000
2018/3/6,4870,586,53,101900,438,16900,162,59400,885,8400,448,10100
2018/3/7,4871,045,79,94000,456,15600,172,54800,910,7800,393,9400
2018/3/8,4872,123,137,49200,761,8200,388,28700,1418,4100,524,4900
2018/3/9,4873,720,48,122200,391,20300,146,71200,747,10100,323,12200
2018/3/12,4874,497,67,103100,586,17100,194,60100,986,8500,576,10300
2018/3/13,4875,243,47,99400,532,16500,140,57900,1088,8200,363,9900
2018/3/14,4876,363,52,98200,305,32700,148,65400,362,16300,408,9800
2018/3/15,4877,236,89,59000,689,9800,329,34400,1359,4900,829,5900
2018/3/16,4878,399,49,123600,189,41200,126,82400,233,20600,570,12300
2018/3/19,4879,217,150,59600,1109,9900,408,34700,1900,4900,515,5900
2018/3/20,4880,118,113,79300,269,26400,235,52800,274,13200,468,7900
2018/3/21,4881,486,41,109000,477,18100,132,63500,809,9000,308,10900
2018/3/22,4882,029,52,119100,407,19800,135,69400,705,9900,458,11900
2018/3/23,4883,900,123,65400,358,21800,235,43600,407,10900,1333,6500
2018/3/26,4884,484,78,131400,308,43800,112,87600,304,21900,408,13100
2018/3/27,4885,905,72,94700,441,15700,196,55200,849,7800,412,9400
2018/3/28,4886,800,58,112800,247,37600,117,75200,268,18800,572,11200
2018/3/29,4887,339,141,64200,389,21400,263,42800,335,10700,552,6400
2018/3/30,4888,950,51,109400,538,18200,149,63800,1001,9100,405,10900
2018/4/2,4889,684,99,102200,665,17000,159,59600,1045,8500,424,10200
2018/4/3,4890,507,76,99600,411,16600,187,58100,660,8300,377,9900
2018/4/4,4891,750,63,107500,418,17900,166,62700,740,8900,358,10700
2018/4/5,4892,352,42,100400,644,16700,128,58500,1123,8300,359,10000
2018/4/6,4893,516,96,82800,462,13800,261,48300,867,6900,400,8200
2018/4/9,4894,760,77,116200,503,19300,131,67700,911,9600,554,11600
2018/4/10,4895,016,54,92800,586,15400,167,54100,1130,7700,335,9200
2018/4/11,4896,759,36,124000,368,20600,147,72300,709,10300,384,12400
2018/4/12,4897,196,46,100600,529,16700,145,58600,1111,8300,392,10000
2018/4/13,4898,775,80,118100,239,39300,148,78700,243,19600,545,11800
2018/4/16,4899,118,129,86000,379,28600,265,57300,348,14300,571,8600
2018/4/17,4900,993,59,132300,179,44100,122,88200,225,22000,374,13200
2018/4/18,4901,984,46,122500,424,20400,112,71400,915,10200,440,12200
2018/4/19,4902,159,63,98600,559,16400,186,57500,884,8200,381,9800
2018/4/20,4903,955,51,111200,322,37000,135,74100,323,18500,547,11100
2018/4/23,4904,716,113,85500,608,14200,289,49800,962,7100,603,8500
2018/4/24,4905,936,64,82700,615,13700,171,48200,1231,6800,555,8200
2018/4/25,4906,081,105,90800,515,15100,158,52900,1075,7500,382,9000
2018/4/26,4907,355,87,99800,293,33200,158,66500,271,16600,459,9900
2018/4/27,4908,714,123,63300,753,10500,399,36900,1305,5200,462,6300
2018/4/30,4909,002,56,141900,239,47300,115,94600,275,23600,421,14100
2018/5/1,4910,440,91,84100,330,28000,184,56000,334,14000,492,8400
2018/5/2,4911,372,147,66100,661,11000,222,38500,1412,5500,457,6600
2018/5/3,4912,589,76,89200,427,14800,208,52000,773,7400,397,8900
2018/5/4,4913,119,107,68900,312,22900,287,45900,336,11400,422,6800
2018/5/7,4914,299,77,94100,366,31300,144,62700,490,15600,601,9400
2018/5/8,4915,909,86,86200,289,28700,163,57400,307,14300,456,8600
2018/5/9,4916,037,37,110300,434,18300,116,64300,968,9100,495,11000
2018/5/10,4917,402,72,94100,440,15600,231,54800,775,7800,279,9400
2018/5/11,4918,030,52,90600,376,30200,183,60400,411,15100,421,9000
2018/5/14,4919,604,98,114400,422,19000,165,66700,690,9500,488,11400
2018/5/15,4920,497,41,118600,384,19700,147,69100,766,9800,380,11800
2018/5/16,4921,909,91,90200,316,30000,137,60100,344,15000,486,9000
2018/5/17,4922,851,72,77800,626,12900,194,45300,1328,6400,468,7700
2018/5/18,4923,934,48,102600,469,17100,187,59800,969,8500,347,10200
2018/5/21,4924,109,130,73600,689,12200,320,42900,1071,6100,584,7300
2018/5/22,4925,531,109,68100,663,11300,246,39700,1193,5600,387,6800
2018/5/23,4926,393,73,84700,371,28200,142,56400,393,14100,374,8400
2018/5/24,4927,496,44,115200,442,19200,135,67200,861,9600,307,11500
2018/5/25,4928,535,62,104200,288,34700,162,69400,286,17300,468,10400
2018/5/28,4929,513,168,64600,1000,10700,296,37600,1526,5300,462,6400
2018/5/29,4930,797,87,108700,206,36200,154,72400,209,18100,284,10800
2018/5/30,4931,648,65,90800,525,15100,183,52900,963,7500,398,9000
2018/5/31,4932,319,106,65800,597,10900,325,38300,1178,5400,433,6500
2018/6/1,4933,669,141,64100,455,21300,195,42700,347,10600,1111,6400
2018/6/4,4934,173,81,90700,752,15100,191,52900,1337,7500,420,9000
2018/6/5,4935,269,80,94300,452,15700,165,55000,860,7800,406,9400
2018/6/6,4936,557,90,107000,198,35600,129,71300,200,17800,409,10700
2018/6/7,4937,653,63,100100,479,16600,150,58300,922,8300,399,10000
2018/6/8,4938,137,87,79100,621,13100,201,46100,1195,6500,545,7900
2018/6/11,4939,413,90,91600,538,15200,241,53400,915,7600,558,9100
2018/6/12,4940,193,93,67400,622,11200,284,39300,1193,5600,402,6700
2018/6/13,4941,642,55,89500,602,14900,145,52200,1248,7400,444,8900
2018/6/14,4942,487,48,123600,358,20600,111,72100,797,10300,431,12300
2018/6/15,4943,765,74,96400,578,16000,162,56200,1001,8000,651,9600
2018/6/18,4944,119,183,69200,371,23000,335,46100,366,11500,587,6900
2018/6/19,4945,182,32,114600,534,19100,115,66800,1153,9500,288,11400
2018/6/20,4946,912,98,67900,660,11300,247,39600,1427,5600,461,6700
2018/6/21,4947,018,72,87700,598,14600,161,51100,1245,7300,515,8700
2018/6/22,4948,001,108,82500,343,27500,190,55000,369,13700,615,8200
2018/6/25,4949,549,56,109900,555,18300,196,64100,1096,9100,453,10900
2018/6/26,4950,256,88,84200,545,14000,196,49100,1016,7000,419,8400
2018/6/27,4951,032,61,108000,428,18000,118,63000,948,9000,476,10800
2018/6/28,4952,751,45,95600,590,15900,158,55700,1236,7900,325,9500
2018/6/29,4953,349,54,112300,445,18700,154,65500,931,9300,366,11200
2018/7/2,4954,193,143,62700,897,10400,369,36500,1610,5200,547,6200
2018/7/3,4955,489,79,104200,314,17300,161,60700,708,8600,406,10400
2018/7/4,4956,901,90,77400,578,12900,237,45100,1070,6400,344,7700
2018/7/5,4957,668,54,117800,233,39200,105,78500,246,19600,476,11700
2018/7/6,4958,870,80,89200,404,14800,227,52000,738,7400,468,8900
2018/7/9,4959,061,55,118600,513,19700,140,69100,969,9800,421,11800
2018/7/10,4960,625,114,72200,476,12000,231,42100,836,6000,693,7200
2018/7/11,4961,223,95,84200,235,28000,195,56100,261,14000,555,8400
2018/7/12,4962,205,58,115000,369,19100,154,67000,657,9500,300,11500
2018/7/13,4963,989,71,111400,261,37100,127,74200,302,18500,360,11100
2018/7/16,4964,176,85,75700,800,12600,163,44100,1558,6300,431,7500
2018/7/17,4965,877,48,87800,301,29200,128,58500,409,14600,638,8700
2018/7/18,4966,580,54,104500,418,17400,166,60900,814,8700,272,10400
2018/7/19,4967,051,58,96600,446,16100,148,56300,967,8000,367,9600
2018/7/20,4968,115,156,57700,346,19200,335,38400,361,9600,489,5700
2018/7/23,4969,330,121,78500,346,26100,255,52300,317,13000,336,7800
2018/7/24,4970,977,40,144400,151,48100,90,96200,225,24000,293,14400
2018/7/25,4971,778,94,83300,295,27700,156,55500,318,13800,511,8300
2018/7/26,4972,220,94,87600,268,29200,189,58400,276,14600,293,8700
2018/7/27,4973,241,54,94900,560,15800,147,55300,1076,7900,493,9400
2018/7/30,4974,096,81,117500,520,19500,123,68500,872,9700,502,11700
2018/7/31,4975,430,72,111800,352,18600,162,65200,639,9300,281,11100
2018/8/1,4976,918,115,69100,546,11500,276,40300,1119,5700,435,6900
2018/8/2,4977,644,56,104900,256,34900,128,69900,210,17400,661,10400
2018/8/3,4978,646,49,100000,336,33300,153,66600,319,16600,429,10000
2018/8/6,4979,047,65,121500,497,20200,127,70800,807,10100,502,12100
2018/8/7,4980,260,46,125900,362,20900,105,73400,785,10400,302,12500
2018/8/8,4981,529,103,76400,499,12700,231,44500,879,6300,384,7600
2018/8/9,4982,879,60,95000,434,15800,171,55400,911,7900,423,9500
2018/8/10,4983,890,100,54500,887,9000,374,31700,1720,4500,519,5400
2018/8/13,4984,069,62,106300,505,17700,172,62000,837,8800,483,10600
2018/8/14,4985,322,55,106300,226,35400,124,70800,282,17700,397,10600
2018/8/15,4986,505,112,88300,258,29400,185,58800,286,14700,409,8800
2018/8/16,4987,480,49,122600,395,20400,136,71500,727,10200,331,12200
2018/8/17,4988,131,103,74900,374,24900,215,49900,533,12400,501,7400
2018/8/20,4989,203,315,56300,824,9300,268,32800,1336,4600,687,5600
2018/8/21,4990,078,39,125800,402,20900,121,73300,734,10400,373,12500
2018/8/22,4991,308,142,65900,510,10900,289,38400,1031,5400,467,6500
2018/8/23,4992,371,81,81800,665,13600,162,47700,1176,6800,384,8100
2018/8/24,4993,075,47,128800,437,21400,120,75100,800,10700,357,12800
2018/8/27,4994,300,150,81500,338,27100,218,54300,308,13500,868,8100
2018/8/28,4995,650,62,111600,364,18600,122,65100,791,9300,514,11100
2018/8/29,4996,731,128,69300,628,11500,252,40400,1096,5700,385,6900
2018/8/30,4997,943,105,85200,538,14200,174,49700,886,7100,434,8500
2018/8/31,4998,271,95,62400,800,10400,319,36400,1770,5200,307,6200
2018/9/3,4999,045,94,92800,625,15400,221,54100,1124,7700,523,9200
2018/9/4,5000,317,119,53900,696,8900,275,31400,1280,4400,430,5300
2018/9/5,5001,488,88,87300,333,29100,131,58200,323,14500,560,8700
2018/9/6,5002,480,67,93600,505,15600,179,54600,878,7800,310,9300
2018/9/7,5003,571,92,74200,636,12300,226,43200,1162,6100,470,7400
2018/9/10,5004,635,76,120300,466,20000,142,70100,769,10000,460,12000
2018/9/11,5005,283,67,86200,463,14300,175,50200,963,7100,652,8600
2018/9/12,5006,739,50,109600,386,18200,142,63900,766,9100,487,10900
2018/9/13,5007,704,69,108400,420,18000,155,63200,809,9000,341,10800
2018/9/14,5008,589,70,102400,400,17000,192,59700,823,8500,399,10200
2018/9/17,5009,674,96,88200,536,14700,205,51400,1024,7300,535,8800
2018/9/18,5010,960,41,121000,391,20100,125,70500,797,10000,292,12100
2018/9/19,5011,046,65,102100,438,17000,155,59500,780,8500,478,10200
2018/9/20,5012,234,89,87900,437,14600,168,51200,818,7300,506,8700
2018/9/21,5013,681,127,83200,482,13800,164,48500,979,6900,355,8300
2018/9/24,5014,240,77,102300,551,17000,159,59600,1007,8500,359,10200
2018/9/25,5015,365,47,127500,337,21200,128,74300,657,10600,293,12700
2018/9/26,5016,763,58,108900,408,18100,147,63500,769,9000,380,10800
2018/9/27,5017,026,54,114000,369,19000,118,66500,720,9500,600,11400
2018/9/28,5018,669,65,108000,228,36000,171,72000,270,18000,481,10800
2018/10/1,5019,942,65,99100,651,16500,125,57800,1314,8200,517,9900
2018/10/2,5020,461,56,104600,453,17400,139,61000,912,8700,343,10400
2018/10/3,5021,877,50,122400,218,40800,109,81600,286,20400,394,12200
2018/10/4,5022,449,56,100800,225,33600,181,67200,230,16800,437,10000
2018/10/5,5023,233,72,103000,251,34300,106,68600,312,17100,695,10300
2018/10/8,5024,361,91,87200,680,14500,190,50800,1050,7200,393,8700
2018/10/9,5025,368,76,83200,430,13800,211,48500,805,6900,445,8300
2018/10/10,5026,131,67,90400,262,30100,158,60200,417,15000,402,9000
2018/10/11,5027,046,51,107900,395,17900,167,62900,698,8900,378,10700
2018/10/12,5028,046,79,100700,376,16700,177,58700,804,8300,355,10000
2018/10/15,5029,352,74,94000,723,15600,183,54800,1386,7800,561,9400
2018/10/16,5030,870,71,98700,417,16400,179,57500,886,8200,416,9800
2018/10/17,5031,271,92,58700,815,9700,335,34200,1686,4800,567,5800
2018/10/18,5032,083,116,83300,455,13800,192,48500,1016,6900,418,8300
2018/10/19,5033,930,69,95500,493,15900,202,55700,958,7900,447,9500
2018/10/22,5034,098,100,71700,866,11900,234,41800,1716,5900,776,7100
2018/10/23,5035,012,56,103800,500,17300,146,60500,851,8600,371,10300
2018/10/24,5036,049,72,97200,432,16200,187,56700,902,8100,315,9700
2018/10/25,5037,594,93,73700,535,12200,314,42900,996,6100,494,7300
2018/10/26,5038,244,88,89900,276,29900,184,59900,317,14900,674,8900
2018/10/29,5039,453,108,85300,786,14200,210,49700,1263,7100,476,8500
2018/10/30,5040,546,56,83400,686,13900,195,48600,1007,6900,499,8300
2018/10/31,5041,379,73,102500,409,17000,194,59700,698,8500,436,10200
2018/11/1,5042,458,77,94300,425,15700,207,55000,769,7800,519,9400
2018/11/2,5043,115,102,88800,240,29600,235,59200,277,14800,431,8800
2018/11/5,5044,735,97,82100,912,13600,188,47800,1538,6800,423,8200
2018/11/6,5045,350,66,94900,422,15800,189,55300,889,7900,382,9400
2018/11/7,5046,142,39,108500,581,18000,117,63200,1087,9000,396,10800
2018/11/8,5047,343,76,107100,239,35700,125,71400,303,17800,404,10700
2018/11/9,5048,209,77,95900,478,15900,187,55900,831,7900,493,9500
2018/11/12,5049,132,121,63300,1047,10500,324,36900,1730,5200,565,6300
2018/11/13,5050,309,103,77200,495,12800,269,45000,880,6400,336,7700
2018/11/14,5051,281,56,96800,527,16100,152,56400,1123,8000,351,9600
2018/11/15,5052,105,94,79600,528,13200,264,46400,961,6600,344,7900
2018/11/16,5053,800,66,93000,237,31000,157,62000,265,15500,1084,9300
2018/11/19,5054,775,89,134700,182,44900,128,89800,188,22400,487,13400
2018/11/20,5055,476,54,99700,442,16600,152,58100,951,8300,447,9900
2018/11/21,5056,885,59,124200,195,41400,120,82800,247,20700,376,12400
2018/11/22,5057,589,107,75900,439,12600,294,44200,833,6300,438,7500
2018/11/23,5058,275,48,102700,488,17100,170,59900,895,8500,343,10200
2018/11/26,5059,196,74,96400,593,16000,206,56200,1241,8000,508,9600
2018/11/27,5060,948,52,111200,604,18500,97,64800,709,9200,467,11100
2018/11/28,5061,987,41,98400,538,16400,139,57400,1094,8200,558,9800
2018/11/29,5062,405,114,78200,449,13000,256,45600,916,6500,351,7800
2018/11/30,5063,285,106,74200,651,12300,256,43200,1236,6100,424,7400
2018/12/3,5064,313,121,84000,358,28000,243,56000,388,14000,531,8400
2018/12/4,5065,921,80,67500,656,11200,270,39300,1275,5600,523,6700
2018/12/5,5066,009,67,97700,239,32500,173,65100,334,16200,484,9700
2018/12/6,5067,295,91,90900,381,15100,169,53000,843,7500,450,9000
2018/12/7,5068,223,115,74200,373,24700,237,49400,349,12300,469,7400
2018/12/10,5069,991,70,109700,309,36500,154,73100,457,18200,404,10900
2018/12/11,5070,656,45,129800,180,43200,106,86500,256,21600,438,12900
2018/12/12,5071,304,55,117400,355,19500,159,68400,741,9700,295,11700
2018/12/13,5072,136,105,76400,594,12700,198,44500,1086,6300,519,7600
2018/12/14,5073,922,60,94100,273,31300,243,62700,351,15600,584,9400
2018/12/17,5074,234,128,76000,821,12600,322,44300,1225,6300,528,7600
2018/12/18,5075,643,92,80100,644,13300,190,46700,1259,6600,505,8000
2018/12/19,5076,871,74,87900,599,14600,184,51200,1296,7300,520,8700
2018/12/20,5077,600,49,147100,180,49000,89,98000,222,24500,557,14700
2018/12/21,5078,100,93,100600,252,33500,155,67000,273,16700,746,10000
2018/12/24,5079,329,148,68400,757,11400,352,39900,1271,5700,534,6800
2018/12/25,5080,442,68,120000,247,40000,108,80000,354,20000,402,12000
2018/12/26,5081,644,79,108300,254,36100,133,72200,257,18000,672,10800
2018/12/27,5082,080,61,124400,254,41400,131,82900,331,20700,393,12400
2018/12/28,5083,234,96,89300,661,14800,269,52000,1032,7400,513,8900
2019/1/4,5084,804,65,111900,593,18600,232,65200,967,9300,602,11100
2019/1/7,5085,755,119,92400,366,30800,207,61600,463,15400,807,9200
2019/1/8,5086,088,69,94100,357,31300,145,62700,431,15600,518,9400
2019/1/9,5087,733,84,94700,283,31500,124,63100,371,15700,816,9400
2019/1/10,5088,654,59,108600,558,18100,138,63300,1024,9000,430,10800
2019/1/11,5089,953,66,112500,498,18700,142,65600,1033,9300,451,11200
2019/1/14,5090,650,46,147700,417,24600,122,86100,793,12300,388,14700
2019/1/15,5091,608,78,101400,383,16900,193,59100,783,8400,445,10100
2019/1/16,5092,704,71,101600,417,16900,225,59200,704,8400,407,10100
2019/1/17,5093,162,74,87200,607,14500,168,50800,1260,7200,583,8700
2019/1/18,5094,616,126,75800,343,25200,225,50500,357,12600,652,7500
2019/1/21,5095,702,109,95900,628,15900,214,55900,1057,7900,443,9500
2019/1/22,5096,637,40,119400,431,19900,123,69600,719,9900,551,11900
2019/1/23,5097,249,52,105000,481,17500,156,61200,905,8700,586,10500
2019/1/24,5098,547,57,113800,421,18900,138,66300,813,9400,415,11300
2019/1/25,5099,079,65,110400,447,18400,158,64400,940,9200,524,11000
2019/1/28,5100,647,117,92600,589,15400,252,54000,946,7700,515,9200
2019/1/29,5101,596,72,100200,415,16700,190,58400,788,8300,491,10000
2019/1/30,5102,603,129,75200,556,12500,265,43800,992,6200,433,7500
2019/1/31,5103,210,96,88800,485,14800,188,51800,837,7400,517,8800
2019/2/1,5104,049,85,87400,531,14500,259,50900,945,7200,459,8700
2019/2/4,5105,766,63,127300,224,42400,107,84800,276,21200,1055,12700
2019/2/5,5106,322,84,83800,333,27900,162,55800,402,13900,659,8300
2019/2/6,5107,660,128,71600,323,23800,239,47700,433,11900,374,7100
2019/2/7,5108,626,115,77600,280,25800,254,51700,258,12900,505,7700
2019/2/8,5109,684,51,108600,535,18100,136,63300,1069,9000,502,10800
2019/2/11,5110,077,93,108500,238,36100,135,72300,321,18000,608,10800
2019/2/12,5111,882,57,117200,237,39000,115,78100,290,19500,285,11700
2019/2/13,5112,087,80,90600,508,15100,169,52800,989,7500,480,9000
2019/2/14,5113,446,78,98700,240,32900,145,65800,294,16400,558,9800
2019/2/15,5114,771,86,100100,308,33300,188,66700,339,16600,500,10000
2019/2/18,5115,878,96,82700,559,27500,218,55100,566,13700,604,8200
2019/2/19,5116,991,107,71400,418,23800,203,47600,564,11900,381,7100
2019/2/20,5117,956,30,163300,320,27200,103,95200,591,13600,469,16300
2019/2/21,5118,831,110,73400,588,12200,296,42800,1287,6100,442,7300
2019/2/22,5119,672,77,97300,595,16200,177,56700,1079,8100,481,9700
2019/2/25,5120,661,174,72700,424,24200,298,48400,427,12100,543,7200
2019/2/26,5121,635,42,118900,461,19800,123,69300,872,9900,543,11800
2019/2/27,5122,663,89,83200,334,27700,228,55400,387,13800,507,8300
2019/2/28,5123,366,118,68200,404,22700,164,45400,607,11300,878,6800
2019/3/1,5124,958,60,127800,413,21300,132,74500,885,10600,507,12700
2019/3/4,5125,123,235,54800,936,9100,444,31900,1337,4500,607,5400
2019/3/5,5126,892,50,120500,447,20000,122,70200,961,10000,412,12000
2019/3/6,5127,637,69,94400,502,15700,199,55000,1019,7800,471,9400
2019/3/7,5128,757,47,127100,229,42300,118,84700,272,21100,450,12700
2019/3/8,5129,097,57,124300,490,20700,127,72500,847,10300,448,12400
2019/3/11,5130,302,123,86600,621,14400,294,50500,1027,7200,486,8600
2019/3/12,5131,030,67,95300,314,31700,163,63500,325,15800,511,9500
2019/3/13,5132,413,99,69800,646,11600,300,40700,1076,5800,678,6900
2019/3/14,5133,449,52,104000,262,34600,171,69300,261,17300,547,10400
2019/3/15,5134,652,60,110400,515,18400,135,64400,1049,9200,465,11000
2019/3/18,5135,631,145,68300,986,11300,274,39800,1630,5600,583,6800
2019/3/19,5136,998,57,116000,227,38600,148,77300,242,19300,397,11600
2019/3/20,5137,431,50,126600,428,21100,105,73800,839,10500,381,12600
2019/3/21,5138,378,68,95900,467,15900,172,55900,833,7900,432,9500
2019/3/22,5139,148,44,105300,539,17500,159,61400,1146,8700,478,10500
2019/3/25,5140,887,148,83500,387,27800,215,55600,379,13900,613,8300
2019/3/26,5141,556,92,85400,268,28400,212,56900,291,14200,549,8500
2019/3/27,5142,247,93,76800,588,12800,208,44800,1207,6400,648,7600
2019/3/28,5143,967,58,105300,455,17500,126,61400,855,8700,718,10500
2019/3/29,5144,960,43,111200,498,18500,168,64800,1112,9200,379,11100
2019/4/1,5145,373,133,91500,336,30500,219,61000,326,15200,559,9100
2019/4/2,5146,502,62,107700,401,17900,168,62800,723,8900,446,10700
2019/4/3,5147,942,42,115900,599,19300,91,67600,912,9600,456,11500
2019/4/4,5148,391,66,92300,595,15300,160,53800,1214,7600,367,9200
2019/4/5,5149,699,63,98500,314,32800,152,65600,294,16400,780,9800
2019/4/8,5150,169,88,80100,765,13300,254,46700,1370,6600,709,8000
2019/4/9,5151,745,61,115400,386,19200,123,67300,668,9600,536,11500
2019/4/10,5152,511,79,81100,282,27000,188,54000,339,13500,666,8100
2019/4/11,5153,026,44,121500,403,20200,121,70800,838,10100,468,12100
2019/4/12,5154,906,77,81200,587,13500,240,47300,1095,6700,539,8100
2019/4/15,5155,167,97,94800,688,15800,229,55300,1235,7900,497,9400
2019/4/16,5156,607,83,85400,525,14200,242,49800,1064,7100,475,8500
2019/4/17,5157,765,60,100500,565,16700,173,58600,1072,8300,434,10000
2019/4/18,5158,145,46,109100,553,18100,143,63600,1141,9000,417,10900
2019/4/19,5159,984,61,100800,472,16800,209,58800,931,8400,750,10000
2019/4/22,5160,764,82,94100,686,15600,161,54800,1245,7800,963,9400
2019/4/23,5161,452,75,90600,570,15100,156,52800,1241,7500,437,9000
2019/4/24,5162,152,63,94300,614,15700,139,55000,1315,7800,401,9400
2019/4/25,5163,830,130,70600,602,11700,299,41100,1141,5800,578,7000
2019/4/26,5164,166,79,103500,310,34500,160,69000,340,17200,585,10300
2019/4/29,5165,746,86,91300,547,15200,207,53200,915,7600,874,9100
2019/4/30,5166,619,111,70700,573,11700,304,41200,1008,5800,484,7000
2019/5/1,5167,335,82,110000,235,36600,167,73300,240,18300,352,11000
2019/5/2,5168,992,35,142900,193,47600,109,95200,282,23800,307,14200
2019/5/3,5169,349,68,85300,579,14200,208,49700,965,7100,609,8500
2019/5/6,5170,265,79,100100,673,16600,141,58300,1248,8300,480,10000
2019/5/7,5171,705,86,71600,644,11900,243,41700,1054,5900,577,7100
2019/5/8,5172,451,57,99000,529,16500,150,57700,1013,8200,503,9900
2019/5/9,5173,983,62,102200,514,17000,116,59600,1120,8500,466,10200
2019/5/10,5174,776,68,102800,285,34200,159,68500,290,17100,608,10200
2019/5/13,5175,482,65,115200,661,19200,145,67200,1127,9600,347,11500
2019/5/14,5176,856,64,97600,444,16200,170,56900,849,8100,456,9700
2019/5/15,5177,314,135,69800,495,11600,311,40700,912,5800,557,6900
2019/5/16,5178,129,110,67500,566,11200,322,39300,1065,5600,527,6700
2019/5/17,5179,647,105,81100,525,13500,215,47300,978,6700,678,8100
2019/5/20,5180,025,83,84000,865,14000,175,49000,1498,7000,577,8400
2019/5/21,5181,193,86,77500,451,12900,239,45200,947,6400,499,7700
2019/5/22,5182,522,300,31200,688,10400,664,20800,568,5200,724,3100
2019/5/23,5183,381,59,88700,579,14700,165,51700,1218,7300,323,8800
2019/5/24,5184,682,69,107500,522,17900,125,62700,1150,8900,295,10700
2019/5/27,5185,718,121,74400,675,12400,254,43400,1177,6200,906,7400
2019/5/28,5186,077,34,132200,213,44000,96,88100,246,22000,465,13200
2019/5/29,5187,779,69,105000,263,35000,139,70000,298,17500,368,10500
2019/5/30,5188,731,96,68500,667,11400,256,39900,1282,5700,578,6800
2019/5/31,5189,943,133,65200,556,10800,374,38000,1022,5400,520,6500
2019/6/3,5190,383,65,130700,264,43500,138,87100,295,21700,391,13000
2019/6/4,5191,755,65,113000,222,37600,94,75300,247,18800,582,11300
2019/6/5,5192,342,47,105800,520,17600,104,61700,1125,8800,497,10500
2019/6/6,5193,856,53,108700,383,18100,156,63400,791,9000,518,10800
2019/6/7,5194,397,61,105500,396,17500,165,61500,826,8700,461,10500
2019/6/10,5195,814,123,86900,653,14400,213,50600,1032,7200,442,8600
2019/6/11,5196,080,39,123500,262,41100,120,82300,222,20500,373,12300
2019/6/12,5197,246,148,63600,526,10600,295,37100,1042,5300,528,6300
2019/6/13,5198,560,105,96800,355,16100,175,56400,635,8000,356,9600
2019/6/14,5199,683,88,86300,725,14300,187,50300,1401,7100,371,8600
2019/6/17,5200,226,167,69800,475,23200,310,46500,495,11600,518,6900
2019/6/18,5201,055,61,113900,253,37900,117,75900,295,18900,452,11300
2019/6/19,5202,377,82,105100,268,35000,111,70000,314,17500,486,10500
2019/6/20,5203,942,41,113900,463,18900,129,66400,941,9400,499,11300
2019/6/21,5204,180,42,91900,662,15300,189,53600,1486,7600,365,9100
2019/6/24,5205,011,113,86800,430,28900,146,57800,488,14400,670,8600
2019/6/25,5206,957,49,118500,430,19700,152,69100,718,9800,367,11800
2019/6/26,5207,720,107,93600,460,15600,197,54600,785,7800,369,9300
2019/6/27,5208,928,102,73400,491,12200,270,42800,852,6100,740,7300
2019/6/28,5209,202,100,91100,316,30300,176,60700,369,15100,441,9100
2019/7/1,5210,937,55,125800,488,20900,143,73300,807,10400,625,12500
2019/7/2,5211,214,91,80500,546,13400,247,46900,930,6700,431,8000
2019/7/3,5212,297,61,88000,645,14600,160,51300,1329,7300,377,8800
2019/7/4,5213,951,41,132300,399,22000,104,77100,781,11000,374,13200
2019/7/5,5214,782,82,81700,624,13600,241,47600,1357,6800,443,8100
2019/7/8,5215,458,92,95500,535,15900,268,55700,886,7900,603,9500
2019/7/9,5216,739,50,94800,454,15800,167,55300,892,7900,778,9400
2019/7/10,5217,763,61,99800,442,16600,165,58200,893,8300,645,9900
2019/7/11,5218,736,68,94700,472,15700,153,55200,873,7800,760,9400
2019/7/12,5219,273,85,73600,785,12200,206,42900,1648,6100,628,7300
2019/7/15,5220,047,94,106900,424,17800,138,62300,753,8900,817,10600
2019/7/16,5221,502,71,110400,462,18400,192,64400,828,9200,334,11000
2019/7/17,5222,042,100,90000,507,15000,200,52500,1177,7500,559,9000
2019/7/18,5223,808,97,97000,250,32300,212,64600,312,16100,346,9700
2019/7/19,5224,503,86,96400,461,16000,248,56200,939,8000,381,9600
2019/7/22,5225,060,60,139000,260,46300,152,92600,300,23100,418,13900
2019/7/23,5226,463,71,91300,545,15200,197,53200,1183,7600,343,9100
2019/7/24,5227,799,69,113200,281,37700,97,75400,270,18800,607,11300
2019/7/25,5228,064,41,121000,440,20100,130,70500,1031,10000,371,12100
2019/7/26,5229,519,97,89300,467,14800,271,52000,853,7400,493,8900
2019/7/29,5230,477,64,133900,224,44600,139,89200,271,22300,591,13300
2019/7/30,5231,195,58,122400,355,20400,134,71400,711,10200,377,12200
2019/7/31,5232,980,68,90600,560,15100,177,52800,1393,7500,318,9000
2019/8/1,5233,079,65,101000,472,16800,188,58900,973,8400,367,10100
2019/8/2,5234,791,77,81800,641,13600,225,47700,1383,6800,474,8100
2019/8/5,5235,687,62,116600,540,19400,155,68000,960,9700,627,11600
2019/8/6,5236,912,70,86900,493,14400,229,50600,1013,7200,333,8600
2019/8/7,5237,975,73,104200,412,17300,157,60700,861,8600,413,10400
2019/8/8,5238,859,65,94200,485,15700,167,54900,1008,7800,569,9400
2019/8/9,5239,613,95,79500,525,13200,273,46300,1201,6600,457,7900
2019/8/12,5240,596,61,105900,494,17600,204,61700,853,8800,471,10500
2019/8/13,5241,426,91,73300,543,12200,233,42700,971,6100,494,7300
2019/8/14,5242,882,61,111000,229,37000,108,74000,312,18500,441,11100
2019/8/15,5243,557,51,118100,208,39300,139,78700,190,19600,466,11800
2019/8/16,5244,254,47,108300,499,18000,168,63100,1168,9000,418,10800
2019/8/19,5245,009,76,102200,378,34000,168,68100,445,17000,651,10200
2019/8/20,5246,554,102,91500,241,30500,217,61000,239,15200,278,9100
2019/8/21,5247,430,68,109400,378,18200,175,63800,727,9100,436,10900
2019/8/22,5248,297,57,102900,466,17100,148,60000,1102,8500,456,10200
2019/8/23,5249,633,62,103300,284,34400,137,68800,361,17200,771,10300
2019/8/26,5250,848,79,117000,237,39000,160,78000,298,19500,814,11700
2019/8/27,5251,680,44,127400,427,21200,119,74300,764,10600,329,12700
2019/8/28,5252,246,108,69200,602,11500,287,40300,1075,5700,588,6900
2019/8/29,5253,856,83,86600,467,14400,242,50500,927,7200,573,8600
2019/8/30,5254,043,57,131100,392,21800,125,76400,771,10900,442,13100
2019/9/2,5255,971,111,79300,854,13200,221,46200,1696,6600,731,7900
2019/9/3,5256,874,98,97500,436,16200,157,56800,886,8100,417,9700
2019/9/4,5257,012,71,112700,402,18700,147,65700,806,9300,413,11200
2019/9/5,5258,773,99,98100,254,32700,177,65400,279,16300,341,9800
2019/9/6,5259,489,53,110500,431,18400,168,64400,890,9200,556,11000
2019/9/9,5260,032,94,98500,624,16400,186,57400,1087,8200,607,9800
2019/9/10,5261,557,77,98200,241,32700,174,65400,238,16300,478,9800
2019/9/11,5262,169,55,82000,569,13600,222,47800,1216,6800,562,8200
2019/9/12,5263,304,62,103100,440,17100,175,60100,842,8500,410,10300
2019/9/13,5264,910,115,77300,476,12800,306,45000,960,6400,498,7700
2019/9/16,5265,133,68,107300,275,35700,130,71500,442,17800,627,10700
2019/9/17,5266,323,105,86000,235,28600,190,57300,248,14300,599,8600
2019/9/18,5267,786,50,111800,414,18600,109,65200,911,9300,545,11100
2019/9/19,5268,583,80,71700,700,11900,220,41800,1586,5900,368,7100
2019/9/20,5269,240,44,112900,469,18800,152,65800,1017,9400,386,11200
2019/9/23,5270,825,144,70900,673,11800,278,41300,1064,5900,607,7000
2019/9/24,5271,069,66,99900,435,16600,160,58200,832,8300,336,9900
2019/9/25,5272,665,66,135700,190,45200,102,90400,222,22600,329,13500
2019/9/26,5273,876,53,123300,408,20500,105,71900,791,10200,442,12300
2019/9/27,5274,286,58,98000,546,16300,186,57100,1044,8100,470,9800
2019/9/30,5275,766,57,122000,251,40600,138,81300,306,20300,779,12200
2019/10/1,5276,597,64,103500,428,17200,147,60300,920,8600,558,10300
2019/10/2,5277,715,104,74000,489,12300,323,43100,1032,6100,444,7400
2019/10/3,5278,635,60,96100,512,16000,183,56000,940,8000,464,9600
2019/10/4,5279,705,70,103600,429,17200,222,60400,776,8600,399,10300
2019/10/7,5280,902,85,110600,547,18400,181,64500,951,9200,426,11000
2019/10/8,5281,764,50,117000,391,19500,119,68200,925,9700,393,11700
2019/10/9,5282,361,48,96700,528,16100,175,56400,1151,8000,400,9600
2019/10/10,5283,191,54,99500,334,33100,115,66300,531,16500,373,9900
2019/10/11,5284,207,42,114300,439,19000,169,66600,858,9500,348,11400
2019/10/14,5285,163,119,71700,603,11900,286,41800,1178,5900,439,7100
2019/10/15,5286,393,84,88000,371,29300,193,58600,435,14600,485,8800
2019/10/16,5287,984,48,120600,448,20100,150,70300,989,10000,473,12000
2019/10/17,5288,814,68,93500,520,15500,254,54500,962,7700,476,9300
2019/10/18,5289,776,88,97600,284,32500,213,65000,304,16200,490,9700
2019/10/21,5290,808,123,99700,306,33200,239,66400,313,16600,538,9900
2019/10/22,5291,158,56,95200,466,15800,174,55500,941,7900,707,9500
2019/10/23,5292,822,95,84700,303,28200,189,56400,407,14100,654,8400
2019/10/24,5293,530,101,97900,367,16300,189,57100,780,8100,407,9700
2019/10/25,5294,175,96,85600,504,14200,215,49900,1086,7100,524,8500
2019/10/28,5295,762,84,99400,781,16500,187,57900,1352,8200,457,9900
2019/10/29,5296,716,74,81600,494,13600,294,47600,909,6800,481,8100
2019/10/30,5297,920,85,103000,417,17100,211,60000,811,8500,346,10300
2019/10/31,5298,134,70,93100,547,15500,194,54300,1045,7700,574,9300
2019/11/1,5299,317,113,63600,743,10600,390,37100,1490,5300,659,6300
2019/11/4,5300,465,66,111400,622,18500,204,64900,962,9200,397,11100
2019/11/5,5301,601,81,105600,425,17600,190,61600,925,8800,472,10500
2019/11/6,5302,219,86,68400,763,11400,351,39900,1416,5700,598,6800
2019/11/7,5303,612,128,67900,723,11300,299,39600,1625,5600,394,6700
2019/11/8,5304,153,78,71100,938,11800,261,41400,1984,5900,518,7100
2019/11/11,5305,544,126,80600,478,26800,232,53700,402,13400,1196,8000
2019/11/12,5306,961,50,98500,581,16400,165,57400,1287,8200,358,9800
2019/11/13,5307,828,175,76800,202,25600,249,51200,260,12800,541,7600
2019/11/14,5308,831,89,66700,712,11100,292,38900,1572,5500,473,6600
2019/11/15,5309,818,122,80200,280,26700,268,53400,294,13300,600,8000
2019/11/18,5310,275,94,79800,858,13300,277,46500,1549,6600,511,7900
2019/11/19,5311,695,36,126700,420,21100,133,73900,841,10500,337,12600
2019/11/20,5312,363,62,100800,295,33600,173,67200,304,16800,501,10000
2019/11/21,5313,204,66,105200,452,17500,163,61300,938,8700,422,10500
2019/11/22,5314,094,81,113400,356,18900,133,66100,897,9400,423,11300
2019/11/25,5315,962,90,91800,747,15300,224,53500,1398,7600,462,9100
2019/11/26,5316,118,125,68500,295,22800,317,45600,366,11400,429,6800
2019/11/27,5317,565,50,137500,191,45800,126,91600,252,22900,354,13700
2019/11/28,5318,491,69,104100,463,17300,140,60700,1044,8600,348,10400
2019/11/29,5319,339,90,85800,330,28600,221,57200,299,14300,730,8500
2019/12/2,5320,448,128,86800,386,28900,259,57800,338,14400,679,8600
2019/12/3,5321,242,60,92400,367,30800,137,61600,600,15400,511,9200
2019/12/4,5322,895,40,132400,416,22000,151,77200,811,11000,301,13200
2019/12/5,5323,340,119,88100,528,14600,222,51300,944,7300,296,8800
2019/12/6,5324,694,83,89400,517,14900,249,52100,1196,7400,429,8900
2019/12/9,5325,869,99,99200,591,16500,222,57800,1020,8200,661,9900
2019/12/10,5326,436,60,88000,593,14600,199,51300,1254,7300,650,8800
2019/12/11,5327,247,80,78200,650,13000,244,45600,1403,6500,666,7800
2019/12/12,5328,844,74,99100,287,33000,141,66000,380,16500,743,9900
2019/12/13,5329,865,83,93800,680,15600,228,54700,1272,7800,529,9300
2019/12/16,5330,491,83,115400,645,19200,198,67300,1205,9600,597,11500
2019/12/17,5331,392,82,84500,662,14000,216,49200,1463,7000,463,8400
2019/12/18,5332,626,93,99500,284,33100,206,66300,319,16500,487,9900
2019/12/19,5333,680,61,111400,476,18500,165,64900,976,9200,561,11100
2019/12/20,5334,325,162,70500,631,11700,372,41100,1172,5800,535,7000
2019/12/23,5335,349,103,87400,857,14500,262,50900,1357,7200,775,8700
2019/12/24,5336,079,62,130700,405,21700,119,76200,886,10800,467,13000
2019/12/25,5337,113,177,67300,356,22400,342,44800,428,11200,572,6700
2019/12/26,5338,914,82,88200,598,14700,275,51400,1050,7300,537,8800
2019/12/27,5339,475,72,103800,574,17300,239,60500,1061,8600,559,10300
2019/12/30,5340,721,246,49500,1191,8200,665,28800,2298,4100,615,4900
2020/1/6,5341,887,78,115200,367,38400,209,76800,441,19200,834,11500
2020/1/7,5342,109,96,87400,501,14500,283,50900,914,7200,427,8700
2020/1/8,5343,527,106,75400,633,12500,270,43900,1099,6200,698,7500
2020/1/9,5344,409,88,101300,459,16800,236,59000,779,8400,382,10100
2020/1/10,5345,785,48,105800,578,17600,181,61700,1175,8800,592,10500
2020/1/13,5346,705,112,94500,558,15700,297,55100,919,7800,543,9400
2020/1/14,5347,428,110,78200,586,13000,286,45600,955,6500,495,7800
2020/1/15,5348,565,40,141100,227,47000,111,94000,285,23500,511,14100
2020/1/16,5349,592,55,107600,503,17900,158,62700,1206,8900,448,10700
2020/1/17,5350,626,79,96500,289,32100,215,64300,299,16000,652,9600
2020/1/20,5351,485,83,109200,639,18200,209,63700,1077,9100,481,10900
2020/1/21,5352,069,47,101900,504,16900,179,59400,1056,8400,553,10100
2020/1/22,5353,444,289,117000,0,0,0,0,0,0,848,11700
2020/1/23,5354,366,40,122300,235,40700,130,81500,261,20300,647,12200
2020/1/24,5355,629,107,74500,717,12400,330,43400,1221,6200,746,7400
2020/1/27,5356,345,160,71900,745,11900,405,41900,1022,5900,780,7100
2020/1/28,5357,002,50,158300,148,52700,82,105500,241,26300,438,15800
2020/1/29,5358,312,101,64800,956,10800,292,37800,1696,5400,485,6400
2020/1/30,5359,472,63,95500,624,15900,172,55700,1258,7900,420,9500
2020/1/31,5360,436,59,87000,694,14500,238,50700,1350,7200,646,8700
2020/2/3,5361,272,98,84800,570,28200,188,56500,783,14100,448,8400
2020/2/4,5362,514,110,79800,512,13300,285,46500,979,6600,497,7900
2020/2/5,5363,108,142,70700,579,11700,351,41200,1067,5800,439,7000
2020/2/6,5364,577,59,112300,261,37400,122,74800,374,18700,497,11200
2020/2/7,5365,433,100,105800,226,35200,134,70500,311,17600,641,10500
2020/2/10,5366,516,118,86800,643,14400,311,50600,1062,7200,556,8600
2020/2/11,5367,720,80,87500,461,14500,242,51000,884,7200,390,8700
2020/2/12,5368,503,76,100400,404,16700,206,58500,837,8300,437,10000
2020/2/13,5369,123,148,50900,957,8400,425,29600,1706,4200,537,5000
2020/2/14,5370,006,55,137900,235,45900,137,91900,306,22900,486,13700
2020/2/17,5371,005,92,121000,294,40300,159,80600,324,20100,633,12100
2020/2/18,5372,386,58,104400,451,17400,208,60900,953,8700,393,10400
2020/2/19,5373,461,96,89100,563,14800,200,51900,1173,7400,510,8900
2020/2/20,5374,518,153,70300,579,11700,325,41000,959,5800,571,7000
2020/2/21,5375,206,65,104200,477,17300,250,60700,954,8600,429,10400
2020/2/24,5376,996,88,106700,315,35500,186,71100,366,17700,575,10600
2020/2/25,5377,445,65,115200,201,38400,184,76800,238,19200,409,11500
2020/2/26,5378,528,116,70500,608,11700,337,41100,1089,5800,533,7000
2020/2/27,5379,907,53,106200,468,17700,201,61900,829,8800,597,10600
2020/2/28,5380,780,75,113900,467,18900,172,66400,979,9400,469,11300
2020/3/2,5381,843,77,117300,536,19500,185,68400,1028,9700,518,11700
2020/3/3,5382,178,106,80500,496,13400,282,46900,934,6700,561,8000
2020/3/4,5383,452,78,91800,533,15300,144,53500,1171,7600,783,9100
2020/3/5,5384,073,51,110300,517,18300,122,64300,1138,9100,489,11000
2020/3/6,5385,162,59,92800,689,15400,179,54100,1622,7700,414,9200
2020/3/9,5386,921,149,73100,800,12100,310,42600,1566,6000,586,7300
2020/3/10,5387,372,100,71700,640,11900,237,41800,1388,5900,552,7100
2020/3/11,5388,168,117,72000,542,12000,336,42000,1099,6000,633,7200
2020/3/12,5389,233,67,105500,286,35100,130,70300,377,17500,621,10500
2020/3/13,5390,504,100,75500,693,12500,319,44000,1264,6200,514,7500
2020/3/16,5391,983,49,127300,539,21200,144,74200,1147,10600,490,12700
2020/3/17,5392,679,79,90200,463,15000,249,52600,839,7500,437,9000
2020/3/18,5393,738,94,79100,526,13100,239,46100,1126,6500,759,7900
2020/3/19,5394,376,66,90900,598,15100,206,53000,1157,7500,518,9000
2020/3/20,5395,397,69,76300,682,12700,278,44500,1196,6300,612,7600
2020/3/23,5396,063,90,102200,608,17000,160,59600,1224,8500,756,10200
2020/3/24,5397,477,34,127900,200,42600,141,85200,235,21300,619,12700
2020/3/25,5398,509,94,88800,462,14800,251,51800,945,7400,534,8800
2020/3/26,5399,930,121,88300,511,14700,201,51500,954,7300,413,8800
2020/3/27,5400,938,43,120700,501,20100,141,70400,1017,10000,439,12000
2020/3/30,5401,574,80,103900,693,17300,169,60600,1034,8600,599,10300
2020/3/31,5402,724,127,59300,603,9800,323,34500,1152,4900,1226,5900
2020/4/1,5403,176,43,113500,488,18900,139,66200,996,9400,402,11300
2020/4/2,5404,010,69,128500,191,42800,140,85600,206,21400,412,12800
2020/4/3,5405,802,80,94400,455,15700,237,55000,997,7800,560,9400
2020/4/6,5406,602,99,109000,504,18100,190,63500,894,9000,434,10900
2020/4/7,5407,221,121,81600,312,27200,175,54400,399,13600,463,8100
2020/4/8,5408,925,114,76600,441,12700,293,44600,811,6300,562,7600
2020/4/9,5409,505,90,103700,197,34500,133,69100,234,17200,380,10300
2020/4/10,5410,182,41,97600,532,16200,161,56900,1149,8100,452,9700
2020/4/13,5411,684,60,107200,435,17800,152,62500,912,8900,372,10700
2020/4/14,5412,909,77,90300,226,30100,174,60200,215,15000,386,9000
2020/4/15,5413,962,26,122700,462,20400,116,71500,1021,10200,344,12200
2020/4/16,5414,010,54,138900,174,46300,103,92600,217,23100,354,13800
2020/4/17,5415,391,68,89400,570,14900,179,52100,1240,7400,445,8900
2020/4/20,5416,950,37,123700,431,20600,112,72100,853,10300,576,12300
2020/4/21,5417,889,60,101500,209,33800,134,67600,217,16900,449,10100
2020/4/22,5418,489,54,99500,361,16500,164,58000,830,8200,330,9900
2020/4/23,5419,804,64,79900,439,13300,231,46600,777,6600,433,7900
2020/4/24,5420,654,34,128600,315,21400,96,75000,681,10700,404,12800
2020/4/27,5421,867,41,110300,308,18300,144,64300,714,9100,421,11000
2020/4/28,5422,843,33,117600,271,19600,98,68600,572,9800,441,11700
2020/4/29,5423,457,33,105100,334,17500,137,61300,595,8700,324,10500
2020/4/30,5424,054,32,125700,302,20900,76,73300,788,10400,312,12500
2020/5/1,5425,815,70,88300,358,14700,195,51500,740,7300,405,8800
2020/5/4,5426,534,40,106400,376,17700,121,62000,761,8800,382,10600
2020/5/5,5427,809,62,60200,464,10000,273,35100,968,5000,403,6000
2020/5/6,5428,348,81,94400,317,15700,105,55000,590,7800,330,9400
2020/5/7,5429,033,70,87300,205,29100,121,58200,310,14500,492,8700
2020/5/8,5430,278,59,94300,402,15700,150,55000,848,7800,413,9400
2020/5/11,5431,837,57,88900,567,14800,164,51800,1033,7400,585,8800
2020/5/12,5432,996,57,124400,133,41400,101,82900,180,20700,456,12400
2020/5/13,5433,860,37,119800,357,19900,118,69800,750,9900,373,11900
2020/5/14,5434,700,101,70200,294,23400,162,46800,351,11700,854,7000
2020/5/15,5435,325,74,74600,450,12400,310,43500,854,6200,483,7400
2020/5/18,5436,803,131,65300,718,10800,337,38000,1242,5400,488,6500
2020/5/19,5437,162,46,93500,532,15500,152,54500,1168,7700,352,9300
2020/5/20,5438,729,102,68700,532,11400,339,40000,977,5700,447,6800
2020/5/21,5439,684,60,103400,420,17200,171,60300,899,8600,377,10300
2020/5/22,5440,406,75,102600,383,17100,222,59800,764,8500,392,10200
2020/5/25,5441,663,78,118700,298,39500,145,79100,270,19700,610,11800
2020/5/26,5442,178,82,79900,508,13300,273,46600,914,6600,468,7900
2020/5/27,5443,551,106,72700,305,24200,243,48400,398,12100,805,7200
2020/5/28,5444,343,58,129100,192,43000,118,86000,268,21500,417,12900
2020/5/29,5445,892,71,88900,602,14800,186,51800,1316,7400,631,8800
2020/6/1,5446,536,101,86600,705,14400,234,50500,1258,7200,724,8600
2020/6/2,5447,202,62,97300,239,32400,173,64800,319,16200,713,9700
2020/6/3,5448,697,60,115300,382,19200,162,67200,741,9600,541,11500
2020/6/4,5449,432,81,84100,599,14000,191,49000,1212,7000,620,8400
2020/6/5,5450,863,124,67400,737,11200,310,39300,1378,5600,679,6700
2020/6/8,5451,507,117,90800,578,15100,285,52900,928,7500,581,9000
2020/6/9,5452,744,75,105700,243,35200,148,70400,253,17600,586,10500
2020/6/10,5453,774,77,97500,276,32500,165,65000,387,16200,466,9700
2020/6/11,5454,383,61,121300,209,40400,130,80800,256,20200,431,12100
2020/6/12,5455,078,53,120400,432,20000,139,70200,942,10000,525,12000
2020/6/15,5456,712,136,62900,1002,10400,409,36600,2124,5200,626,6200
2020/6/16,5457,826,110,68400,597,11400,370,39900,1087,5700,708,6800
2020/6/17,5458,153,79,86100,717,14300,187,50200,1532,7100,545,8600
2020/6/18,5459,365,74,100700,481,16700,189,58700,871,8300,578,10000
2020/6/19,5460,734,77,81200,642,13500,278,47300,1363,6700,650,8100
2020/6/22,5461,197,84,110200,725,18300,176,64200,1275,9100,562,11000
2020/6/23,5462,988,68,104000,295,34600,142,69300,300,17300,748,10400
2020/6/24,5463,550,51,128900,244,42900,121,85900,286,21400,545,12800
2020/6/25,5464,981,39,107000,628,17800,127,62400,1457,8900,402,10700
2020/6/26,5465,709,103,75900,730,12600,266,44200,1148,6300,964,7500
2020/6/29,5466,801,116,81400,842,13500,287,47400,1555,6700,624,8100
2020/6/30,5467,245,86,90100,556,15000,200,52500,1073,7500,491,9000
2020/7/1,5468,358,376,33600,965,5600,864,19600,1565,2800,674,3300
2020/7/2,5469,510,114,82600,516,13700,287,48100,1005,6800,471,8200
2020/7/3,5470,464,93,112900,257,37600,139,75200,312,18800,625,11200
2020/7/6,5471,337,127,77500,454,25800,252,51600,515,12900,809,7700
2020/7/7,5472,112,112,82100,286,27300,239,54700,425,13600,416,8200
2020/7/8,5473,024,97,88300,518,14700,188,51500,1190,7300,591,8800
2020/7/9,5474,339,102,85100,332,28300,211,56700,301,14100,638,8500
2020/7/10,5475,937,54,119000,522,19800,160,69400,1011,9900,395,11900
2020/7/13,5476,182,61,105100,752,17500,165,61300,1459,8700,562,10500
2020/7/14,5477,738,66,88800,556,14800,209,51800,1111,7400,599,8800
2020/7/15,5478,697,93,94400,506,15700,225,55000,953,7800,529,9400
2020/7/16,5479,699,84,100400,281,33400,150,66900,324,16700,795,10000
2020/7/17,5480,613,86,75400,674,12500,331,43900,1414,6200,581,7500
2020/7/20,5481,350,96,104400,684,17400,177,60900,1198,8700,493,10400
2020/7/21,5482,378,91,81400,485,13500,274,47400,964,6700,656,8100
2020/7/22,5483,637,112,61800,864,10300,378,36000,1517,5100,717,6100
2020/7/23,5484,097,48,115300,441,19200,152,67200,818,9600,518,11500
2020/7/24,5485,224,117,83400,301,27800,228,55600,338,13900,611,8300
2020/7/27,5486,495,74,92300,694,15300,281,53800,1359,7600,458,9200
2020/7/28,5487,008,73,106400,249,35400,134,70900,311,17700,601,10600
2020/7/29,5488,902,78,82900,534,13800,275,48300,1042,6900,622,8200
2020/7/30,5489,555,366,89600,0,0,0,0,0,0,644,8900
2020/7/31,5490,130,102,85600,549,14200,241,49900,1133,7100,428,8500
2020/8/3,5491,009,147,76000,429,25300,253,50600,480,12600,835,7600
2020/8/4,5492,113,136,70900,295,23600,282,47200,396,11800,437,7000
2020/8/5,5493,229,101,84700,291,28200,234,56400,319,14100,463,8400
2020/8/6,5494,796,52,108500,478,18000,160,63200,951,9000,499,10800
2020/8/7,5495,332,75,97200,278,32400,205,64800,424,16200,532,9700
2020/8/10,5496,681,102,91600,674,15200,182,53400,1327,7600,510,9100
2020/8/11,5497,871,56,95900,542,15900,162,55900,1231,7900,390,9500
2020/8/12,5498,640,43,135000,316,22500,114,78700,806,11200,530,13500
2020/8/13,5499,998,76,101400,245,33800,180,67600,266,16900,557,10100
2020/8/14,5500,132,83,80700,768,13400,251,47000,1559,6700,517,8000
2020/8/17,5501,946,64,105200,585,17500,216,61300,1100,8700,704,10500
2020/8/18,5502,858,82,89400,324,29800,197,59600,305,14900,573,8900
2020/8/19,5503,884,74,124200,204,41400,124,82800,254,20700,442,12400
2020/8/20,5504,611,118,83500,244,27800,199,55600,366,13900,709,8300
2020/8/21,5505,529,91,88400,480,14700,261,51500,933,7300,564,8800
2020/8/24,5506,317,141,70600,819,11700,332,41100,1487,5800,645,7000
2020/8/25,5507,226,160,60400,337,20100,363,40200,395,10000,573,6000
2020/8/26,5508,687,59,107100,484,17800,159,62400,942,8900,613,10700
2020/8/27,5509,267,69,91000,546,15100,188,53000,1190,7500,574,9100
2020/8/28,5510,930,63,99700,575,16600,198,58100,1089,8300,521,9900
2020/8/31,5511,443,151,81600,345,27200,287,54400,321,13600,659,8100
2020/9/1,5512,838,74,101500,277,33800,161,67600,357,16900,443,10100
2020/9/2,5513,995,66,118600,220,39500,154,79000,303,19700,478,11800
2020/9/3,5514,716,111,77600,498,12900,311,45200,918,6400,450,7700
2020/9/4,5515,445,79,118300,223,39400,167,78800,234,19700,448,11800
2020/9/7,5516,793,76,103500,597,17200,194,60300,1044,8600,533,10300
2020/9/8,5517,948,66,96800,522,16100,173,56400,1000,8000,525,9600
2020/9/9,5518,461,68,99900,515,16600,177,58200,1036,8300,462,9900
2020/9/10,5519,899,71,111200,258,37000,137,74100,323,18500,477,11100
2020/9/11,5520,195,64,106400,500,17700,196,62000,1060,8800,318,10600
2020/9/14,5521,046,105,100600,481,16700,211,58600,978,8300,693,10000
2020/9/15,5522,848,64,100800,283,33600,195,67200,282,16800,411,10000
2020/9/16,5523,927,123,67500,564,11200,363,39300,1133,5600,597,6700
2020/9/17,5524,376,55,95100,549,15800,183,55400,1142,7900,491,9500
2020/9/18,5525,432,82,90900,568,15100,177,53000,1117,7500,715,9000
2020/9/21,5526,240,201,76300,543,12700,265,44500,1044,6300,355,7600
2020/9/22,5527,208,52,103600,336,17200,184,60400,803,8600,515,10300
2020/9/23,5528,365,69,96400,472,16000,206,56200,856,8000,413,9600
2020/9/24,5529,660,161,71800,348,23900,203,47800,392,11900,246,7100
2020/9/25,5530,040,88,96400,309,32100,191,64200,321,16000,270,9600
2020/9/28,5531,932,100,98300,652,16300,148,57300,1285,8100,611,9800
2020/9/29,5532,969,50,110100,294,36700,122,73400,310,18300,513,11000
2020/9/30,5533,130,87,96500,480,16000,172,56200,941,8000,507,9600
2020/10/1,5534,659,60,116600,372,19400,144,68000,734,9700,568,11600
2020/10/2,5535,040,93,121000,220,40300,132,80600,266,20100,400,12100
2020/10/5,5536,160,97,95800,664,15900,207,55800,1236,7900,502,9500
2020/10/6,5537,472,71,82000,559,13600,244,47800,1162,6800,481,8200
2020/10/7,5538,944,58,107200,234,35700,143,71400,324,17800,626,10700
2020/10/8,5539,277,57,95000,282,31600,147,63300,418,15800,510,9500
2020/10/9,5540,820,86,100000,370,16600,204,58300,757,8300,457,10000
2020/10/12,5541,979,72,126000,225,42000,141,84000,346,21000,450,12600
2020/10/13,5542,300,120,85900,258,28600,149,57200,272,14300,602,8500
2020/10/14,5543,424,104,83100,273,27700,206,55400,364,13800,462,8300
2020/10/15,5544,650,56,128200,363,21300,131,74700,811,10600,434,12800
2020/10/16,5545,680,48,107600,521,17900,185,62700,1042,8900,551,10700
2020/10/19,5546,829,117,88600,505,14700,299,51600,941,7300,627,8800
2020/10/20,5547,963,100,63800,729,10600,328,37200,1610,5300,473,6300
2020/10/21,5548,777,429,80900,0,0,0,0,0,0,508,8000
2020/10/22,5549,118,130,64900,288,21600,325,43200,372,10800,597,6400
2020/10/23,5550,846,58,88900,639,14800,210,51800,1225,7400,529,8800
2020/10/26,5551,937,116,82700,731,13700,250,48200,1232,6800,751,8200
2020/10/27,5552,129,114,64800,649,10800,368,37800,1241,5400,434,6400
2020/10/28,5553,862,84,90400,572,15000,161,52700,1267,7500,437,9000
2020/10/29,5554,481,51,101900,570,16900,155,59400,1107,8400,443,10100
2020/10/30,5555,458,58,94800,469,15800,271,55300,885,7900,646,9400
2020/11/2,5556,761,60,125800,564,20900,142,73300,1084,10400,460,12500
2020/11/3,5557,210,86,92200,467,15300,192,53700,856,7600,442,9200
2020/11/4,5558,322,100,73300,349,24400,217,48800,503,12200,703,7300
2020/11/5,5559,993,64,99200,256,33000,196,66100,356,16500,615,9900
2020/11/6,5560,415,112,81200,515,13500,275,47300,1051,6700,499,8100
2020/11/9,5561,174,100,84400,729,14000,236,49200,1689,7000,499,8400
2020/11/10,5562,242,45,114400,259,38100,101,76200,391,19000,638,11400
2020/11/11,5563,287,51,109300,501,18200,134,63700,1132,9100,545,10900
2020/11/12,5564,475,57,92400,600,15400,245,53900,911,7700,617,9200
2020/11/13,5565,922,87,96600,230,32200,264,64400,335,16100,476,9600
2020/11/16,5566,842,92,94600,761,15700,183,55100,1554,7800,471,9400
2020/11/17,5567,136,80,71900,579,11900,275,41900,1386,5900,754,7100
2020/11/18,5568,346,76,91400,470,15200,216,53300,1188,7600,467,9100
2020/11/19,5569,000,345,93000,0,0,0,0,0,0,539,9300
2020/11/20,5570,321,108,61400,819,10200,276,35800,1712,5100,655,6100
2020/11/23,5571,014,75,91200,572,15200,196,53200,1298,7600,574,9100
2020/11/24,5572,998,72,106900,241,35600,132,71200,264,17800,400,10600
2020/11/25,5573,945,60,100800,463,16800,169,58800,925,8400,477,10000
2020/11/26,5574,171,54,95900,319,31900,122,63900,615,15900,380,9500
2020/11/27,5575,282,70,78100,394,26000,234,52000,520,13000,523,7800
2020/11/30,5576,571,75,98600,773,16400,181,57500,1318,8200,382,9800
2020/12/1,5577,659,68,107100,392,17800,217,62400,748,8900,540,10700
2020/12/2,5578,729,98,73000,542,12100,351,42500,1103,6000,550,7300
2020/12/3,5579,275,78,81100,712,13500,225,47300,1265,6700,417,8100
2020/12/4,5580,201,77,108600,518,18100,173,63300,1003,9000,385,10800
2020/12/7,5581,314,215,60100,822,10000,468,35000,1323,5000,514,6000
2020/12/8,5582,898,69,98900,295,32900,162,65900,331,16400,486,9800
2020/12/9,5583,693,85,87300,574,14500,174,50900,1374,7200,400,8700
2020/12/10,5584,823,120,71300,629,11800,306,41500,1238,5900,549,7100
2020/12/11,5585,831,117,64500,727,10700,372,37600,1649,5300,560,6400
2020/12/14,5586,688,195,76000,334,25300,287,50600,324,12600,595,7600
2020/12/15,5587,377,82,105800,273,35200,155,70500,312,17600,545,10500
2020/12/16,5588,364,53,105700,547,17600,151,61600,1138,8800,551,10500
2020/12/17,5589,711,106,84400,308,28100,199,56200,488,14000,507,8400
2020/12/18,5590,017,81,93300,611,15500,205,54400,1284,7700,538,9300
2020/12/21,5591,421,116,74400,901,12400,314,43400,1679,6200,746,7400
2020/12/22,5592,689,98,99100,473,16500,184,57800,868,8200,492,9900
2020/12/23,5593,485,59,117100,472,19500,151,68300,1045,9700,429,11700
2020/12/24,5594,316,148,64700,714,10700,378,37700,1213,5300,504,6400
2020/12/25,5595,588,69,130300,247,43400,152,86800,262,21700,494,13000
2020/12/28,5596,925,183,72200,839,12000,409,42100,1199,6000,657,7200
2020/12/29,5597,439,87,75600,668,12600,317,44100,1224,6300,834,7500
2020/12/30,5598,013,98,88900,675,14800,201,51800,1488,7400,530,8800
2021/1/4,5599,489,139,93000,474,15500,240,54200,929,7700,426,9300
2021/1/5,5600,715,133,69400,620,11500,343,40400,1128,5700,566,6900
2021/1/6,5601,325,139,65300,613,10800,392,38000,1107,5400,462,6500
2021/1/7,5602,762,73,99100,511,16500,132,57800,1164,8200,502,9900
2021/1/8,5603,229,87,95400,257,31800,199,63600,357,15900,682,9500
2021/1/11,5604,051,81,103400,695,17200,173,60300,1369,8600,496,10300
2021/1/12,5605,197,86,99900,601,16600,187,58200,1162,8300,473,9900
2021/1/13,5606,517,134,75400,687,12500,306,43900,1328,6200,489,7500
2021/1/14,5607,053,48,123400,586,20500,126,71900,1193,10200,388,12300
2021/1/15,5608,740,64,116500,497,19400,173,67900,1011,9700,749,11600
2021/1/18,5609,240,89,106100,950,17600,243,61800,1532,8800,390,10600
2021/1/19,5610,355,119,84400,328,28100,220,56200,340,14000,689,8400
2021/1/20,5611,294,70,93400,619,15500,212,54400,1257,7700,596,9300
2021/1/21,5612,923,115,77600,611,12900,337,45200,1136,6400,556,7700
2021/1/22,5613,635,71,99500,528,16500,211,58000,1058,8200,822,9900
2021/1/25,5614,196,102,88800,781,14800,283,51800,1679,7400,672,8800
2021/1/26,5615,240,70,114500,507,19000,165,66700,995,9500,363,11400
2021/1/27,5616,602,79,105100,477,17500,195,61300,960,8700,612,10500
2021/1/28,5617,951,45,114500,586,19000,157,66700,1286,9500,387,11400
2021/1/29,5618,698,78,113100,476,18800,208,65900,939,9400,578,11300
2021/2/1,5619,514,153,81300,734,13500,389,47400,1345,6700,723,8100
2021/2/2,5620,509,77,92800,619,15400,237,54100,979,7700,636,9200
2021/2/3,5621,398,72,97900,545,16300,242,57100,1126,8100,468,9700
2021/2/4,5622,704,75,112900,430,18800,188,65800,815,9400,511,11200
2021/2/5,5623,281,71,89700,734,14900,208,52300,1678,7400,624,8900
2021/2/8,5624,357,178,65600,1003,10900,412,38200,1625,5400,702,6500
2021/2/9,5625,486,78,78400,788,13000,232,45700,1566,6500,452,7800
2021/2/10,5626,843,74,111900,502,18600,172,65200,900,9300,530,11100
2021/2/11,5627,641,62,97900,540,16300,140,57100,1145,8100,918,9700
2021/2/12,5628,000,301,119800,0,0,0,0,0,0,758,11900
2021/2/15,5629,744,76,135800,281,45200,131,90500,320,22600,758,13500
2021/2/16,5630,785,59,116300,511,19300,162,67800,1032,9600,496,11600
2021/2/17,5631,003,77,141900,189,47300,114,94600,227,23600,464,14100
2021/2/18,5632,912,109,55600,991,9200,427,32400,2078,4600,603,5500
2021/2/19,5633,154,72,115400,557,19200,135,67300,1186,9600,546,11500
2021/2/22,5634,179,82,112100,655,18600,193,65300,1216,9300,855,11200
2021/2/23,5635,862,52,80900,880,13400,202,47100,1610,6700,495,8000
2021/2/24,5636,385,152,51800,1148,8600,465,30200,2020,4300,354,5100
2021/2/25,5637,997,80,127300,210,42400,145,84800,208,21200,578,12700
2021/2/26,5638,298,110,79500,591,13200,337,46300,1220,6600,693,7900
2021/3/1,5639,246,147,69600,1107,11600,405,40600,1613,5800,871,6900
2021/3/2,5640,934,84,97600,543,16200,172,56900,991,8100,567,9700
2021/3/3,5641,291,98,80700,730,13400,253,47000,1548,6700,502,8000
2021/3/4,5642,931,101,78600,762,13100,232,45800,1660,6500,457,7800
2021/3/5,5643,831,127,63900,907,10600,439,37200,1766,5300,415,6300
2021/3/8,5644,097,123,108000,539,18000,187,63000,1062,9000,707,10800
2021/3/9,5645,807,56,96300,636,16000,207,56100,1173,8000,474,9600
2021/3/10,5646,566,132,84200,267,28000,197,56100,317,14000,975,8400
2021/3/11,5647,767,85,91700,342,30500,174,61100,461,15200,511,9100
2021/3/12,5648,759,50,121000,503,20100,171,70500,950,10000,450,12100
2021/3/15,5649,351,164,56800,1551,9400,271,33100,2893,4700,540,5600
2021/3/16,5650,642,99,67100,967,11100,204,39100,1787,5500,674,6700
2021/3/17,5651,881,56,123000,206,41000,160,82000,352,20500,424,12300
2021/3/18,5652,347,84,92300,491,15300,213,53800,1034,7600,592,9200
2021/3/19,5653,989,74,102600,353,34200,169,68400,400,17100,553,10200
2021/3/22,5654,048,81,116100,490,19300,166,67700,1008,9600,664,11600
2021/3/23,5655,369,189,51200,679,8500,523,29800,1132,4200,473,5100
2021/3/24,5656,876,43,116700,532,19400,141,68000,955,9700,525,11600
2021/3/25,5657,548,48,107700,572,17900,184,62800,1007,8900,403,10700
2021/3/26,5658,020,60,121600,224,40500,148,81000,309,20200,694,12100
2021/3/29,5659,574,72,120600,597,20100,157,70300,1063,10000,503,12000
2021/3/30,5660,526,109,79200,594,13200,248,46200,1078,6600,506,7900
2021/3/31,5661,985,58,121600,618,20200,150,70900,1148,10100,511,12100
2021/4/1,5662,655,65,126200,237,42000,99,84100,356,21000,642,12600
2021/4/2,5663,933,82,85200,371,28400,173,56800,474,14200,1081,8500
2021/4/5,5664,415,168,68400,742,11400,450,39900,1269,5700,557,6800
2021/4/6,5665,053,62,114500,506,19000,115,66700,1015,9500,456,11400
2021/4/7,5666,742,117,67300,765,11200,259,39200,1599,5600,656,6700
2021/4/8,5667,611,105,84800,270,28200,189,56500,461,14100,631,8400
2021/4/9,5668,684,127,84700,655,14100,182,49400,1131,7000,581,8400
2021/4/12,5669,178,204,54500,944,9000,531,31700,1853,4500,893,5400
2021/4/13,5670,136,135,65400,744,10900,273,38100,1447,5400,518,6500
2021/4/14,5671,680,77,120500,373,20000,146,70200,831,10000,365,12000
2021/4/15,5672,016,96,107700,556,17900,150,62800,1032,8900,452,10700
2021/4/16,5673,623,129,67800,689,11300,397,39500,1520,5600,649,6700
2021/4/19,5674,750,117,108300,555,18000,177,63100,1131,9000,582,10800
2021/4/20,5675,526,115,81500,545,13500,301,47500,944,6700,477,8100
2021/4/21,5676,258,113,69700,685,11600,357,40600,1216,5800,580,6900
2021/4/22,5677,148,74,91900,656,15300,196,53600,1275,7600,470,9100
2021/4/23,5678,762,102,100400,643,16700,160,58500,1201,8300,499,10000
2021/4/26,5679,109,172,76900,650,12800,375,44800,1242,6400,788,7600
2021/4/27,5680,053,52,117600,498,19600,153,68600,940,9800,412,11700
2021/4/28,5681,537,96,81900,696,13600,213,47700,1317,6800,631,8100
2021/4/29,5682,755,56,101800,304,33900,142,67800,348,16900,588,10100
2021/4/30,5683,050,86,110800,306,36900,184,73800,356,18400,405,11000
2021/5/3,5684,971,95,96400,703,16000,211,56200,1284,8000,502,9600
2021/5/4,5685,465,80,109800,472,18300,140,64000,873,9100,464,10900
2021/5/5,5686,782,104,81700,617,13600,173,47600,1258,6800,533,8100
2021/5/6,5687,475,90,85700,578,14200,246,49900,1035,7100,559,8500
2021/5/7,5688,068,69,120600,462,20100,139,70300,880,10000,645,12000
2021/5/10,5689,860,106,116500,539,19400,186,67900,964,9700,480,11600
2021/5/11,5690,753,139,66300,713,11000,313,38600,1334,5500,456,6600
2021/5/12,5691,265,62,95200,641,15800,177,55500,1306,7900,397,9500
2021/5/13,5692,958,75,89200,620,14800,188,52000,1101,7400,694,8900
2021/5/14,5693,863,105,69300,782,11500,335,40400,1554,5700,664,6900
2021/5/17,5694,615,136,74800,854,12400,338,43600,1357,6200,527,7400
2021/5/18,5695,270,81,91900,531,15300,175,53600,1121,7600,545,9100
2021/5/19,5696,855,84,95500,339,31800,162,63600,293,15900,573,9500
2021/5/20,5697,130,99,96900,443,16100,168,56500,929,8000,443,9600
2021/5/21,5698,151,115,92500,287,30800,132,61600,516,15400,529,9200
2021/5/24,5699,052,130,87900,705,14600,201,51200,1258,7300,578,8700
2021/5/25,5700,369,176,56400,657,9400,474,32900,1160,4700,494,5600
2021/5/26,5701,576,71,85300,638,14200,214,49700,1266,7100,593,8500
2021/5/27,5702,635,82,88900,519,14800,192,51800,1126,7400,517,8800
2021/5/28,5703,282,76,112000,267,37300,141,74600,453,18600,422,11200
2021/5/31,5704,493,86,89900,632,14900,283,52400,1295,7400,708,8900
2021/6/1,5705,117,172,62700,328,20900,335,41800,463,10400,527,6200
2021/6/2,5706,948,79,105900,433,17600,160,61700,879,8800,567,10500
2021/6/3,5707,633,91,85700,369,28500,151,57100,449,14200,628,8500
2021/6/4,5708,227,137,65600,357,21800,301,43700,528,10900,540,6500
2021/6/7,5709,118,367,35000,785,11600,705,23300,883,5800,822,3500
2021/6/8,5710,841,109,90900,498,15100,177,53000,942,7500,363,9000
2021/6/9,5711,736,79,82400,596,13700,220,48000,1225,6800,488,8200
2021/6/10,5712,746,56,105300,500,17500,171,61400,952,8700,511,10500
2021/6/11,5713,695,107,97600,506,16200,174,56900,986,8100,465,9700
2021/6/14,5714,901,109,97900,574,16300,209,57100,1092,8100,519,9700
2021/6/15,5715,108,145,64800,736,10800,425,37800,1376,5400,432,6400
2021/6/16,5716,553,150,94300,233,31400,163,62800,350,15700,554,9400
2021/6/17,5717,089,107,84600,579,14100,208,49300,1370,7000,485,8400
2021/6/18,5718,752,113,84400,771,14000,189,49200,1524,7000,381,8400
2021/6/21,5719,367,177,79700,751,13200,268,46400,1251,6600,557,7900
2021/6/22,5720,400,127,102900,205,34300,133,68600,264,17100,706,10200
2021/6/23,5721,836,48,97400,563,16200,198,56800,1204,8100,443,9700
2021/6/24,5722,153,144,72200,688,12000,217,42100,1377,6000,512,7200
2021/6/25,5723,093,108,102100,524,17000,182,59500,1009,8500,406,10200
2021/6/28,5724,479,147,78000,785,13000,327,45500,1351,6500,573,7800
2021/6/29,5725,736,126,79500,539,13200,236,46300,1002,6600,481,7900
2021/6/30,5726,389,116,82800,580,13800,252,48300,1095,6900,457,8200
2021/7/1,5727,472,76,74200,778,12300,273,43200,1544,6100,469,7400
2021/7/2,5728,759,117,91400,494,15200,216,53300,1003,7600,535,9100
2021/7/5,5729,591,107,101900,699,16900,185,59400,1277,8400,442,10100
2021/7/6,5730,641,103,101600,504,16900,117,59200,1237,8400,341,10100
2021/7/7,5731,888,505,70700,0,0,0,0,0,0,672,7000
2021/7/8,5732,758,153,69200,514,11500,292,40300,893,5700,656,6900
2021/7/9,5733,292,74,104100,277,34700,157,69400,467,17300,524,10400
2021/7/12,5734,768,164,100900,479,16800,184,58800,842,8400,534,10000
2021/7/13,5735,293,74,95300,428,15800,200,55500,1042,7900,485,9500
2021/7/14,5736,740,149,95300,386,15800,116,55500,901,7900,540,9500
2021/7/15,5737,920,140,81400,465,13500,253,47400,952,6700,380,8100
2021/7/16,5738,090,131,67300,453,22400,244,44800,445,11200,988,6700
2021/7/19,5739,415,211,56800,778,9400,459,33100,1435,4700,640,5600
2021/7/20,5740,900,143,87100,250,29000,136,58000,308,14500,602,8700
2021/7/21,5741,803,78,96500,494,16000,227,56200,1016,8000,321,9600
2021/7/22,5742,764,108,91400,432,15200,143,53300,887,7600,655,9100
2021/7/23,5743,378,150,68000,567,11300,308,39600,1069,5600,572,6800
2021/7/26,5744,388,201,91100,231,30300,160,60700,339,15100,539,9100
2021/7/27,5745,556,134,86500,160,28800,173,57600,192,14400,834,8600
2021/7/28,5746,614,160,72800,407,12100,269,42400,821,6000,490,7200
2021/7/29,5747,764,125,89900,492,14900,157,52400,898,7400,315,8900
2021/7/30,5748,704,144,83000,458,13800,271,48400,755,6900,378,8300
2021/8/2,5749,239,259,57700,764,9600,366,33600,1360,4800,897,5700
2021/8/3,5750,240,253,49300,619,8200,412,28700,1063,4100,449,4900
2021/8/4,5751,696,117,101700,208,33900,115,67800,259,16900,550,10100
2021/8/5,5752,345,91,88100,413,14600,264,51300,689,7300,462,8800
2021/8/6,5753,163,254,58700,583,9700,282,34200,1209,4800,512,5800
2021/8/9,5754,419,287,56700,575,9400,298,33000,993,4700,909,5600
2021/8/10,5755,599,148,104300,145,34700,82,69500,206,17300,600,10400
2021/8/11,5756,261,151,70800,601,11800,195,41300,1414,5900,393,7000
2021/8/12,5757,745,142,88300,358,14700,171,51500,833,7300,375,8800
2021/8/13,5758,707,241,80500,250,26800,147,53600,289,13400,447,8000
2021/8/16,5759,746,247,67600,707,11200,264,39400,1231,5600,645,6700
2021/8/17,5760,630,233,67700,503,11200,203,39400,911,5600,403,6700
2021/8/18,5761,144,229,72400,289,24100,108,48200,353,12000,686,7200
2021/8/19,5762,034,160,84100,436,14000,147,49000,909,7000,476,8400
2021/8/20,5763,862,166,73500,609,12200,230,42800,1216,6100,473,7300
2021/8/23,5764,128,316,50900,799,8400,396,29600,1457,4200,909,5000
2021/8/24,5765,841,120,74200,677,12300,214,43200,1200,6100,390,7400
2021/8/25,5766,760,69,114800,406,19100,175,66900,812,9500,291,11400
2021/8/26,5767,987,159,74100,549,12300,200,43200,1031,6100,644,7400
2021/8/27,5768,413,214,65000,480,10800,318,37900,981,5400,591,6500
2021/8/30,5769,412,350,57700,754,9600,311,33600,1328,4800,451,5700
2021/8/31,5770,335,78,90200,225,30000,253,60100,299,15000,514,9000
2021/9/1,5771,502,360,59300,435,9800,228,34500,813,4900,379,5900
2021/9/2,5772,933,193,84400,252,28100,110,56200,313,14000,534,8400
2021/9/3,5773,099,390,60600,255,20200,154,40400,357,10100,502,6000
2021/9/6,5774,595,321,79100,277,26300,136,52700,340,13100,409,7900
2021/9/7,5775,059,293,55100,692,9100,211,32100,1412,4500,399,5500
2021/9/8,5776,547,294,65700,468,10900,145,38300,874,5400,473,6500
2021/9/9,5777,916,99,74400,506,12400,333,43400,1027,6200,438,7400
2021/9/10,5778,931,241,66900,610,11100,203,39000,1436,5500,440,6600
2021/9/13,5779,040,424,66800,199,22200,168,44500,189,11100,496,6600
2021/9/14,5780,468,70,81200,496,13500,278,47300,939,6700,403,8100
2021/9/15,5781,032,428,49200,435,8200,205,28700,973,4100,629,4900
2021/9/16,5782,662,213,82300,208,27400,129,54800,303,13700,362,8200
2021/9/17,5783,714,153,62100,733,10300,372,36200,1423,5100,454,6200
2021/9/20,5784,723,192,56000,725,9300,450,32600,1318,4600,571,5600
2021/9/21,5785,114,101,82000,248,27300,245,54600,319,13600,337,8200
2021/9/22,5786,708,63,115600,355,19200,162,67400,721,9600,349,11500
2021/9/23,5787,975,69,100500,361,16700,152,58600,752,8300,550,10000
2021/9/24,5788,262,47,113100,275,37700,121,75400,476,18800,382,11300
2021/9/27,5789,275,78,80300,796,13300,283,46800,1488,6600,381,8000
2021/9/28,5790,226,108,81800,220,27200,239,54500,267,13600,528,8100
2021/9/29,5791,610,121,84600,391,14100,237,49300,713,7000,416,8400
2021/9/30,5792,606,78,74200,409,24700,216,49400,462,12300,523,7400
2021/10/1,5793,910,123,75900,494,12600,260,44200,1011,6300,494,7500
2021/10/4,5794,876,52,137300,501,22800,136,80000,833,11400,458,13700
2021/10/5,5795,033,58,103500,294,34500,166,69000,420,17200,674,10300
2021/10/6,5796,649,60,81500,707,13500,268,47500,1167,6700,849,8100
2021/10/7,5797,716,86,77100,522,12800,349,44900,1084,6400,477,7700
2021/10/8,5798,071,42,110000,685,18300,142,64100,1356,9100,397,11000
2021/10/11,5799,473,80,99300,551,16500,165,57900,1141,8200,741,9900
2021/10/12,5800,461,56,88900,545,14800,184,51800,1176,7400,338,8800
2021/10/13,5801,642,52,87300,556,14500,182,50900,1175,7200,499,8700
2021/10/14,5802,019,59,118100,387,19600,115,68800,849,9800,406,11800
2021/10/15,5803,968,53,125200,385,20800,177,73000,798,10400,401,12500
2021/10/18,5804,527,121,69500,808,11500,379,40500,1356,5700,654,6900
2021/10/19,5805,491,42,114100,466,19000,128,66500,978,9500,785,11400
2021/10/20,5806,353,41,115300,229,38400,125,76800,305,19200,1393,11500
2021/10/21,5807,722,132,77400,265,25800,192,51600,367,12900,1370,7700
2021/10/22,5808,426,122,75100,608,12500,291,43800,1098,6200,1194,7500
2021/10/25,5809,970,73,99500,764,16500,234,58000,1301,8200,3420,9900
2021/10/26,5810,495,51,103400,630,17200,187,60300,1353,8600,787,10300
2021/10/27,5811,488,45,118200,291,39400,108,78800,327,19700,630,11800
2021/10/28,5812,187,54,94200,522,15700,180,54900,1164,7800,479,9400
2021/10/29,5813,236,119,58000,793,9600,390,33800,1528,4800,717,5800
2021/11/1,5814,042,99,92800,912,15400,196,54100,1596,7700,1010,9200
2021/11/2,5815,265,56,91800,627,15300,217,53500,1307,7600,2070,9100
2021/11/3,5816,188,56,98400,214,32800,139,65600,378,16400,1785,9800
2021/11/4,5817,063,75,111500,434,18500,118,65000,904,9200,453,11100
2021/11/5,5818,169,59,81700,680,13600,258,47600,1487,6800,509,8100
2021/11/8,5819,576,96,94900,683,15800,155,55300,1257,7900,815,9400
2021/11/9,5820,024,55,94400,469,15700,156,55000,980,7800,687,9400
2021/11/10,5821,905,75,91700,394,15200,196,53400,782,7600,893,9100
2021/11/11,5822,748,59,93100,511,15500,205,54300,974,7700,549,9300
2021/11/12,5823,635,116,78900,608,13100,234,46000,1251,6500,547,7800
2021/11/15,5824,245,89,77200,824,12800,284,45000,1621,6400,549,7700
2021/11/16,5825,313,100,84400,270,28100,193,56200,375,14000,564,8400
2021/11/17,5826,967,62,98400,491,16400,185,57400,914,8200,442,9800
2021/11/18,5827,802,62,92200,408,15300,262,53700,871,7600,392,9200
2021/11/19,5828,571,67,78500,677,13000,234,45700,1490,6500,499,7800
2021/11/22,5829,363,88,113500,249,37800,147,75600,303,18900,591,11300
2021/11/23,5830,549,58,102000,394,17000,147,59500,885,8500,428,10200
2021/11/24,5831,448,93,77100,357,25700,239,51400,324,12800,479,7700
2021/11/25,5832,357,149,49400,867,8200,440,28800,1472,4100,651,4900
2021/11/26,5833,931,51,97300,566,16200,196,56700,1237,8100,450,9700
2021/11/29,5834,935,131,80800,643,13400,298,47100,1090,6700,434,8000
2021/11/30,5835,840,85,89200,497,14800,169,52000,1065,7400,572,8900
2021/12/1,5836,126,114,60700,619,10100,406,35400,1366,5000,631,6000
2021/12/2,5837,398,63,97700,487,16200,200,56900,931,8100,859,9700
2021/12/3,5838,856,85,85800,626,14300,246,50000,1235,7100,480,8500
2021/12/6,5839,075,90,108200,581,18000,157,63100,1116,9000,578,10800
2021/12/7,5840,871,41,110900,489,18400,139,64600,1141,9200,305,11000
2021/12/8,5841,570,26,157100,383,26100,88,91600,814,13000,329,15700
2021/12/9,5842,398,80,94700,488,15700,213,55200,885,7800,342,9400
2021/12/10,5843,540,69,116300,459,19300,144,67800,1042,9600,474,11600
2021/12/13,5844,418,169,68600,750,11400,358,40000,1305,5700,653,6800
2021/12/14,5845,702,51,109900,426,18300,173,64100,891,9100,389,10900
2021/12/15,5846,728,156,67800,606,11300,382,39500,1060,5600,493,6700
2021/12/16,5847,074,54,113500,499,18900,144,66200,1072,9400,481,11300
2021/12/17,5848,050,49,145000,218,48300,129,96600,292,24100,411,14500
2021/12/20,5849,245,87,93500,666,15500,274,54500,1160,7700,672,9300
2021/12/21,5850,858,37,130700,226,43500,126,87100,268,21700,609,13000
2021/12/22,5851,365,105,83300,587,13800,257,48500,1045,6900,515,8300
2021/12/23,5852,486,73,87100,650,14500,202,50800,1194,7200,684,8700
2021/12/24,5853,069,55,105100,554,17500,179,61300,1179,8700,682,10500
2021/12/27,5854,692,85,96600,685,16100,233,56300,1418,8000,566,9600
2021/12/28,5855,553,80,109800,255,36600,137,73200,340,18300,603,10900
2021/12/29,5856,737,64,109300,258,36400,140,72800,359,18200,891,10900
2021/12/30,5857,131,121,72600,446,24200,248,48400,657,12100,590,7200
2022/1/4,5858,394,74,96700,547,16100,226,56400,1126,8000,599,9600
2022/1/5,5859,917,169,66900,550,11100,338,39000,973,5500,715,6600
2022/1/6,5860,201,41,105900,441,17600,179,61700,968,8800,812,10500
2022/1/7,5861,698,38,126800,429,21100,155,73900,870,10500,575,12600
2022/1/10,5862,758,112,83000,795,13800,299,48400,1421,6900,596,8300
2022/1/11,5863,906,87,102900,470,17100,222,60000,910,8500,389,10200
2022/1/12,5864,372,102,81800,622,13600,240,47700,1166,6800,506,8100
2022/1/13,5865,387,61,97200,552,16200,159,56700,1128,8100,627,9700
2022/1/14,5866,946,66,84500,719,14000,222,49200,1444,7000,807,8400
2022/1/17,5867,529,195,67300,816,11200,362,39200,1357,5600,1021,6700
2022/1/18,5868,118,267,40800,489,13600,547,27200,392,6800,759,4000
2022/1/19,5869,330,119,86400,240,28800,191,57600,299,14400,672,8600
2022/1/20,5870,739,49,92700,531,15400,232,54000,1060,7700,562,9200
2022/1/21,5871,597,77,93800,556,15600,189,54700,943,7800,760,9300
2022/1/24,5872,207,104,100000,635,16600,220,58300,957,8300,606,10000
2022/1/25,5873,607,85,121000,375,20100,145,70500,702,10000,319,12100
2022/1/26,5874,988,72,109500,261,36500,157,73000,306,18200,586,10900
2022/1/27,5875,995,49,148800,177,49600,101,99200,252,24800,456,14800
2022/1/28,5876,355,105,83900,346,27900,216,55900,326,13900,852,8300
2022/1/31,5877,125,225,59600,875,9900,426,34700,1408,4900,759,5900
2022/2/1,5878,372,91,76000,662,12600,261,44300,1274,6300,538,7600
2022/2/2,5879,160,44,133900,405,22300,101,78100,889,11100,599,13300
2022/2/3,5880,839,76,76200,744,12700,230,44400,1602,6300,647,7600
2022/2/4,5881,094,87,91800,561,15300,215,53500,1206,7600,567,9100
2022/2/7,5882,138,125,69400,952,11500,287,40400,1735,5700,1082,6900
2022/2/8,5883,355,114,88400,269,29400,207,58900,275,14700,527,8800
2022/2/9,5884,008,40,122800,250,40900,142,81800,379,20400,452,12200
2022/2/10,5885,577,68,94000,274,31300,143,62600,396,15600,848,9400
2022/2/11,5886,888,453,74400,0,0,0,0,0,0,912,7400
2022/2/14,5887,973,79,100800,674,16800,174,58800,1408,8400,632,10000
2022/2/15,5888,280,61,122600,486,20400,137,71500,921,10200,430,12200
2022/2/16,5889,494,117,108100,268,36000,136,72000,303,18000,390,10800
2022/2/17,5890,719,198,72000,535,12000,281,42000,933,6000,583,7200
2022/2/18,5891,098,98,73600,759,12200,275,42900,1682,6100,821,7300
2022/2/21,5892,991,82,100100,440,33300,176,66700,577,16600,479,10000
2022/2/22,5893,481,48,115400,568,19200,138,67300,1092,9600,477,11500
2022/2/23,5894,520,68,110800,431,18400,179,64600,786,9200,482,11000
2022/2/24,5895,811,116,84200,261,28000,188,56100,460,14000,678,8400
2022/2/25,5896,951,52,105600,592,17600,194,61600,1206,8800,500,10500
2022/2/28,5897,358,520,32300,1304,5300,1054,18800,1798,2600,771,3200
2022/3/1,5898,463,113,75400,696,12500,258,43900,1340,6200,638,7500
2022/3/2,5899,735,108,67100,878,11100,331,39100,1595,5500,548,6700
2022/3/3,5900,907,139,81500,572,13500,261,47500,971,6700,496,8100
2022/3/4,5901,432,77,102100,548,17000,198,59500,1195,8500,530,10200
2022/3/7,5902,493,75,98400,708,16400,224,57400,1297,8200,715,9800
2022/3/8,5903,348,71,85900,557,14300,212,50100,1081,7100,852,8500
2022/3/9,5904,516,134,73000,561,12100,308,42500,1112,6000,732,7300
2022/3/10,5905,920,196,76400,519,12700,216,44500,945,6300,575,7600
2022/3/11,5906,790,67,116200,462,19300,153,67700,927,9600,615,11600
2022/3/14,5907,552,67,131200,262,43700,151,87400,376,21800,603,13100
2022/3/15,5908,805,106,79400,576,13200,265,46300,1028,6600,552,7900
2022/3/16,5909,567,155,80900,436,13400,288,47100,730,6700,650,8000
2022/3/17,5910,798,256,57000,627,9500,276,33200,1402,4700,778,5700
2022/3/18,5911,529,90,76900,581,12800,329,44800,1148,6400,681,7600
2022/3/21,5912,133,94,99700,310,33200,124,66400,558,16600,940,9900
2022/3/22,5913,428,78,78600,537,13100,297,45800,972,6500,579,7800
2022/3/23,5914,028,113,112700,446,18700,103,65700,792,9300,456,11200
2022/3/24,5915,959,90,118000,192,39300,148,78600,218,19600,421,11800
2022/3/25,5916,928,311,54000,639,9000,440,31500,1212,4500,730,5400
2022/3/28,5917,943,122,96100,716,16000,246,56000,1316,8000,876,9600
2022/3/29,5918,515,145,83300,243,27700,218,55500,306,13800,650,8300
2022/3/30,5919,522,122,88300,298,29400,183,58800,391,14700,776,8800
2022/3/31,5920,733,47,105500,353,35100,146,70300,441,17500,812,10500
2022/4/1,5921,194,236,77600,536,12900,227,45200,1090,6400,835,7700
2022/4/4,5922,060,88,125700,264,41900,149,83800,314,20900,658,12500
2022/4/5,5923,106,88,82600,542,13700,274,48100,992,6800,546,8200
2022/4/6,5924,922,104,91400,238,30400,206,60900,282,15200,581,9100
2022/4/7,5925,622,371,52500,282,17500,238,35000,439,8700,548,5200
2022/4/8,5926,683,81,78600,590,13100,198,45800,1308,6500,1201,7800
2022/4/11,5927,391,106,81200,766,13500,266,47300,1638,6700,480,8100
2022/4/12,5928,338,82,109300,210,36400,143,72800,265,18200,448,10900
2022/4/13,5929,882,64,97100,297,32300,164,64700,358,16100,474,9700
2022/4/14,5930,859,179,81200,419,13500,151,47300,983,6700,418,8100
2022/4/15,5931,451,75,74300,981,12300,205,43300,2052,6100,431,7400
2022/4/18,5932,950,91,92200,714,15300,264,53700,1302,7600,513,9200
2022/4/19,5933,124,98,81600,515,13600,269,47600,1024,6800,472,8100
2022/4/20,5934,162,43,97100,602,16100,168,56600,1438,8000,428,9700
2022/4/21,5935,040,69,118200,214,39400,121,78800,257,19700,657,11800
2022/4/22,5936,193,127,71700,651,11900,310,41800,1257,5900,628,7100
2022/4/25,5937,696,74,104000,339,34600,215,69300,351,17300,783,10400
2022/4/26,5938,939,53,103900,298,34600,144,69200,268,17300,665,10300
2022/4/27,5939,183,120,73400,650,12200,237,42800,1524,6100,587,7300
2022/4/28,5940,621,118,76300,553,12700,249,44500,1079,6300,890,7600
2022/4/29,5941,226,173,60200,406,20000,326,40100,404,10000,571,6000
2022/5/2,5942,468,107,81300,720,13500,368,47400,1193,6700,794,8100
2022/5/3,5943,985,61,107700,444,17900,126,62800,944,8900,552,10700
2022/5/4,5944,394,173,66700,702,11100,251,38900,1183,5500,563,6600
2022/5/5,5945,655,203,80500,250,26800,89,53600,338,13400,858,8000
2022/5/6,5946,529,132,67300,680,11200,376,39200,1186,5600,678,6700
2022/5/9,5947,283,128,80900,740,13400,269,47100,1401,6700,731,8000
2022/5/10,5948,408,112,98700,383,16400,233,57500,702,8200,509,9800
2022/5/11,5949,713,107,64700,760,10700,323,37700,1568,5300,525,6400
2022/5/12,5950,264,78,80400,703,13400,189,46900,1387,6700,511,8000
2022/5/13,5951,612,96,77000,675,12800,272,44900,1336,6400,481,7700
2022/5/16,5952,981,65,103600,664,17200,167,60400,1542,8600,655,10300
2022/5/17,5953,150,71,109100,458,18100,134,63600,1102,9000,489,10900
2022/5/18,5954,007,116,85500,318,28500,213,57000,342,14200,433,8500
2022/5/19,5955,603,81,96600,428,16100,224,56300,905,8000,390,9600
2022/5/20,5956,941,47,111000,544,18500,149,64700,1157,9200,541,11100
2022/5/23,5957,319,157,55600,1124,9200,485,32400,1900,4600,679,5500
2022/5/24,5958,123,145,57400,600,9500,428,33400,1022,4700,824,5700
2022/5/25,5959,940,59,122700,363,20400,115,71500,876,10200,592,12200
2022/5/26,5960,544,61,105100,312,35000,100,70000,464,17500,720,10500
2022/5/27,5961,431,55,94800,554,15800,197,55300,1286,7900,582,9400
2022/5/30,5962,250,84,110500,576,18400,179,64400,1035,9200,485,11000
2022/5/31,5963,790,51,116200,464,19300,131,67700,929,9600,436,11600
2022/6/1,5964,030,43,134000,218,44600,122,89300,314,22300,541,13400
2022/6/2,5965,044,121,86100,325,28700,156,57400,393,14300,605,8600
2022/6/3,5966,677,88,111400,208,37100,120,74200,284,18500,889,11100
2022/6/6,5967,739,101,82500,672,13700,275,48100,1232,6800,747,8200
2022/6/7,5968,936,93,68800,700,11400,236,40100,1733,5700,585,6800
2022/6/8,5969,640,63,95900,517,15900,190,55900,927,7900,660,9500
2022/6/9,5970,415,134,65000,593,10800,400,37900,1111,5400,492,6500
2022/6/10,5971,274,109,73200,759,12200,298,42700,1553,6100,747,7300
2022/6/13,5972,272,80,97700,400,32500,158,65100,586,16200,589,9700
2022/6/14,5973,753,74,75000,603,12500,249,43700,1139,6200,610,7500
2022/6/15,5974,492,55,101800,555,16900,182,59300,1193,8400,523,10100
2022/6/16,5975,597,45,105100,501,17500,198,61300,1067,8700,537,10500
2022/6/17,5976,087,65,113100,468,18800,159,65900,1091,9400,630,11300
2022/6/20,5977,112,148,83800,366,27900,256,55800,454,13900,609,8300
2022/6/21,5978,445,57,135700,150,45200,150,90400,192,22600,535,13500
2022/6/22,5979,377,104,92300,283,30700,138,61500,395,15300,681,9200
2022/6/23,5980,844,72,113100,228,37700,115,75400,327,18800,726,11300
2022/6/24,5981,959,83,86500,456,28800,148,57600,591,14400,582,8600
2022/6/27,5982,953,100,91200,713,15200,213,53200,1353,7600,600,9100
2022/6/28,5983,098,181,72600,502,12100,186,42300,1107,6000,652,7200
2022/6/29,5984,483,78,103400,446,17200,154,60300,811,8600,557,10300
2022/6/30,5985,134,69,101800,434,16900,161,59300,981,8400,676,10100
2022/7/1,5986,089,174,87600,463,14600,163,51100,951,7300,622,8700
2022/7/4,5987,671,67,94600,632,15700,240,55100,1279,7800,738,9400
2022/7/5,5988,640,58,125300,338,20800,103,73000,713,10400,686,12500
2022/7/6,5989,771,74,107400,246,35800,152,71600,393,17900,365,10700
2022/7/7,5990,628,78,80400,581,13400,261,46900,1224,6700,669,8000
2022/7/8,5991,641,55,98900,573,16400,169,57600,1338,8200,556,9800
2022/7/11,5992,606,85,103100,347,34300,200,68700,510,17100,514,10300
2022/7/12,5993,043,66,113500,386,18900,150,66200,715,9400,576,11300
2022/7/13,5994,689,56,125200,315,20800,138,73000,698,10400,562,12500
2022/7/14,5995,949,90,99300,280,33100,128,66200,295,16500,522,9900
2022/7/15,5996,359,73,89000,583,14800,231,51900,1057,7400,469,8900
2022/7/18,5997,994,77,120500,203,40100,149,80300,252,20000,754,12000
2022/7/19,5998,459,112,58700,751,9700,360,34200,1301,4800,538,5800
2022/7/20,5999,941,55,93700,539,15600,198,54600,1103,7800,504,9300
2022/7/21,6000,217,268,41600,1015,6900,467,24200,2198,3400,683,4100
2022/7/22,6001,414,85,96000,306,32000,186,64000,290,16000,560,9600
2022/7/25,6002,370,68,94000,730,15600,209,54800,1346,7800,524,9400
2022/7/26,6003,208,35,104700,430,17400,195,61000,904,8700,476,10400
2022/7/27,6004,047,92,76500,638,12700,203,44600,1258,6300,600,7600
2022/7/28,6005,691,185,69400,583,11500,191,40400,1341,5700,465,6900
2022/7/29,6006,705,135,72100,517,12000,358,42000,929,6000,380,7200
2022/8/1,6007,827,105,81400,649,13500,283,47400,1249,6700,717,8100
2022/8/2,6008,890,62,82600,592,13700,232,48100,1188,6800,446,8200
2022/8/3,6009,818,139,66900,313,22300,295,44600,345,11100,526,6600
2022/8/4,6010,475,70,98700,396,16400,187,57500,783,8200,544,9800
2022/8/5,6011,509,93,78700,534,13100,266,45900,986,6500,819,7800
2022/8/8,6012,546,149,92400,485,15400,155,53900,1067,7700,695,9200
2022/8/9,6013,498,67,77100,489,12800,248,44900,1138,6400,683,7700
2022/8/10,6014,257,75,82300,542,13700,231,48000,1167,6800,552,8200
2022/8/11,6015,802,56,101900,371,16900,176,59400,797,8400,546,10100
2022/8/12,6016,731,121,65800,704,10900,316,38300,1322,5400,576,6500
2022/8/15,6017,033,89,95100,341,31700,143,63400,405,15800,1145,9500
2022/8/16,6018,624,102,71000,633,11800,279,41400,1156,5900,626,7100
2022/8/17,6019,287,180,76900,630,12800,132,44800,1193,6400,569,7600
2022/8/18,6020,302,99,95500,419,15900,214,55700,784,7900,459,9500
2022/8/19,6021,462,79,98100,565,16300,152,57200,1176,8100,607,9800
2022/8/22,6022,849,74,114300,505,19000,171,66600,1093,9500,605,11400
2022/8/23,6023,048,46,107200,497,17800,154,62500,921,8900,647,10700
2022/8/24,6024,877,82,93100,286,31000,165,62000,353,15500,675,9300
2022/8/25,6025,252,66,109600,238,36500,137,73000,407,18200,517,10900
2022/8/26,6026,514,129,72800,547,12100,355,42400,1154,6000,624,7200
2022/8/29,6027,988,87,113700,310,37900,134,75800,320,18900,718,11300
2022/8/30,6028,879,67,77000,678,12800,258,44900,1199,6400,619,7700
2022/8/31,6029,685,284,72200,409,12000,167,42100,834,6000,369,7200
2022/9/1,6030,353,66,106700,260,35500,152,71100,308,17700,573,10600
2022/9/2,6031,347,68,89600,555,14900,254,52200,1122,7400,657,8900
2022/9/5,6032,591,81,91700,729,15200,225,53400,1312,7600,771,9100
2022/9/6,6033,114,89,93900,227,31300,211,62600,261,15600,482,9300
2022/9/7,6034,892,48,112200,429,18700,157,65400,1080,9300,358,11200
2022/9/8,6035,020,131,87400,229,29100,185,58200,289,14500,551,8700
2022/9/9,6036,566,86,100500,174,33500,116,67000,236,16700,1442,10000
2022/9/12,6037,411,91,109100,255,36300,175,72700,340,18100,685,10900
2022/9/13,6038,170,171,85300,397,14200,158,49700,907,7100,371,8500
2022/9/14,6039,318,145,61500,532,10200,362,35800,1216,5100,511,6100
2022/9/15,6040,988,56,109400,219,36400,147,72900,281,18200,626,10900
2022/9/16,6041,979,56,98200,338,32700,148,65400,410,16300,767,9800
2022/9/19,6042,445,176,80700,254,26900,180,53800,258,13400,630,8000
2022/9/20,6043,232,36,91800,292,30600,147,61200,468,15300,679,9100
2022/9/21,6044,281,30,110000,519,18300,126,64100,1226,9100,419,11000
2022/9/22,6045,595,33,125700,256,41900,128,83800,267,20900,522,12500
2022/9/23,6046,278,42,101900,467,16900,172,59400,945,8400,691,10100
2022/9/26,6047,222,648,61000,0,0,0,0,0,0,759,6100
2022/9/27,6048,443,84,101500,204,33800,149,67600,270,16900,440,10100
2022/9/28,6049,727,214,60300,330,20100,292,40200,360,10000,479,6000
2022/9/29,6050,274,85,67600,664,11200,282,39400,1492,5600,504,6700
2022/9/30,6051,125,116,76800,503,12800,308,44800,1030,6400,503,7600
2022/10/3,6052,394,68,86700,689,14400,281,50500,1327,7200,588,8600
2022/10/4,6053,009,100,85200,283,28400,172,56800,365,14200,560,8500
2022/10/5,6054,146,53,101700,426,16900,136,59300,1104,8400,625,10100
2022/10/6,6055,432,69,99200,398,16500,164,57800,996,8200,416,9900
2022/10/7,6056,031,62,94400,523,15700,178,55000,1161,7800,468,9400
2022/10/10,6057,139,62,74800,766,12400,251,43600,1793,6200,601,7400
2022/10/11,6058,601,73,111600,355,18600,135,65100,781,9300,335,11100
2022/10/12,6059,630,86,86700,469,14400,208,50500,942,7200,429,8600
2022/10/13,6060,280,39,120600,387,20100,119,70300,930,10000,392,12000
2022/10/14,6061,595,97,100000,255,33300,183,66600,310,16600,593,10000
2022/10/17,6062,763,108,93600,570,15600,229,54600,1012,7800,713,9300
2022/10/18,6063,809,82,76800,564,12800,281,44800,1222,6400,378,7600
2022/10/19,6064,002,100,106200,194,35400,177,70800,219,17700,385,10600
2022/10/20,6065,804,47,115200,337,19200,180,67200,720,9600,544,11500
2022/10/21,6066,570,93,103900,415,17300,157,60600,949,8600,505,10300
2022/10/24,6067,030,112,99300,261,33100,217,66200,365,16500,445,9900
2022/10/25,6068,046,184,78000,417,13000,178,45500,873,6500,474,7800
2022/10/26,6069,605,85,99600,418,16600,164,58100,920,8300,491,9900
2022/10/27,6070,850,64,93700,476,15600,188,54600,1006,7800,635,9300
2022/10/28,6071,849,83,104100,436,17300,152,60700,1116,8600,490,10400
2022/10/31,6072,986,66,125500,462,20900,150,73200,890,10400,544,12500
2022/11/1,6073,281,36,113500,490,18900,134,66200,1143,9400,432,11300
2022/11/2,6074,746,76,97600,451,16200,203,56900,990,8100,504,9700
2022/11/3,6075,065,43,132400,359,22000,94,77200,793,11000,536,13200
2022/11/4,6076,763,63,106800,437,17800,207,62300,952,8900,539,10600
2022/11/7,6077,089,100,66700,1088,11100,308,38900,2183,5500,672,6600
2022/11/8,6078,800,87,70300,352,23400,210,46800,459,11700,1166,7000
2022/11/9,6079,054,57,92700,446,15400,164,54000,1090,7700,879,9200
2022/11/10,6080,394,163,71300,575,11800,230,41500,1092,5900,553,7100
2022/11/11,6081,754,56,123200,424,20500,126,71800,908,10200,525,12300
2022/11/14,6082,659,202,85800,533,14300,167,50000,991,7100,628,8500
2022/11/15,6083,641,90,88500,485,14700,166,51600,1003,7300,613,8800
2022/11/16,6084,824,108,79100,553,13100,252,46100,1077,6500,585,7900
2022/11/17,6085,930,185,71000,422,11800,265,41400,969,5900,437,7100
2022/11/18,6086,947,52,96200,549,16000,210,56100,1145,8000,512,9600
2022/11/21,6087,590,65,90800,657,15100,221,52900,1449,7500,592,9000
2022/11/22,6088,348,65,103300,412,17200,166,60200,817,8600,593,10300
2022/11/23,6089,533,54,100800,247,33600,111,67200,297,16800,697,10000
2022/11/24,6090,438,99,98200,385,16300,156,57200,751,8100,580,9800
2022/11/25,6091,424,338,61600,261,20500,193,41000,318,10200,558,6100
2022/11/28,6092,754,78,104700,574,17400,194,61000,1017,8700,588,10400
2022/11/29,6093,386,66,83100,533,13800,216,48400,1204,6900,386,8300
2022/11/30,6094,589,107,75500,546,12500,296,44000,899,6200,522,7500
2022/12/1,6095,978,88,92800,548,15400,169,54100,986,7700,546,9200
2022/12/2,6096,447,91,100000,246,33300,188,66600,310,16600,622,10000
2022/12/5,6097,468,127,67100,806,11100,414,39100,1402,5500,580,6700
2022/12/6,6098,658,61,101300,483,16800,150,59000,1009,8400,556,10100
2022/12/7,6099,745,103,70100,650,11600,259,40800,1456,5800,566,7000
2022/12/8,6100,671,201,81000,420,13500,138,47200,957,6700,490,8100
2022/12/9,6101,742,79,73900,684,12300,247,43100,1428,6100,980,7300
2022/12/12,6102,636,276,79400,317,26400,149,52900,350,13200,774,7900
2022/12/13,6103,638,95,68500,700,11400,307,39900,1198,5700,535,6800
2022/12/14,6104,799,54,123000,141,41000,98,82000,233,20500,1036,12300
2022/12/15,6105,613,219,63200,615,10500,279,36800,1318,5200,731,6300
2022/12/16,6106,559,97,112900,243,37600,152,75200,270,18800,536,11200
2022/12/19,6107,460,103,103500,545,17200,192,60300,1047,8600,655,10300
2022/12/20,6108,229,106,93400,266,31100,165,62200,350,15500,556,9300
2022/12/21,6109,947,72,98400,473,16400,203,57400,949,8200,561,9800
2022/12/22,6110,035,73,103100,456,17100,161,60100,1002,8500,564,10300
2022/12/23,6111,329,131,78100,589,13000,275,45500,1137,6500,750,7800
2022/12/26,6112,857,80,111100,648,18500,183,64800,1231,9200,555,11100
2022/12/27,6113,929,115,82500,286,27500,260,55000,284,13700,686,8200
2022/12/28,6114,958,385,55600,613,9200,250,32400,1226,4600,593,5500
2022/12/29,6115,194,82,92600,500,15400,242,54000,952,7700,666,9200
2022/12/30,6116,953,106,72200,865,12000,273,42100,1947,6000,633,7200
2023/1/4,6117,091,55,118600,483,19700,140,69100,1190,9800,436,11800
2023/1/5,6118,433,258,74600,294,24800,112,49700,261,12400,651,7400
2023/1/6,6119,185,167,80000,687,13300,224,46600,1309,6600,565,8000
2023/1/9,6120,661,67,120400,280,40100,163,80200,418,20000,688,12000
2023/1/10,6121,203,64,113900,416,18900,173,66400,797,9400,436,11300
2023/1/11,6122,895,77,102600,476,17100,169,59800,1056,8500,624,10200
2023/1/12,6123,055,75,116900,233,38900,96,77900,337,19400,744,11600
2023/1/13,6124,118,150,69700,308,23200,360,46400,357,11600,576,6900
2023/1/16,6125,169,98,78100,779,13000,283,45500,1514,6500,802,7800
2023/1/17,6126,625,152,65900,566,10900,297,38400,1127,5400,647,6500
2023/1/18,6127,963,116,69200,772,11500,272,40300,1635,5700,559,6900
2023/1/19,6128,611,102,84000,277,28000,202,56000,402,14000,640,8400
2023/1/20,6129,630,88,88500,541,14700,244,51600,1052,7300,588,8800
2023/1/23,6130,606,132,80900,427,26900,222,53900,599,13400,597,8000
2023/1/24,6131,167,95,105700,403,17600,164,61600,1028,8800,810,10500
2023/1/25,6132,252,80,102100,237,34000,144,68000,339,17000,499,10200
2023/1/26,6133,637,171,72700,473,12100,200,42400,1089,6000,755,7200
2023/1/27,6134,310,125,77600,455,12900,283,45200,904,6400,753,7700
2023/1/30,6135,108,134,78100,614,13000,366,45500,1041,6500,631,7800
2023/1/31,6136,482,232,71400,479,11900,151,41600,1092,5900,521,7100
2023/2/1,6137,226,175,62000,325,20600,347,41300,363,10300,746,6200
2023/2/2,6138,596,65,102200,426,17000,211,59600,845,8500,539,10200
2023/2/3,6139,566,61,119900,217,39900,130,79900,299,19900,820,11900
2023/2/6,6140,514,150,73800,695,12300,362,43000,1331,6100,709,7300
2023/2/7,6141,168,166,62100,626,10300,390,36200,1120,5100,553,6200
2023/2/8,6142,716,102,77700,472,12900,317,45300,871,6400,670,7700
2023/2/9,6143,310,99,96500,410,16000,211,56200,797,8000,404,9600
2023/2/10,6144,470,67,109100,450,18100,136,63600,1132,9000,494,10900
2023/2/13,6145,309,148,86100,547,14300,246,50200,988,7100,799,8600
2023/2/14,6146,727,101,87800,250,29200,194,58500,262,14600,568,8700
2023/2/15,6147,268,103,79400,566,13200,266,46300,1180,6600,510,7900
2023/2/16,6148,657,48,118700,447,19700,165,69200,815,9800,458,11800
2023/2/17,6149,986,40,118500,519,19700,157,69100,1130,9800,523,11800
2023/2/20,6150,800,97,96300,320,32100,224,64200,355,16000,808,9600
2023/2/21,6151,520,78,101400,411,16900,172,59100,770,8400,549,10100
2023/2/22,6152,460,70,108000,406,18000,188,63000,819,9000,494,10800
2023/2/23,6153,909,71,108600,203,36200,171,72400,247,18100,571,10800
2023/2/24,6154,432,69,98700,509,16400,212,57500,1028,8200,620,9800
2023/2/27,6155,424,99,99100,325,33000,217,66000,336,16500,643,9900
2023/2/28,6156,715,258,50500,624,8400,445,29400,1283,4200,706,5000
2023/3/1,6157,989,78,95200,279,31700,216,63400,400,15800,548,9500
2023/3/2,6158,474,45,130000,204,43300,120,86600,269,21600,679,13000
2023/3/3,6159,609,72,96500,497,16000,243,56200,974,8000,696,9600
2023/3/6,6160,145,313,64700,691,10700,189,37700,1435,5300,1260,6400
2023/3/7,6161,276,84,80000,501,13300,222,46600,1169,6600,1035,8000
2023/3/8,6162,175,107,82400,523,13700,245,48000,1094,6800,682,8200
2023/3/9,6163,092,107,95200,418,15800,168,55500,974,7900,888,9500
2023/3/10,6164,429,154,69600,556,11600,296,40600,935,5800,1571,6900
2023/3/13,6165,674,133,91900,558,15300,193,53600,1264,7600,999,9100
2023/3/14,6166,144,61,111100,193,37000,126,74000,332,18500,858,11100
2023/3/15,6167,134,76,83300,662,13800,184,48500,1386,6900,601,8300
2023/3/16,6168,232,61,99900,313,33300,123,66600,525,16600,600,9900
2023/3/17,6169,161,78,115800,219,38600,102,77200,446,19300,534,11500
2023/3/20,6170,675,99,116600,467,19400,146,68000,858,9700,718,11600
2023/3/21,6171,337,66,109900,263,36600,172,73200,348,18300,484,10900
2023/3/22,6172,928,120,75400,442,12500,305,43900,894,6200,699,7500
2023/3/23,6173,325,158,59900,515,9900,382,34900,1084,4900,534,5900
2023/3/24,6174,484,177,72000,287,24000,189,48000,313,12000,1345,7200
2023/3/27,6175,321,366,52200,780,8700,376,30400,1361,4300,909,5200
2023/3/28,6176,137,67,88900,485,14800,190,51800,1104,7400,628,8800
2023/3/29,6177,320,98,87500,408,14500,271,51000,795,7200,378,8700
2023/3/30,6178,839,51,86900,564,14400,195,50600,1189,7200,710,8600
2023/3/31,6179,694,85,80000,485,13300,281,46600,1147,6600,874,8000
2023/4/3,6180,009,127,92300,347,30700,177,61500,426,15300,926,9200
2023/4/4,6181,911,139,65100,383,21700,253,43400,509,10800,582,6500
2023/4/5,6182,644,120,96800,212,32200,160,64500,259,16100,616,9600
2023/4/6,6183,258,253,58300,561,9700,285,34000,1151,4800,710,5800
2023/4/7,6184,278,78,81200,534,13500,239,47300,1193,6700,650,8100
2023/4/10,6185,847,122,99000,421,16500,162,57700,984,8200,982,9900
2023/4/11,6186,600,56,128800,180,42900,112,85800,186,21400,598,12800
2023/4/12,6187,890,111,56200,869,9300,295,32700,2200,4600,510,5600
2023/4/13,6188,101,146,75200,255,25000,223,50100,328,12500,546,7500
2023/4/14,6189,543,58,113800,491,18900,148,66300,965,9400,658,11300
2023/4/17,6190,072,66,103800,529,17300,247,60500,977,8600,845,10300
2023/4/18,6191,188,204,73700,290,24500,134,49100,407,12200,740,7300
2023/4/19,6192,733,61,107200,216,35700,106,71400,317,17800,983,10700
2023/4/20,6193,423,115,69800,528,11600,289,40700,1092,5800,800,6900
2023/4/21,6194,962,55,98500,524,16400,182,57400,1197,8200,634,9800
2023/4/24,6195,178,298,54400,769,9000,429,31700,1405,4500,943,5400
2023/4/25,6196,273,71,73400,583,12200,221,42800,1474,6100,833,7300
2023/4/26,6197,799,58,130200,194,43400,94,86800,199,21700,705,13000
2023/4/27,6198,958,79,93800,488,15600,208,54700,994,7800,559,9300
2023/4/28,6199,953,90,96100,485,16000,203,56000,1055,8000,739,9600
2023/5/1,6200,237,291,68800,730,11400,227,40100,1479,5700,1249,6800
2023/5/2,6201,372,290,63500,555,10500,228,37000,1169,5200,417,6300
2023/5/3,6202,828,108,78700,239,26200,266,52400,271,13100,778,7800
2023/5/4,6203,019,60,100000,424,16600,149,58300,1042,8300,731,10000
2023/5/5,6204,788,66,120300,224,40100,115,80200,274,20000,697,12000
2023/5/8,6205,734,78,96500,583,16000,210,56200,1222,8000,1168,9600
2023/5/9,6206,675,65,102700,421,17100,151,59900,867,8500,913,10200
2023/5/10,6207,746,51,95000,422,15800,222,55400,1049,7900,898,9500
2023/5/11,6208,218,84,82900,506,13800,246,48300,1205,6900,801,8200
2023/5/12,6209,140,46,110300,471,18300,151,64300,1128,9100,943,11000
2023/5/15,6210,055,99,93500,272,31100,154,62300,399,15500,1567,9300
2023/5/16,6211,464,50,116800,195,38900,143,77800,222,19400,820,11600
2023/5/17,6212,620,80,99000,328,16500,223,57700,705,8200,731,9900
2023/5/18,6213,350,213,75600,386,12600,134,44100,980,6300,640,7500
2023/5/19,6214,138,61,80300,570,13300,233,46800,1472,6600,718,8000
2023/5/22,6215,292,74,92100,385,30700,181,61400,576,15300,1015,9200
2023/5/23,6216,931,82,68700,610,11400,247,40000,1494,5700,648,6800
2023/5/24,6217,584,74,93500,455,15500,176,54500,989,7700,527,9300
2023/5/25,6218,908,94,66400,566,11000,338,38700,1225,5500,651,6600
2023/5/26,6219,277,59,92700,232,30900,156,61800,393,15400,1134,9200
2023/5/29,6220,022,75,103500,247,34500,127,69000,395,17200,1151,10300
2023/5/30,6221,041,45,122500,335,20400,96,71400,762,10200,608,12200
2023/5/31,6222,047,75,101200,369,16800,173,59000,918,8400,477,10100
2023/6/1,6223,608,67,103900,371,17300,210,60600,875,8600,468,10300
2023/6/2,6224,322,210,78000,247,26000,156,52000,320,13000,550,7800
2023/6/5,6225,753,115,73800,771,12300,332,43000,1403,6100,1877,7300
2023/6/6,6226,076,70,116700,301,19400,132,68000,756,9700,470,11600
2023/6/7,6227,995,60,112100,215,37300,150,74700,256,18600,626,11200
2023/6/8,6228,232,75,106700,200,35500,120,71100,335,17700,701,10600
2023/6/9,6229,583,95,66300,857,11000,240,38600,1668,5500,855,6600
2023/6/12,6230,088,101,83700,341,27900,208,55800,549,13900,1522,8300
2023/6/13,6231,370,37,113000,424,18800,119,65900,1012,9400,542,11300
2023/6/14,6232,809,98,55700,566,9200,394,32400,1431,4600,931,5500
2023/6/15,6233,469,76,95500,410,15900,215,55700,923,7900,586,9500
2023/6/16,6234,377,208,73600,300,24500,177,49000,366,12200,914,7300
2023/6/19,6235,893,96,81900,658,13600,306,47700,1187,6800,937,8100
2023/6/20,6236,499,88,100400,204,33400,141,66900,302,16700,689,10000
2023/6/21,6237,941,204,72500,485,12000,190,42200,1040,6000,562,7200
2023/6/22,6238,357,243,63100,463,10500,242,36800,962,5200,480,6300
2023/6/23,6239,781,41,119100,480,19800,124,69400,1195,9900,472,11900
2023/6/26,6240,600,101,91300,300,30400,203,60800,286,15200,1379,9100
2023/6/27,6241,305,86,89800,492,14900,194,52300,935,7400,459,8900
2023/6/28,6242,342,60,102700,504,17100,100,59900,1079,8500,756,10200
2023/6/29,6243,795,202,82400,362,13700,158,48000,835,6800,393,8200
2023/6/30,6244,455,235,71500,289,23800,125,47600,416,11900,885,7100
2023/7/3,6245,430,136,90800,520,15100,226,52900,1033,7500,842,9000
2023/7/4,6246,921,105,68800,585,11400,289,40100,1361,5700,521,6800
2023/7/5,6247,574,81,88000,494,14600,205,51300,995,7300,550,8800
2023/7/6,6248,893,70,92600,445,15400,230,54000,991,7700,492,9200
2023/7/7,6249,637,205,73900,584,12300,196,43100,1064,6100,659,7300
2023/7/10,6250,888,453,78200,0,0,0,0,0,0,1269,7800
2023/7/11,6251,688,55,127400,178,42400,106,84900,266,21200,624,12700
2023/7/12,6252,339,100,74300,313,24700,248,49500,348,12300,646,7400
2023/7/13,6253,112,101,78600,264,26200,219,52400,375,13100,604,7800
2023/7/14,6254,642,70,100700,573,16700,133,58700,1213,8300,509,10000
2023/7/17,6255,974,77,101900,462,16900,156,59400,1043,8400,866,10100
2023/7/18,6256,097,96,78600,450,13100,188,45800,860,6500,995,7800
2023/7/19,6257,857,123,104700,380,17400,107,61000,808,8700,500,10400
2023/7/20,6258,430,75,118500,268,19700,163,69100,578,9800,452,11800
2023/7/21,6259,831,158,62100,619,10300,339,36200,1233,5100,641,6200
2023/7/24,6260,785,57,132000,379,22000,120,77000,813,11000,734,13200
2023/7/25,6261,023,55,103300,383,17200,145,60200,971,8600,893,10300
2023/7/26,6262,199,81,91200,233,30400,156,60800,357,15200,1149,9100
2023/7/27,6263,243,96,100200,482,16700,119,58400,1068,8300,459,10000
2023/7/28,6264,558,203,82300,218,27400,142,54800,219,13700,734,8200
2023/7/31,6265,353,106,95300,291,31700,178,63500,358,15800,862,9500
2023/8/1,6266,684,120,75600,542,12600,229,44100,1130,6300,583,7500
2023/8/2,6267,507,90,83500,402,13900,238,48700,831,6900,876,8300
2023/8/3,6268,427,165,61700,545,10200,308,35900,1310,5100,466,6100
2023/8/4,6269,485,161,83800,567,13900,177,48800,1179,6900,428,8300
2023/8/7,6270,555,454,81300,0,0,0,0,0,0,780,8100
2023/8/8,6271,422,233,63600,240,21200,180,42400,320,10600,773,6300
2023/8/9,6272,840,52,123100,361,20500,103,71800,789,10200,406,12300
2023/8/10,6273,692,91,110600,380,18400,138,64500,869,9200,392,11000
2023/8/11,6274,485,72,98000,540,16300,158,57100,916,8100,389,9800
2023/8/14,6275,622,128,79100,312,26300,204,52700,459,13100,742,7900
2023/8/15,6276,747,81,93800,218,31200,138,62500,350,15600,581,9300
2023/8/16,6277,748,72,88600,484,14700,215,51600,1075,7300,662,8800
2023/8/17,6278,068,52,125900,343,20900,119,73400,826,10400,520,12500
2023/8/18,6279,035,49,110900,487,18400,160,64600,1005,9200,646,11000
2023/8/21,6280,846,113,81400,725,13500,230,47400,1368,6700,781,8100
2023/8/22,6281,935,114,81000,496,13500,237,47200,928,6700,423,8100
2023/8/23,6282,326,263,57200,488,9500,300,33300,1034,4700,725,5700
2023/8/24,6283,758,85,81900,468,13600,261,47700,951,6800,665,8100
2023/8/25,6284,901,96,93500,572,15500,209,54500,1057,7700,490,9300
2023/8/28,6285,075,181,95400,475,15900,118,55600,972,7900,784,9500
2023/8/29,6286,672,59,107600,363,17900,170,62700,907,8900,448,10700
2023/8/30,6287,216,144,64600,544,10700,312,37600,1217,5300,542,6400
2023/8/31,6288,052,69,124600,356,20700,113,72600,761,10300,458,12400
2023/9/1,6289,781,158,88700,568,14700,126,51700,1169,7300,614,8800
2023/9/4,6290,940,86,95100,601,15800,195,55400,1354,7900,818,9500
2023/9/5,6291,007,96,99500,246,33100,157,66300,328,16500,349,9900
2023/9/6,6292,117,263,41200,433,13700,487,27400,571,6800,765,4100
2023/9/7,6293,164,95,83700,493,13900,248,48800,975,6900,464,8300
2023/9/8,6294,928,103,74100,450,12300,329,43200,1048,6100,598,7400
2023/9/11,6295,286,168,78600,631,13100,224,45800,1271,6500,599,7800
2023/9/12,6296,917,126,67000,524,11100,322,39000,1039,5500,436,6700
2023/9/13,6297,751,71,79100,584,13100,168,46100,1298,6500,907,7900
2023/9/14,6298,580,62,99400,407,16500,176,57900,873,8200,601,9900
2023/9/15,6299,579,173,75400,470,12500,217,43900,901,6200,712,7500
2023/9/18,6300,577,77,103500,325,34500,138,69000,356,17200,702,10300
2023/9/19,6301,484,48,114200,223,38000,122,76100,327,19000,436,11400
2023/9/20,6302,669,113,88000,270,29300,180,58600,277,14600,460,8800
2023/9/21,6303,876,47,94200,473,15700,198,54900,998,7800,473,9400
2023/9/22,6304,017,265,67500,402,11200,195,39300,934,5600,542,6700
2023/9/25,6305,951,96,86400,602,14400,221,50400,1238,7200,945,8600
2023/9/26,6306,251,75,104300,432,17300,123,60800,1028,8600,795,10400
2023/9/27,6307,305,67,90400,467,15000,234,52700,935,7500,418,9000
2023/9/28,6308,184,58,98900,445,16400,163,57600,1092,8200,474,9800
2023/9/29,6309,103,177,72400,482,12000,265,42200,985,6000,503,7200
2023/10/2,6310,951,81,108200,533,18000,165,63100,1094,9000,700,10800
2023/10/3,6311,220,73,110200,224,36700,139,73400,254,18300,510,11000
2023/10/4,6312,484,72,107300,197,35700,140,71500,280,17800,590,10700
2023/10/5,6313,068,229,76800,380,12800,151,44800,748,6400,551,7600
2023/10/6,6314,235,92,81900,529,13600,227,47700,1160,6800,727,8100
2023/10/9,6315,209,92,101600,419,16900,142,59200,888,8400,800,10100
2023/10/10,6316,414,108,93500,198,31100,151,62300,238,15500,520,9300
2023/10/11,6317,590,286,65300,371,10800,152,38000,914,5400,508,6500
2023/10/12,6318,550,88,104900,233,34900,122,69900,343,17400,442,10400
2023/10/13,6319,549,156,60000,677,10000,338,35000,1481,5000,963,6000
2023/10/16,6320,149,70,101500,618,16900,187,59200,1418,8400,701,10100
2023/10/17,6321,844,45,107000,270,35600,107,71300,408,17800,892,10700
2023/10/18,6322,373,110,71000,368,23600,254,47300,449,11800,593,7100
2023/10/19,6323,985,36,109200,472,18200,134,63700,1064,9100,584,10900
2023/10/20,6324,712,91,75300,635,12500,267,43900,1407,6200,635,7500
2023/10/23,6325,110,190,84000,297,28000,218,56000,328,14000,826,8400
2023/10/24,6326,509,88,76900,409,12800,257,44800,783,6400,797,7600
2023/10/25,6327,880,68,106600,231,35500,157,71000,342,17700,444,10600
2023/10/26,6328,878,72,124600,192,41500,127,83000,215,20700,537,12400
2023/10/27,6329,374,103,77800,587,12900,297,45300,1025,6400,593,7700
2023/10/30,6330,400,90,102100,259,34000,175,68000,295,17000,1054,10200
2023/10/31,6331,645,93,98000,428,16300,155,57100,780,8100,565,9800
2023/11/1,6332,208,74,93100,425,15500,228,54300,977,7700,636,9300
2023/11/2,6333,840,73,93300,508,15500,194,54400,1079,7700,535,9300
2023/11/3,6334,006,59,128000,251,42600,114,85300,254,21300,395,12800
2023/11/6,6335,282,73,111400,317,37100,138,74200,497,18500,551,11100
2023/11/7,6336,595,58,100600,260,33500,184,67000,287,16700,481,10000
2023/11/8,6337,114,245,61400,253,20400,277,40900,338,10200,654,6100
2023/11/9,6338,866,63,93400,244,31100,150,62200,340,15500,1050,9300
2023/11/10,6339,060,188,84900,259,28300,153,56600,313,14100,448,8400
2023/11/13,6340,566,69,129600,222,43200,116,86400,272,21600,671,12900
2023/11/14,6341,208,54,105600,373,17600,190,61600,838,8800,408,10500
2023/11/15,6342,802,93,86300,404,14300,224,50300,968,7100,491,8600
2023/11/16,6343,105,350,54200,428,9000,279,31600,927,4500,419,5400
2023/11/17,6344,158,71,97400,416,16200,170,56800,1034,8100,541,9700
2023/11/20,6345,502,92,91000,577,15100,271,53000,1000,7500,784,9100
2023/11/21,6346,109,125,71000,456,11800,293,41400,870,5900,653,7100
2023/11/22,6347,584,65,106200,390,17700,142,61900,932,8800,557,10600
2023/11/23,6348,443,64,116800,171,38900,135,77800,254,19400,457,11600
2023/11/24,6349,470,376,63100,405,10500,139,36800,945,5200,495,6300
2023/11/27,6350,770,110,89500,340,29800,223,59600,403,14900,456,8900
2023/11/28,6351,041,46,115000,415,19100,122,67000,915,9500,421,11500
2023/11/29,6352,949,302,70600,194,23500,127,47000,254,11700,431,7000
2023/11/30,6353,060,35,125600,257,41800,117,83700,296,20900,360,12500
2023/12/1,6354,082,69,90100,646,15000,174,52500,1609,7500,399,9000
2023/12/4,6355,511,197,74100,375,24700,228,49400,537,12300,793,7400
2023/12/5,6356,557,85,96200,234,32000,180,64100,278,16000,476,9600
2023/12/6,6357,204,112,74400,553,12400,237,43400,1128,6200,742,7400
2023/12/7,6358,384,383,58200,335,9700,185,33900,820,4800,587,5800
2023/12/8,6359,183,117,82400,652,13700,200,48000,1419,6800,450,8200
2023/12/11,6360,558,477,59600,289,19800,167,39700,251,9900,1116,5900
2023/12/12,6361,544,78,93700,249,31200,149,62400,376,15600,765,9300
2023/12/13,6362,104,131,72300,460,12000,329,42100,841,6000,968,7200
2023/12/14,6363,169,58,86400,433,14400,272,50400,1201,7200,582,8600
2023/12/15,6364,230,77,103400,457,17200,186,60300,992,8600,713,10300
2023/12/18,6365,532,76,101600,653,16900,167,59200,1377,8400,861,10100
2023/12/19,6366,118,213,61500,299,20500,357,41000,379,10200,516,6100
2023/12/20,6367,153,118,69500,764,11500,243,40500,1740,5700,659,6900
2023/12/21,6368,304,332,61400,421,10200,249,35800,855,5100,791,6100
2023/12/22,6369,850,60,111900,520,18600,150,65200,999,9300,534,11100
2023/12/25,6370,049,132,88300,496,14700,243,51500,1031,7300,1340,8800
2023/12/26,6371,906,89,97300,443,16200,216,56700,868,8100,567,9700
2023/12/27,6372,451,126,67800,747,11300,285,39500,1650,5600,671,6700
2023/12/28,6373,090,454,50500,405,16800,256,33600,514,8400,628,5000
2023/12/29,6374,429,121,80200,495,13300,298,46700,1106,6600,1226,8000
2024/1/4,6375,013,87,92600,654,15400,175,54000,1415,7700,750,9200
2024/1/5,6376,491,372,57800,576,9600,210,33700,1257,4800,502,5700
2024/1/8,6377,565,87,113600,268,37800,139,75700,346,18900,851,11300
2024/1/9,6378,389,43,115000,431,19100,154,67000,930,9500,501,11500
2024/1/10,6379,460,110,103300,395,17200,168,60200,819,8600,389,10300
2024/1/11,6380,341,103,88700,525,14700,186,51700,1079,7300,452,8800
2024/1/12,6381,919,125,96400,223,32100,190,64200,271,16000,519,9600
2024/1/15,6382,833,96,106000,238,35300,139,70600,333,17600,1179,10600
2024/1/16,6383,780,33,118300,381,19700,166,69000,944,9800,422,11800
2024/1/17,6384,320,93,92500,402,15400,240,53900,817,7700,655,9200
2024/1/18,6385,604,131,97400,373,16200,151,56800,818,8100,617,9700
2024/1/19,6386,091,73,83800,730,13900,212,48800,1512,6900,446,8300
2024/1/22,6387,385,137,61100,1017,10100,388,35600,1942,5000,596,6100
2024/1/23,6388,715,122,69300,589,11500,287,40400,1104,5700,487,6900
2024/1/24,6389,725,133,68400,531,11400,294,39900,1036,5700,546,6800
2024/1/25,6390,796,46,121100,337,20100,140,70600,866,10000,553,12100
2024/1/26,6391,101,245,73200,248,24400,241,48800,306,12200,504,7300
2024/1/29,6392,419,101,82100,641,13600,317,47800,1139,6800,830,8200
2024/1/30,6393,802,89,73600,535,12200,287,42900,1286,6100,514,7300
2024/1/31,6394,723,169,57600,675,9600,400,33600,1201,4800,541,5700
2024/2/1,6395,310,180,58900,637,9800,394,34300,1093,4900,608,5800
2024/2/2,6396,546,84,109200,473,18200,142,63700,987,9100,520,10900
2024/2/5,6397,458,83,89000,502,14800,282,51900,1034,7400,831,8900
2024/2/6,6398,945,192,70100,377,11600,232,40800,946,5800,560,7000
2024/2/7,6399,791,49,109900,480,18300,144,64100,1079,9100,427,10900
2024/2/8,6400,948,80,104600,421,17400,151,61000,909,8700,571,10400
2024/2/9,6401,706,68,119500,376,19900,145,69700,839,9900,644,11900
2024/2/12,6402,916,408,57200,575,9500,404,33300,1175,4700,1839,5700
2024/2/13,6403,055,64,101800,191,33900,151,67800,298,16900,737,10100
2024/2/14,6404,692,176,90500,372,15000,127,52700,916,7500,370,9000
2024/2/15,6405,963,102,66800,655,11100,335,38900,1576,5500,587,6600
2024/2/16,6406,394,132,74700,653,12400,285,43500,1285,6200,512,7400
2024/2/19,6407,920,116,90500,518,15000,311,52700,975,7500,585,9000
2024/2/20,6408,541,125,77800,568,12900,221,45300,1298,6400,439,7700
2024/2/21,6409,105,110,72400,533,12000,308,42200,943,6000,594,7200
2024/2/22,6410,633,45,111600,232,37200,149,74400,320,18600,818,11100
2024/2/23,6411,834,58,118700,413,19700,136,69200,822,9800,720,11800
2024/2/26,6412,834,395,72100,497,12000,194,42000,872,6000,1070,7200
2024/2/27,6413,358,332,34100,910,5600,758,19800,1391,2800,814,3400
2024/2/28,6414,983,54,88900,619,14800,188,51800,1459,7400,477,8800
2024/2/29,6415,414,94,107600,198,35800,166,71700,265,17900,520,10700
2024/3/1,6416,367,61,115500,389,19200,185,67300,838,9600,728,11500
2024/3/4,6417,017,348,64300,596,10700,284,37500,1245,5300,728,6400
2024/3/5,6418,566,53,147300,141,49100,98,98200,221,24500,507,14700
2024/3/6,6419,395,84,93100,436,15500,208,54300,1028,7700,567,9300
2024/3/7,6420,956,118,75500,440,12500,214,44000,1036,6200,1223,7500
2024/3/8,6421,810,136,79300,517,13200,296,46200,1030,6600,449,7900
2024/3/11,6422,366,155,94700,241,31500,234,63100,351,15700,674,9400
2024/3/12,6423,494,115,94000,183,31300,160,62600,351,15600,400,9400
2024/3/13,6424,388,73,98000,239,32600,160,65300,309,16300,916,9800
2024/3/14,6425,833,180,54500,376,18100,339,36300,398,9000,1121,5400
2024/3/15,6426,957,117,113400,393,18900,193,66100,893,9400,533,11300
2024/3/18,6427,378,362,56400,650,9400,311,32900,1235,4700,738,5600
2024/3/19,6428,991,49,131500,230,43800,93,87600,338,21900,435,13100
2024/3/20,6429,978,86,97400,411,16200,175,56800,903,8100,361,9700
2024/3/21,6430,495,71,102200,421,17000,179,59600,933,8500,420,10200
2024/3/22,6431,059,69,91300,469,15200,222,53200,1090,7600,738,9100
2024/3/25,6432,391,95,83500,769,13900,202,48700,1519,6900,592,8300
2024/3/26,6433,504,84,85100,413,14100,219,49600,876,7000,507,8500
2024/3/27,6434,346,273,63400,449,10500,188,36900,1015,5200,739,6300
2024/3/28,6435,578,83,96500,411,16000,189,56200,893,8000,456,9600
2024/3/29,6436,150,176,91100,380,15100,159,53100,986,7500,466,9100
2024/4/1,6437,603,380,63700,568,10600,311,37100,1154,5300,1455,6300
2024/4/2,6438,440,84,86900,289,28900,202,57900,357,14400,550,8600
2024/4/3,6439,992,112,106000,190,35300,109,70600,318,17600,457,10600
2024/4/4,6440,965,42,137600,340,22900,113,80200,814,11400,376,13700
2024/4/5,6441,639,75,68400,782,11400,244,39900,1923,5700,744,6800
2024/4/8,6442,881,104,116200,271,38700,122,77400,383,19300,635,11600
2024/4/9,6443,018,82,80300,516,13300,181,46800,1108,6600,678,8000
2024/4/10,6444,668,48,137200,171,45700,126,91400,220,22800,449,13700
2024/4/11,6445,627,101,84900,405,14100,216,49500,908,7000,688,8400
2024/4/12,6446,490,423,56300,378,9300,216,32800,856,4600,479,5600
2024/4/15,6447,089,245,57600,800,9600,370,33600,1970,4800,789,5700
2024/4/16,6448,081,75,96700,548,16100,141,56400,1205,8000,418,9600
2024/4/17,6449,180,115,77900,615,12900,215,45400,1314,6400,463,7700
2024/4/18,6450,736,70,101900,349,16900,177,59400,818,8400,830,10100
2024/4/19,6451,910,146,66200,702,11000,331,38600,1356,5500,454,6600
2024/4/22,6452,941,105,88300,672,14700,187,51500,1580,7300,555,8800
2024/4/23,6453,806,64,98500,435,16400,199,57400,970,8200,417,9800
2024/4/24,6454,975,123,95700,313,15900,170,55800,777,7900,581,9500
2024/4/25,6455,981,62,80200,604,13300,258,46700,1568,6600,346,8000
2024/4/26,6456,279,147,62200,947,10300,347,36200,1350,5100,448,6200
2024/4/29,6457,898,71,78400,380,26100,216,52200,552,13000,1046,7800
2024/4/30,6458,020,83,120500,195,40100,122,80300,234,20000,431,12000
2024/5/1,6459,907,240,73200,434,12200,188,42700,962,6100,525,7300
2024/5/2,6460,313,100,91400,228,30400,250,60900,294,15200,435,9100
2024/5/3,6461,666,426,78600,0,0,0,0,0,0,603,7800
2024/5/6,6462,827,118,83300,532,13800,265,48500,1110,6900,527,8300
2024/5/7,6463,282,398,53200,261,17700,126,35400,433,8800,505,5300
2024/5/8,6464,412,90,90700,411,15100,197,52900,965,7500,433,9000
2024/5/9,6465,271,304,49800,604,8300,258,29000,1349,4100,1003,4900
2024/5/10,6466,473,57,107500,480,17900,150,62700,1080,8900,450,10700
2024/5/13,6467,186,115,89600,591,14900,191,52200,1234,7400,516,8900
2024/5/14,6468,772,49,96700,289,32200,153,64400,466,16100,366,9600
2024/5/15,6469,219,108,74100,578,12300,242,43200,1316,6100,479,7400
2024/5/16,6470,943,212,66200,546,11000,194,38600,1117,5500,419,6600
2024/5/17,6471,872,149,78000,534,13000,180,45500,1248,6500,470,7800
2024/5/20,6472,156,418,53600,628,8900,238,31200,1278,4400,550,5300
2024/5/21,6473,526,506,41600,399,6900,305,24200,914,3400,513,4100
2024/5/22,6474,719,84,85900,392,14300,250,50100,833,7100,379,8500
2024/5/23,6475,268,72,83600,548,13900,220,48700,1077,6900,410,8300
2024/5/24,6476,267,70,88200,592,14700,197,51400,1271,7300,382,8800
2024/5/27,6477,161,66,116600,273,38800,112,77700,501,19400,532,11600
2024/5/28,6478,564,167,95200,252,15800,109,55500,593,7900,370,9500
2024/5/29,6479,419,152,59500,511,9900,346,34700,985,4900,678,5900
2024/5/30,6480,933,441,49300,249,16400,143,32800,398,8200,745,4900
2024/5/31,6481,904,42,114400,350,19000,189,66700,780,9500,434,11400
2024/6/3,6482,199,132,81700,331,27200,176,54400,491,13600,1008,8100
2024/6/4,6483,478,59,118300,261,19700,141,69000,741,9800,453,11800
2024/6/5,6484,712,83,80600,543,13400,222,47000,1137,6700,437,8000
2024/6/6,6485,781,70,85500,517,14200,172,49800,1396,7100,518,8500
2024/6/7,6486,455,69,130200,165,43400,115,86800,280,21700,593,13000
2024/6/10,6487,760,441,65400,337,10900,115,38100,759,5400,556,6500
2024/6/11,6488,529,404,46100,412,7600,283,26800,873,3800,617,4600
2024/6/12,6489,788,263,69700,205,23200,126,46400,251,11600,696,6900
2024/6/13,6490,435,62,117100,316,19500,120,68300,745,9700,417,11700
2024/6/14,6491,632,244,71000,513,11800,141,41400,1405,5900,456,7100
2024/6/17,6492,421,289,64600,535,10700,230,37600,1164,5300,662,6400
2024/6/18,6493,119,430,43900,260,14600,261,29200,269,7300,687,4300
2024/6/19,6494,665,248,83100,171,27700,110,55400,243,13800,357,8300
2024/6/20,6495,017,83,100300,384,16700,154,58500,827,8300,402,10000
2024/6/21,6496,668,87,118300,171,39400,126,78800,235,19700,498,11800
2024/6/24,6497,484,77,96400,339,32100,209,64200,368,16000,549,9600
2024/6/25,6498,018,245,60600,508,10100,188,35300,1141,5000,530,6000
2024/6/26,6499,426,144,72500,567,12000,251,42200,1020,6000,494,7200
2024/6/27,6500,280,38,108200,491,18000,136,63100,1319,9000,395,10800
2024/6/28,6501,364,112,96600,424,16100,161,56300,936,8000,422,9600
2024/7/1,6502,724,264,56200,774,9300,391,32700,1381,4600,891,5600
2024/7/2,6503,732,178,69500,613,11500,193,40500,1398,5700,368,6900
2024/7/3,6504,094,155,108000,294,18000,97,63000,748,9000,343,10800
2024/7/4,6505,575,178,95400,182,31800,94,63600,227,15900,513,9500
2024/7/5,6506,993,66,124900,232,41600,117,83200,255,20800,457,12400
2024/7/8,6507,810,152,74300,649,12300,342,43300,1201,6100,471,7400
2024/7/9,6508,273,192,75800,456,12600,143,44200,1068,6300,313,7500
2024/7/10,6509,224,174,80700,227,26900,184,53800,306,13400,439,8000
2024/7/11,6510,335,86,75700,318,25200,258,50400,308,12600,469,7500
2024/7/12,6511,475,112,84600,470,14100,221,49300,964,7000,409,8400
2024/7/15,6512,098,463,47200,607,7800,223,27500,1473,3900,503,4700
2024/7/16,6513,884,195,75900,218,25300,146,50600,271,12600,392,7500
2024/7/17,6514,100,487,44800,254,14900,173,29800,306,7400,862,4400
2024/7/18,6515,864,83,99800,384,16600,134,58200,877,8300,382,9900
2024/7/19,6516,086,242,75000,414,12500,138,43700,934,6200,355,7500
2024/7/22,6517,937,99,89700,487,14900,189,52300,1068,7400,559,8900
2024/7/23,6518,620,63,111100,231,18500,179,64800,622,9200,352,11100
2024/7/24,6519,643,301,63400,376,10500,100,36900,872,5200,425,6300
2024/7/25,6520,503,71,94000,426,15600,221,54800,844,7800,338,9400
2024/7/26,6521,498,68,103100,391,17100,173,60100,1023,8500,378,10300
2024/7/29,6522,853,85,64800,1227,10800,186,37800,2324,5400,498,6400
2024/7/30,6523,343,66,111800,195,37200,127,74500,248,18600,309,11100
2024/7/31,6524,392,248,70800,363,11800,148,41300,854,5900,372,7000
2024/8/1,6525,098,293,60800,515,10100,155,35400,1206,5000,407,6000
2024/8/2,6526,127,322,51100,617,8500,299,29800,1283,4200,487,5100
2024/8/5,6527,280,160,73600,639,12200,206,42900,1489,6100,454,7300
2024/8/6,6528,802,147,51000,649,8500,401,29700,1229,4200,422,5100
2024/8/7,6529,862,224,65100,478,10800,145,37900,1006,5400,530,6500
2024/8/8,6530,036,248,69700,399,11600,156,40600,826,5800,411,6900
2024/8/9,6531,270,32,117500,427,19500,137,68500,953,9700,361,11700
2024/8/12,6532,580,144,96100,429,16000,123,56000,774,8000,404,9600
2024/8/13,6533,701,54,113700,318,18900,125,66300,688,9400,395,11300
2024/8/14,6534,051,59,105800,399,17600,122,61700,922,8800,417,10500
2024/8/15,6535,337,70,108800,256,36200,149,72500,337,18100,354,10800
2024/8/16,6536,322,83,85700,306,28500,166,57100,418,14200,673,8500
2024/8/19,6537,684,193,83000,533,13800,167,48400,1042,6900,506,8300
2024/8/20,6538,772,47,138800,205,46200,93,92500,307,23100,348,13800
2024/8/21,6539,803,98,77500,472,12900,243,45200,1099,6400,350,7700
2024/8/22,6540,801,153,60600,699,10100,258,35300,1551,5000,310,6000
2024/8/23,6541,067,66,131500,313,21900,134,76700,649,10900,350,13100
2024/8/26,6542,900,153,86700,292,28900,166,57800,342,14400,715,8600
2024/8/27,6543,376,54,119900,372,19900,138,69900,716,9900,336,11900
2024/8/28,6544,656,52,143600,168,47800,100,95700,205,23900,343,14300
2024/8/29,6545,355,131,71400,293,23800,188,47600,284,11900,549,7100
2024/8/30,6546,864,105,91400,377,15200,158,53300,933,7600,471,9100
2024/9/2,6547,398,72,80300,692,13300,319,46800,1355,6600,552,8000
2024/9/3,6548,216,252,60600,502,10100,223,35300,1060,5000,397,6000
2024/9/4,6549,385,232,52600,729,8700,307,30600,1454,4300,477,5200
2024/9/5,6550,666,323,94500,0,0,0,0,0,0,498,9400
2024/9/6,6551,827,259,39600,766,6600,696,23100,1271,3300,582,3900
2024/9/9,6552,500,79,104500,292,34800,151,69600,354,17400,669,10400
2024/9/10,6553,811,490,41200,273,13700,188,27400,420,6800,682,4100
2024/9/11,6554,508,75,101500,396,16900,178,59200,749,8400,398,10100
2024/9/12,6555,527,103,83700,442,13900,193,48800,907,6900,398,8300
2024/9/13,6556,215,156,78500,445,13000,206,45700,967,6500,400,7800
2024/9/16,6557,319,249,53100,603,8800,418,30900,1328,4400,584,5300
2024/9/17,6558,669,73,102100,198,34000,153,68000,229,17000,419,10200
2024/9/18,6559,430,90,96800,296,16100,185,56400,633,8000,435,9600
2024/9/19,6560,297,88,76600,434,12700,221,44600,1018,6300,449,7600
2024/9/20,6561,776,94,111500,200,37100,124,74300,208,18500,368,11100
2024/9/23,6562,808,299,49500,326,16500,405,33000,313,8200,473,4900
2024/9/24,6563,844,217,64100,328,21300,115,42700,441,10600,633,6400
2024/9/25,6564,835,483,38400,726,6400,214,22400,1701,3200,397,3800
2024/9/26,6565,841,42,108800,369,18100,175,63400,929,9000,277,10800
2024/9/27,6566,171,55,102700,292,34200,107,68400,526,17100,408,10200
2024/9/30,6567,549,354,60800,590,10100,173,35400,1152,5000,510,6000
2024/10/1,6568,484,331,48100,360,16000,306,32000,541,8000,437,4800
2024/10/2,6569,190,122,87400,473,14500,122,50900,1090,7200,348,8700
2024/10/3,6570,097,63,119200,332,19800,112,69500,730,9900,292,11900
2024/10/4,6571,610,95,82400,449,13700,240,48000,860,6800,514,8200
2024/10/7,6572,477,76,105100,234,35000,140,70000,265,17500,851,10500
2024/10/8,6573,014,57,101600,406,16900,126,59200,953,8400,401,10100
2024/10/9,6574,113,129,66200,266,22000,258,44100,324,11000,532,6600
2024/10/10,6575,264,68,100600,465,16700,130,58600,968,8300,403,10000
2024/10/11,6576,751,118,77700,561,12900,161,45300,1426,6400,444,7700
2024/10/14,6577,202,76,101400,221,33800,174,67600,301,16900,457,10100
2024/10/15,6578,582,134,83200,445,13800,127,48500,1133,6900,331,8300
2024/10/16,6579,983,33,105100,494,17500,126,61300,1292,8700,374,10500
2024/10/17,6580,546,47,127200,315,21200,120,74200,716,10600,504,12700
2024/10/18,6581,411,89,85700,259,28500,187,57100,442,14200,541,8500
2024/10/21,6582,934,306,66300,544,11000,183,38600,1039,5500,464,6600
2024/10/22,6583,731,573,39000,426,6500,217,22700,1010,3200,441,3900
2024/10/23,6584,691,51,102400,400,17000,135,59700,1060,8500,429,10200
2024/10/24,6585,021,29,120500,397,20000,105,70200,1017,10000,389,12000
2024/10/25,6586,783,66,120800,370,20100,128,70400,944,10000,322,12000
2024/10/28,6587,830,117,85600,486,14200,248,49900,1013,7100,429,8500
2024/10/29,6588,161,52,122700,198,40900,83,81800,350,20400,318,12200
2024/10/30,6589,060,497,45100,340,15000,182,30000,282,7500,308,4500
2024/10/31,6590,133,330,51900,289,17300,158,34600,477,8600,809,5100
2024/11/1,6591,241,472,47800,562,7900,192,27800,1226,3900,459,4700
2024/11/4,6592,187,347,57300,537,9500,160,33400,1212,4700,966,5700
2024/11/5,6593,290,165,84000,392,14000,136,49000,868,7000,377,8400
2024/11/6,6594,359,80,78600,415,13100,262,45800,907,6500,556,7800
2024/11/7,6595,395,42,108800,342,18100,160,63400,820,9000,454,10800
2024/11/8,6596,984,65,101100,407,16800,176,58900,968,8400,521,10100
2024/11/11,6597,230,75,117700,446,19600,131,68600,924,9800,443,11700
2024/11/12,6598,518,346,53200,398,8800,234,31000,748,4400,485,5300
2024/11/13,6599,091,193,70500,500,11700,139,41100,1157,5800,394,7000
2024/11/14,6600,530,99,77200,453,12800,239,45000,1007,6400,348,7700
2024/11/15,6601,091,95,95100,452,15800,114,55400,1160,7900,428,9500
2024/11/18,6602,035,506,42700,876,7100,223,24900,2077,3500,461,4200
2024/11/19,6603,956,39,133800,289,22300,112,78000,639,11100,337,13300
2024/11/20,6604,406,54,116200,340,19300,156,67700,688,9600,451,11600
2024/11/21,6605,138,152,55400,561,9200,323,32300,1308,4600,554,5500
2024/11/22,6606,147,589,38000,599,6300,245,22100,1324,3100,635,3800
2024/11/25,6607,566,151,84000,286,28000,180,56000,284,14000,596,8400
2024/11/26,6608,814,78,89000,365,14800,202,51900,802,7400,381,8900
2024/11/27,6609,638,163,64400,454,10700,250,37500,1002,5300,439,6400
2024/11/28,6610,878,30,125700,185,41900,124,83800,256,20900,441,12500
2024/11/29,6611,656,299,66900,240,22300,153,44600,269,11100,390,6600
2024/12/2,6612,175,126,82300,598,13700,231,48000,1155,6800,579,8200
2024/12/3,6613,340,544,46400,341,7700,104,27000,783,3800,481,4600
2024/12/4,6614,179,113,92600,372,15400,155,54000,942,7700,391,9200
2024/12/5,6615,710,121,75500,425,12500,255,44000,866,6200,385,7500
2024/12/6,6616,281,662,36400,540,6000,206,21200,1356,3000,567,3600
2024/12/9,6617,692,54,104100,521,17300,158,60700,1103,8600,561,10400
2024/12/10,6618,205,57,107000,352,17800,164,62400,778,8900,342,10700
2024/12/11,6619,431,138,77900,483,12900,130,45400,1145,6400,426,7700
2024/12/12,6620,989,531,42600,262,14200,166,28400,402,7100,397,4200
2024/12/13,6621,409,91,84500,449,14000,249,49200,975,7000,777,8400
2024/12/16,6622,632,46,110000,574,18300,159,64100,1222,9100,600,11000
2024/12/17,6623,264,76,88500,535,14700,156,51600,1143,7300,441,8800
2024/12/18,6624,108,137,57500,659,9500,391,33500,1326,4700,424,5700
2024/12/19,6625,873,74,102400,360,17000,170,59700,863,8500,432,10200
2024/12/20,6626,052,98,103900,386,17300,116,60600,838,8600,588,10300
2024/12/23,6627,495,187,82300,500,13700,236,48000,1135,6800,456,8200
2024/12/24,6628,496,68,97400,377,16200,174,56800,950,8100,475,9700
2024/12/25,6629,404,90,105100,193,35000,167,70000,319,17500,443,10500
2024/12/26,6630,315,224,47900,742,7900,536,27900,1358,3900,488,4700
2024/12/27,6631,953,272,69700,580,11600,184,40600,1153,5800,465,6900
2024/12/30,6632,303,620,44300,378,14700,303,29500,518,7300,626,4400
2025/1/6,6633,188,172,88700,274,29500,170,59100,466,14700,939,8800
2025/1/7,6634,238,202,68100,481,11300,227,39700,1174,5600,469,6800
2025/1/8,6635,462,112,81700,553,13600,174,47600,1141,6800,391,8100
2025/1/9,6636,207,630,39900,424,6600,193,23200,896,3300,446,3900
2025/1/10,6637,669,88,113400,145,37800,151,75600,210,18900,512,11300
2025/1/13,6638,265,55,111800,497,18600,159,65200,1078,9300,367,11100
2025/1/14,6639,606,139,74400,239,24800,191,49600,339,12400,466,7400
2025/1/15,6640,216,111,67300,576,11200,270,39200,1285,5600,513,6700
2025/1/16,6641,100,73,103200,170,34400,149,68800,207,17200,718,10300
2025/1/17,6642,944,289,70600,189,23500,97,47000,299,11700,623,7000
2025/1/20,6643,672,61,114100,505,19000,145,66500,994,9500,482,11400
2025/1/21,6644,496,65,102100,379,17000,191,59500,812,8500,386,10200
2025/1/22,6645,842,45,104400,455,17400,110,60900,1001,8700,616,10400
2025/1/23,6646,239,137,76400,415,12700,167,44500,938,6300,709,7600
2025/1/24,6647,557,122,101300,203,33700,155,67500,242,16800,506,10100
2025/1/27,6648,169,195,67900,530,11300,298,39600,1103,5600,679,6700
2025/1/28,6649,763,266,65800,380,10900,179,38300,777,5400,482,6500
2025/1/29,6650,314,136,72200,346,12000,295,42100,749,6000,421,7200
2025/1/30,6651,577,161,92600,195,30800,99,61700,263,15400,509,9200
2025/1/31,6652,020,56,111600,176,37200,147,74400,267,18600,893,11100
2025/2/3,6653,168,323,48200,694,8000,501,28100,1161,4000,529,4800
2025/2/4,6654,799,141,90100,154,30000,96,60000,244,15000,692,9000
2025/2/5,6655,973,57,116400,320,19400,125,67900,743,9700,412,11600
2025/2/6,6656,033,183,72300,191,24100,164,48200,355,12000,674,7200
2025/2/7,6657,100,68,107300,192,35700,106,71500,236,17800,896,10700
2025/2/10,6658,249,116,88700,520,14700,213,51700,1087,7300,497,8800
2025/2/11,6659,086,27,147400,288,24500,104,85900,655,12200,381,14700
2025/2/12,6660,427,111,68100,479,11300,303,39700,873,5600,490,6800
2025/2/13,6661,354,158,70300,310,11700,156,41000,701,5800,1133,7000
2025/2/14,6662,720,86,103400,435,17200,192,60300,889,8600,415,10300
2025/2/17,6663,796,58,124500,442,20700,154,72600,922,10300,511,12400
2025/2/18,6664,804,165,77700,368,12900,207,45300,732,6400,421,7700
2025/2/19,6665,157,75,85300,539,14200,171,49700,1323,7100,324,8500
2025/2/20,6666,770,47,101400,245,33800,187,67600,358,16900,418,10100
2025/2/21,6667,531,104,81100,542,13500,242,47300,1064,6700,461,8100
2025/2/24,6668,423,137,70600,606,11700,279,41100,1139,5800,584,7000
2025/2/25,6669,185,63,104100,378,17300,138,60700,952,8600,452,10400
2025/2/26,6670,996,107,84700,222,28200,219,56400,274,14100,537,8400
2025/2/27,6671,372,94,76800,541,12800,230,44800,1247,6400,394,7600
2025/2/28,6672,394,92,84800,522,14100,232,49400,1071,7000,468,8400
2025/3/3,6673,422,84,90800,300,30200,221,60500,378,15100,839,9000
2025/3/4,6674,638,91,83100,454,13800,213,48400,883,6900,447,8300
2025/3/5,6675,052,45,127000,382,21100,104,74000,844,10500,398,12700
2025/3/6,6676,417,151,58100,596,9600,322,33800,1294,4800,624,5800
2025/3/7,6677,128,116,64300,489,10700,345,37500,1103,5300,903,6400
2025/3/10,6678,959,53,132300,216,44100,172,88200,320,22000,559,13200
2025/3/11,6679,036,79,88900,451,14800,170,51800,1046,7400,472,8800
2025/3/12,6680,312,226,40300,723,6700,582,23500,1345,3300,468,4000
2025/3/13,6681,946,71,95300,363,15800,185,55500,890,7900,475,9500
2025/3/14,6682,766,105,103200,196,34400,96,68800,302,17200,728,10300
2025/3/17,6683,187,70,90300,564,15000,163,52600,1314,7500,731,9000
2025/3/18,6684,150,69,106200,387,17700,93,61900,904,8800,448,10600
2025/3/19,6685,099,226,67200,203,22400,140,44800,319,11200,532,6700
2025/3/20,6686,320,297,34600,594,5700,672,20100,929,2800,569,3400
2025/3/21,6687,146,58,90600,575,15100,182,52800,1191,7500,423,9000
2025/3/24,6688,948,61,108100,421,18000,159,63000,999,9000,689,10800
2025/3/25,6689,990,355,60600,162,20200,126,40400,242,10100,341,6000
2025/3/26,6690,029,82,84900,380,14100,198,49500,878,7000,688,8400
2025/3/27,6691,725,110,67700,516,11200,280,39400,1036,5600,586,6700
2025/3/28,6692,730,166,74800,422,12400,200,43600,950,6200,454,7400
2025/3/31,6693,337,181,78300,312,26100,172,52200,372,13000,533,7800
2025/4/1,6694,515,84,92300,210,30700,197,61500,236,15300,334,9200
2025/4/2,6695,964,82,93800,449,15600,152,54700,925,7800,425,9300
2025/4/3,6696,129,165,58900,458,9800,353,34300,1009,4900,412,5800
2025/4/4,6697,214,140,74000,485,12300,248,43100,1043,6100,420,7400
2025/4/7,6698,623,167,70400,598,11700,296,41000,1096,5800,475,7000
2025/4/8,6699,457,167,74100,420,12300,160,43200,826,6100,415,7400
2025/4/9,6700,046,133,86900,320,14400,163,50600,689,7200,500,8600
2025/4/10,6701,467,160,70700,348,11700,250,41200,777,5800,367,7000
2025/4/11,6702,543,59,133900,306,22300,97,78100,757,11100,364,13300
2025/4/14,6703,313,150,80200,281,26700,212,53400,353,13300,473,8000
2025/4/15,6704,574,69,95400,296,15900,136,55600,738,7900,1109,9500
2025/4/16,6705,629,97,79700,470,13200,245,46400,1025,6600,469,7900
2025/4/17,6706,249,59,104800,439,17400,137,61100,1008,8700,414,10400
2025/4/18,6707,440,121,87400,266,29100,194,58200,355,14500,417,8700
2025/4/21,6708,637,82,102000,530,17000,192,59500,1015,8500,434,10200
2025/4/22,6709,020,100,120200,125,40000,87,80100,214,20000,460,12000
2025/4/23,6710,896,148,90700,286,15100,122,52900,694,7500,491,9000
2025/4/24,6711,978,58,100400,458,16700,151,58500,972,8300,447,10000
2025/4/25,6712,446,65,125400,198,41800,114,83600,234,20900,555,12500
2025/4/28,6713,718,262,63100,512,10500,264,36800,1119,5200,620,6300
2025/4/29,6714,253,102,79100,482,13100,146,46100,1241,6500,414,7900
2025/4/30,6715,878,194,88700,200,29500,130,59100,243,14700,322,8800
2025/5/1,6716,752,107,98700,477,16400,140,57500,1065,8200,323,9800
2025/5/2,6717,652,161,87700,466,14600,123,51100,1116,7300,340,8700
2025/5/5,6718,133,58,104000,279,34600,118,69300,411,17300,901,10400
2025/5/6,6719,157,78,82600,531,13700,165,48100,1105,6800,380,8200
2025/5/7,6720,990,99,96500,252,32100,141,64300,337,16000,387,9600
2025/5/8,6721,990,88,87700,280,29200,192,58400,399,14600,334,8700
2025/5/9,6722,190,394,43000,835,7100,262,25000,1724,3500,574,4300
2025/5/12,6723,502,83,103400,511,17200,182,60300,966,8600,547,10300
2025/5/13,6724,152,74,70100,675,11600,225,40800,1488,5800,433,7000
2025/5/14,6725,122,109,74400,285,24800,217,49600,368,12400,587,7400
2025/5/15,6726,371,218,65500,395,10900,239,38200,1053,5400,485,6500
2025/5/16,6727,611,103,82200,255,27400,191,54800,364,13700,836,8200
2025/5/19,6728,870,95,108200,404,18000,156,63100,925,9000,335,10800
2025/5/20,6729,263,56,115400,345,19200,101,67300,907,9600,312,11500
2025/5/21,6730,355,113,79000,171,26300,159,52600,253,13100,962,7900
2025/5/22,6731,680,40,124500,314,20700,116,72600,733,10300,411,12400
2025/5/23,6732,752,81,84100,577,14000,207,49000,1150,7000,527,8400
2025/5/26,6733,902,188,80300,491,13300,206,46800,927,6600,500,8000
2025/5/27,6734,238,94,88700,372,14700,162,51700,966,7300,411,8800
2025/5/28,6735,564,226,71100,389,11800,127,41400,803,5900,460,7100
2025/5/29,6736,849,65,95800,377,15900,155,55800,928,7900,528,9500
2025/5/30,6737,549,44,105200,431,17500,148,61300,1049,8700,449,10500
2025/6/2,6738,898,71,108600,249,36200,185,72400,350,18100,562,10800
2025/6/3,6739,800,63,91400,233,30400,148,60900,252,15200,742,9100
2025/6/4,6740,819,138,58700,539,9700,362,34200,1039,4800,545,5800
2025/6/5,6741,066,63,95200,239,31700,151,63400,365,15800,578,9500
2025/6/6,6742,227,279,54200,291,18000,266,36100,330,9000,756,5400
2025/6/9,6743,490,47,127800,377,21300,143,74500,845,10600,560,12700
2025/6/10,6744,284,43,105400,401,17500,131,61400,871,8700,445,10500
2025/6/11,6745,918,159,77700,350,12900,161,45300,751,6400,437,7700
2025/6/12,6746,535,39,112800,194,37600,121,75200,332,18800,463,11200
2025/6/13,6747,069,60,100900,413,16800,188,58800,953,8400,583,10000
2025/6/16,6748,040,108,117200,206,39000,135,78100,273,19500,510,11700
2025/6/17,6749,482,116,82200,484,13700,164,47900,1003,6800,349,8200
2025/6/18,6750,120,350,52200,358,8700,256,30400,730,4300,507,5200
2025/6/19,6751,695,45,120500,350,20000,123,70200,680,10000,419,12000
2025/6/20,6752,536,59,103600,438,17200,157,60400,965,8600,455,10300
2025/6/23,6753,870,56,119200,403,19800,157,69500,889,9900,475,11900
2025/6/24,6754,652,76,95600,422,15900,117,55700,951,7900,527,9500
2025/6/25,6755,306,106,97800,379,16300,178,57000,765,8100,328,9700
2025/6/26,6756,458,201,62300,359,10300,228,36300,803,5100,900,6200
2025/6/27,6757,621,240,59300,517,9800,272,34500,1156,4900,434,5900
2025/6/30,6758,149,74,93000,615,15500,180,54200,1225,7700,618,9300
2025/7/1,6759,307,80,88100,451,14600,208,51300,956,7300,361,8800
2025/7/2,6760,897,34,134400,324,22400,106,78400,657,11200,559,13400
2025/7/3,6761,108,106,57800,566,9600,444,33700,1078,4800,462,5700
2025/7/4,6762,407,88,81200,568,13500,235,47300,1181,6700,368,8100
2025/7/7,6763,190,92,83000,635,13800,244,48400,1442,6900,681,8300
2025/7/8,6764,614,90,79800,383,13300,253,46500,876,6600,479,7900
2025/7/9,6765,843,41,120700,327,20100,129,70400,823,10000,404,12000
2025/7/10,6766,364,130,81100,398,13500,173,47300,948,6700,423,8100
2025/7/11,6767,324,150,77100,443,12800,236,44900,872,6400,570,7700
2025/7/14,6768,588,160,83100,232,27700,170,55400,334,13800,822,8300
2025/7/15,6769,548,73,92600,392,15400,160,54000,954,7700,410,9200
2025/7/16,6770,693,71,70200,571,11700,229,40900,1422,5800,796,7000
2025/7/17,6771,442,57,125900,147,41900,104,83900,292,20900,427,12500
2025/7/18,6772,601,126,90700,355,15100,158,52900,824,7500,607,9000
2025/7/21,6773,224,103,92600,200,30800,205,61700,320,15400,390,9200
2025/7/22,6774,168,153,63800,379,10600,327,37200,841,5300,366,6300
2025/7/23,6775,801,80,80300,539,13300,194,46800,1194,6600,318,8000
2025/7/24,6776,671,229,71000,401,11800,124,41400,1080,5900,324,7100
2025/7/25,6777,294,84,91600,445,15200,184,53400,1005,7600,408,9100
2025/7/28,6778,648,223,60100,651,10000,293,35000,1302,5000,607,6000
2025/7/29,6779,524,159,57100,790,9500,274,33300,971,4700,426,5700
2025/7/30,6780,491,72,91400,382,15200,151,53300,994,7600,470,9100
2025/7/31,6781,244,77,90500,206,30100,154,60300,273,15000,777,9000
2025/8/1,6782,808,154,70600,266,23500,279,47000,255,11700,670,7000
2025/8/4,6783,856,189,82700,390,13700,198,48200,933,6800,566,8200
2025/8/5,6784,361,79,83400,496,13900,182,48600,1135,6900,401,8300
2025/8/6,6785,300,236,67500,203,22500,153,45000,247,11200,685,6700
2025/8/7,6786,207,47,103700,361,17200,195,60400,811,8600,384,10300
2025/8/8,6787,657,43,138400,314,23000,111,80700,752,11500,475,13800
2025/8/11,6788,090,79,98900,252,32900,155,65900,355,16400,620,9800
2025/8/12,6789,462,110,78400,459,13000,168,45700,1151,6500,319,7800
2025/8/13,6790,766,32,157900,121,52600,83,105200,168,26300,473,15700
2025/8/14,6791,142,58,103100,390,17100,122,60100,988,8500,336,10300
2025/8/15,6792,486,67,87600,523,14600,230,51100,1109,7300,459,8700
2025/8/18,6793,776,87,99700,232,33200,223,66400,314,16600,530,9900
2025/8/19,6794,631,152,88600,323,14700,111,51600,946,7300,404,8800
2025/8/20,6795,218,106,71300,501,11800,261,41500,1085,5900,447,7100
2025/8/21,6796,741,179,61300,597,10200,213,35700,1287,5100,443,6100
2025/8/22,6797,461,113,77400,550,12900,235,45100,1210,6400,427,7700
2025/8/25,6798,313,120,83900,253,27900,276,55900,346,13900,513,8300
2025/8/26,6799,650,63,119100,296,19800,122,69400,699,9900,390,11900
2025/8/27,6800,038,101,95100,389,15800,132,55400,972,7900,428,9500
2025/8/28,6801,186,43,91300,509,15200,190,53200,1275,7600,368,9100
2025/8/29,6802,805,81,97100,377,16100,218,56600,766,8000,534,9700
2025/9/1,6803,229,115,83900,281,27900,222,55900,409,13900,839,8300
2025/9/2,6804,275,49,87800,527,14600,179,51200,1202,7300,546,8700
2025/9/3,6805,806,48,97600,363,16200,236,56900,888,8100,458,9700
2025/9/4,6806,131,227,70200,228,23400,159,46800,422,11700,375,7000
2025/9/5,6807,856,66,102600,345,17100,189,59800,845,8500,420,10200
2025/9/8,6808,572,74,94300,692,15700,185,55000,1277,7800,460,9400
2025/9/9,6809,891,166,79100,410,13100,153,46100,1007,6500,388,7900
2025/9/10,6810,777,434,69100,0,0,0,0,0,0,664,6900
2025/9/11,6811,827,496,36600,562,6100,411,21300,1081,3000,490,3600
2025/9/12,6812,411,73,99800,215,33200,170,66500,374,16600,502,9900
2025/9/15,6813,573,70,90900,629,15100,170,53000,1183,7500,441,9000
2025/9/16,6814,672,41,108700,400,18100,128,63400,982,9000,263,10800
2025/9/17,6815,578,46,106300,414,17700,148,62000,889,8800,375,10600
2025/9/18,6816,368,93,76400,455,12700,225,44500,1107,6300,409,7600
2025/9/19,6817,630,96,93200,374,15500,230,54300,823,7700,400,9300
2025/9/22,6818,064,66,120100,416,20000,133,70000,921,10000,443,12000
2025/9/23,6819,072,274,63400,324,10500,171,36900,735,5200,339,6300
2025/9/24,6820,055,134,91500,195,30500,108,61000,260,15200,485,9100
2025/9/25,6821,439,156,71800,420,11900,237,41800,932,5900,500,7100
2025/9/26,6822,049,257,65100,384,10800,178,37900,1006,5400,523,6500
2025/9/29,6823,789,144,95400,362,15900,177,55600,756,7900,494,9500
2025/9/30,6824,194,88,84800,453,14100,209,49400,1032,7000,412,8400
2025/10/1,6825,213,128,73200,472,12200,248,42700,1089,6100,472,7300
2025/10/2,6826,936,89,81800,504,13600,165,47700,1185,6800,452,8100
2025/10/3,6827,279,67,88300,479,14700,214,51500,1190,7300,400,8800
2025/10/6,6828,523,122,78000,552,13000,263,45500,1042,6500,671,7800
2025/10/7,6829,654,42,104100,395,17300,143,60700,926,8600,502,10400
2025/10/8,6830,404,52,114300,207,38100,111,76200,280,19000,448,11400
2025/10/9,6831,636,185,87600,139,29200,97,58400,229,14600,367,8700
2025/10/10,6832,708,77,106500,332,17700,177,62100,774,8800,394,10600
2025/10/13,6833,278,87,86100,510,14300,220,50200,995,7100,400,8600
2025/10/14,6834,404,331,63400,121,21100,101,42200,237,10500,342,6300
2025/10/15,6835,374,94,85200,416,14200,213,49700,912,7100,431,8500
2025/10/16,6836,157,137,70300,466,11700,223,41000,1117,5800,429,7000
2025/10/17,6837,729,111,83000,433,13800,273,48400,907,6900,484,8300
2025/10/20,6838,518,157,81500,497,13500,258,47500,885,6700,626,8100
2025/10/21,6839,204,177,71700,347,11900,186,41800,920,5900,623,7100
2025/10/22,6840,139,216,60900,463,10100,187,35500,1266,5000,422,6000
2025/10/23,6841,209,65,78700,412,13100,226,45900,924,6500,717,7800
2025/10/24,6842,472,97,76800,652,12800,212,44800,1389,6400,413,7600
2025/10/27,6843,631,99,80600,641,13400,210,47000,1424,6700,470,8000
2025/10/28,6844,656,55,123700,173,41200,124,82400,240,20600,428,12300
2025/10/29,6845,652,154,83700,415,13900,129,48800,993,6900,329,8300
2025/10/30,6846,013,51,95600,467,15900,138,55700,1224,7900,374,9500
2025/10/31,6847,395,143,81800,375,13600,190,47700,912,6800,417,8100
2025/11/3,6848,810,397,45700,721,7600,392,26600,1375,3800,509,4500
2025/11/4,6849,684,151,73300,465,12200,186,42700,1030,6100,430,7300
2025/11/5,6850,344,61,118500,149,39500,115,79000,312,19700,572,11800
2025/11/6,6851,199,256,62900,192,20900,148,41900,311,10400,854,6200
2025/11/7,6852,289,129,71300,574,11800,246,41500,1256,5900,447,7100
2025/11/10,6853,256,106,86800,468,14400,247,50600,1036,7200,450,8600
2025/11/11,6854,758,426,50700,332,8400,187,29500,697,4200,430,5000
2025/11/12,6855,663,272,73300,147,24400,112,48800,217,12200,462,7300
2025/11/13,6856,790,186,81200,348,13500,138,47300,709,6700,429,8100
2025/11/14,6857,706,87,112100,309,18600,137,65300,670,9300,390,11200
2025/11/17,6858,567,334,63200,481,10500,255,36800,838,5200,415,6300
2025/11/18,6859,143,141,81800,397,13600,134,47700,1005,6800,368,8100
2025/11/19,6860,379,410,53400,318,8900,146,31100,720,4400,301,5300
2025/11/20,6861,909,98,81000,244,27000,159,54000,318,13500,561,8100
2025/11/21,6862,619,113,70100,474,11600,314,40800,976,5800,466,7000
2025/11/24,6863,836,119,77300,556,12800,241,45000,1156,6400,489,7700
2025/11/25,6864,873,202,67100,380,11100,190,39100,878,5500,394,6700
2025/11/26,6865,106,165,80300,308,13300,169,46800,659,6600,397,8000
2025/11/27,6866,861,54,94100,468,15600,137,54800,1210,7800,331,9400
2025/11/28,6867,656,459,52700,224,17500,178,35100,289,8700,481,5200
2025/12/1,6868,886,62,110100,281,36700,191,73400,336,18300,444,11000
2025/12/2,6869,584,60,107300,382,17800,147,62500,855,8900,354,10700
2025/12/3,6870,156,95,82900,439,13800,196,48300,1049,6900,450,8200
2025/12/4,6871,973,814,36400,358,6000,100,21200,748,3000,327,3600
2025/12/5,6872,835,96,61600,857,10200,253,35900,1892,5100,406,6100
2025/12/8,6873,412,224,70300,574,11700,257,41000,1150,5800,441,7000
