draw_date,draw_number,winning_number,ストレート口数,ストレート賞金,ボックス口数,ボックス賞金,セット(ストレート)口数,セット(ストレート)賞金,セット(ボックス)口数,セット(ボックス)賞金
1994/10/7,1,1149,0,942600,0,78500,0,510500,0,39200
1994/10/14,2,7921,0,923700,0,38400,0,481000,0,19200
1994/10/21,3,0097,0,1516600,0,126300,0,821400,0,63100
1994/10/28,4,0171,0,579400,0,48200,0,313800,0,24100
1994/11/4,5,0265,0,1222900,0,50900,0,636900,0,25400
1994/11/11,6,5482,0,1300500,0,54100,0,677300,0,27000
1994/11/18,7,3950,0,1041700,0,43400,0,542500,0,21700
1994/11/25,8,7507,0,2717700,0,226400,0,1472000,0,113200
1994/12/2,9,2664,0,2293800,0,191100,0,1242400,0,95500
1994/12/9,10,2436,0,423300,0,17600,0,220400,0,8800
1994/12/16,11,0254,0,692400,0,28800,0,360600,0,14400
1994/12/23,12,9722,0,1622600,0,135200,0,878900,0,67600
1994/12/30,13,4673,0,752100,0,31300,0,391700,0,15600
1995/1/6,14,1409,0,827700,0,34400,0,431000,0,17200
1995/1/10,15,6419,0,759900,0,31600,0,395700,0,15800
1995/1/13,16,0524,0,360800,0,15000,0,187900,0,7500
1995/1/17,17,8697,0,1538000,0,64000,0,801000,0,32000
1995/1/20,18,3062,0,709000,0,29500,0,369200,0,14700
1995/1/24,19,1013,0,156600,0,13000,0,84800,0,6500
1995/1/27,20,2264,0,1053700,0,87800,0,570700,0,43900
1995/1/31,21,3825,0,424200,0,17600,0,220900,0,8800
1995/2/3,22,7059,0,1260900,0,52500,0,656700,0,26200
1995/2/7,23,0283,0,949400,0,39500,0,494400,0,19700
1995/2/10,24,2321,0,481200,0,40100,0,260600,0,20000
1995/2/14,25,4556,0,1319900,0,109900,0,714900,0,54900
1995/2/17,26,3360,0,1261900,0,105100,0,683500,0,52500
1995/2/21,27,4908,0,1295000,0,53900,0,674400,0,26900
1995/2/24,28,3466,0,1413500,0,117700,0,765600,0,58800
1995/2/28,29,2061,0,655000,0,27200,0,341100,0,13600
1995/3/3,30,7566,0,1728100,0,144000,0,936000,0,72000
1995/3/7,31,4830,0,1117500,0,46500,0,582000,0,23200
1995/3/10,32,4575,0,1243300,0,103600,0,673400,0,51800
1995/3/14,33,5819,0,1106800,0,46100,0,576400,0,23000
1995/3/17,34,7521,0,564000,0,23500,0,293700,0,11700
1995/3/21,35,4703,0,857600,0,35700,0,446600,0,17800
1995/3/24,36,9776,0,2282600,0,190200,0,1236400,0,95100
1995/3/28,37,6941,0,955900,0,39800,0,497800,0,19900
1995/3/31,38,8634,0,744200,0,31000,0,387600,0,15500
1995/4/4,39,5560,0,2027100,0,168900,0,1098000,0,84400
1995/4/7,40,5584,0,1618000,0,134800,0,876400,0,67400
1995/4/11,41,0228,0,424500,0,35300,0,229900,0,17600
1995/4/14,42,9875,0,1627900,0,67800,0,847800,0,33900
1995/4/18,43,5031,0,725500,0,30200,0,377800,0,15100
1995/4/21,44,4742,0,1269600,0,105800,0,687700,0,52900
1995/4/25,45,5543,0,861400,0,71700,0,466500,0,35800
1995/4/28,46,9476,0,1390900,0,57900,0,724400,0,28900
1995/5/2,47,9125,0,849200,0,35300,0,442200,0,17600
1995/5/5,48,5074,0,902500,0,37600,0,470000,0,18800
1995/5/9,49,6910,0,1118800,0,46600,0,582700,0,23300
1995/5/12,50,0021,0,795700,0,66300,0,431000,0,33100
1995/5/16,51,7598,0,1253800,0,52200,0,653000,0,26100
1995/5/19,52,5053,0,1179500,0,98200,0,638800,0,49100
1995/5/23,53,9040,0,1743200,0,145200,0,944200,0,72600
1995/5/26,54,3895,0,928500,0,38600,0,483500,0,19300
1995/5/30,55,6780,0,1536200,0,64000,0,800100,0,32000
1995/6/2,56,9981,0,617300,0,51400,0,334300,0,25700
1995/6/6,57,1398,0,1091800,0,45400,0,568600,0,22700
1995/6/9,58,3042,0,948100,0,39500,0,493800,0,19700
1995/6/13,59,8885,0,1034100,0,258500,0,646300,0,129200
1995/6/16,60,6373,0,1656600,0,138000,0,897300,0,69000
1995/6/20,61,7882,0,1741500,0,145100,0,943300,0,72500
1995/6/23,62,5608,0,1007900,0,41900,0,524900,0,20900
1995/6/27,63,9123,0,915300,0,38100,0,476700,0,19000
1995/6/30,64,8844,0,1398000,0,233000,0,815500,0,116500
1995/7/4,65,9819,0,1377700,0,114800,0,746200,0,57400
1995/7/7,66,2098,0,719200,0,29900,0,374500,0,14900
1995/7/11,67,4881,0,1236500,0,103000,0,669700,0,51500
1995/7/14,68,4214,0,1033800,0,86100,0,559900,0,43000
1995/7/18,69,2792,0,1255800,0,104600,0,680200,0,52300
1995/7/21,70,5094,0,1108200,0,46100,0,577100,0,23000
1995/7/25,71,0948,0,947000,0,39400,0,493200,0,19700
1995/7/28,72,0084,0,1043300,0,86900,0,565100,0,43400
1995/8/1,73,2341,0,648500,0,27000,0,337700,0,13500
1995/8/4,74,3011,0,463200,0,38600,0,250900,0,19300
1995/8/8,75,2332,0,661800,0,110300,0,386000,0,55100
1995/8/11,76,5531,0,607700,0,50600,0,329100,0,25300
1995/8/15,77,6406,0,1996400,0,166300,0,1081300,0,83100
1995/8/18,78,6536,0,1446800,0,120500,0,783600,0,60200
1995/8/22,79,1742,0,972200,0,40500,0,506300,0,20200
1995/8/25,80,0437,0,1282400,0,53400,0,667900,0,26700
1995/8/29,81,3503,0,989600,0,82400,0,536000,0,41200
1995/9/1,82,1770,0,1365900,0,113800,0,739800,0,56900
1995/9/5,83,9047,0,952900,0,39700,0,496300,0,19800
1995/9/8,84,6580,0,1260600,0,52500,0,656500,0,26200
1995/9/12,85,2624,0,852000,0,71000,0,461500,0,35500
1995/9/15,86,0684,0,1278100,0,53200,0,665600,0,26600
1995/9/19,87,7676,0,1809400,0,301500,0,1055400,0,150700
1995/9/22,88,2562,0,898300,0,74800,0,486500,0,37400
1995/9/26,89,1614,0,926000,0,77000,0,500500,0,38500
1995/9/29,90,7696,0,1485800,0,123800,0,804800,0,61900
1995/10/3,91,0330,0,621400,0,103500,0,362400,0,51700
1995/10/6,92,8721,0,1258400,0,52400,0,655400,0,26200
1995/10/10,93,9056,0,1092500,0,45500,0,569000,0,22700
1995/10/13,94,8526,0,950100,0,39500,0,494800,0,19700
1995/10/17,95,6282,0,892400,0,74300,0,483300,0,37100
1995/10/20,96,6992,0,1518300,0,126500,0,822400,0,63200
1995/10/24,97,2866,0,792600,0,66000,0,429300,0,33000
1995/10/27,98,4943,0,1551800,0,129300,0,840500,0,64600
1995/10/31,99,2072,0,996000,0,83000,0,539500,0,41500
1995/11/3,100,5614,0,944100,0,39300,0,491700,0,19600
1995/11/7,101,1471,0,601900,0,50100,0,326000,0,25000
1995/11/10,102,4036,0,1179500,0,49100,0,614300,0,24500
1995/11/14,103,8050,0,1606000,0,133800,0,869900,0,66900
1995/11/17,104,2958,0,1034600,0,43100,0,538800,0,21500
1995/11/21,105,6204,0,568700,0,23600,0,296100,0,11800
1995/11/24,106,9063,0,870400,0,36200,0,453300,0,18100
1995/11/28,107,0539,0,1152700,0,48000,0,600300,0,24000
1995/12/1,108,9852,0,963700,0,41000,0,501900,0,20000
1995/12/5,109,3593,0,1075100,0,89500,0,582300,0,44700
1995/12/8,110,1697,0,1416100,0,59000,0,737500,0,29500
1995/12/12,111,8011,0,877600,0,73100,0,475300,0,36500
1995/12/15,112,4191,0,734000,0,61100,0,397500,0,30500
1995/12/19,113,9163,0,778000,0,32400,0,405200,0,16200
1995/12/22,114,3943,0,1009300,0,84100,0,546700,0,42000
1995/12/26,115,4101,0,658200,0,54800,0,356500,0,27400
1995/12/29,116,7410,0,560300,0,23300,0,291800,0,11600
1996/1/5,117,2689,0,834700,0,34700,0,434700,0,17300
1996/1/9,118,7435,0,1255100,0,52200,0,653600,0,26100
1996/1/12,119,3010,0,795500,0,66200,0,430800,0,33100
1996/1/16,120,3583,0,841100,0,70000,0,455500,0,35000
1996/1/19,121,2645,0,714600,0,29700,0,372100,0,14800
1996/1/23,122,8578,0,1711800,0,142600,0,927200,0,71300
1996/1/26,123,1165,0,1223100,0,101900,0,662500,0,50900
1996/1/30,124,0942,0,987400,0,41100,0,514200,0,20500
1996/2/2,125,5762,0,1002300,0,41700,0,522000,0,20800
1996/2/6,126,6577,0,1357500,0,113100,0,735300,0,56500
1996/2/9,127,9054,0,711100,0,29600,0,370300,0,14800
1996/2/13,128,3315,0,826200,0,68800,0,447500,0,34400
1996/2/16,129,9846,0,1153000,0,48000,0,600500,0,24000
1996/2/20,130,4092,0,700900,0,29200,0,365000,0,14600
1996/2/23,131,8831,0,1018300,0,84800,0,551500,0,42400
1996/2/27,132,5566,0,690100,0,115000,0,402500,0,57500
1996/3/1,133,5660,0,1279100,0,106500,0,692800,0,53200
1996/3/5,134,6890,0,1094200,0,45500,0,569800,0,22700
1996/3/8,135,3409,0,893100,0,37200,0,465100,0,18600
1996/3/12,136,4023,0,777100,0,32300,0,404700,0,16100
1996/3/15,137,9017,0,872300,0,36300,0,454300,0,18100
1996/3/19,138,4073,0,719800,0,29900,0,374800,0,14900
1996/3/22,139,7871,0,1453200,0,121100,0,787100,0,60500
1996/3/26,140,1099,0,1047400,0,87200,0,567300,0,43600
1996/3/29,141,2139,0,893400,0,37200,0,465300,0,18600
1996/4/2,142,2516,0,705800,0,29400,0,367600,0,14700
1996/4/5,143,3752,0,667200,0,27800,0,347500,0,13900
1996/4/9,144,4681,0,709200,0,29500,0,369300,0,14700
1996/4/12,145,8567,0,1062000,0,44200,0,553100,0,22100
1996/4/16,146,2115,0,741500,0,61700,0,401600,0,30800
1996/4/19,147,2209,0,839000,0,69900,0,454400,0,34900
1996/4/23,148,6901,0,820500,0,34100,0,427300,0,17000
1996/4/26,149,7707,0,2075300,0,518800,0,1297000,0,259400
1996/4/30,150,5825,0,916400,0,76300,0,496300,0,38100
1996/5/3,151,3056,0,648700,0,27000,0,337800,0,13500
1996/5/7,152,0225,0,509400,0,42400,0,275900,0,21200
1996/5/10,153,5468,0,1097500,0,45700,0,571600,0,22800
1996/5/14,154,1470,0,676400,0,28100,0,352200,0,14000
1996/5/17,155,0171,0,844600,0,70300,0,457400,0,35100
1996/5/21,156,8957,0,1350700,0,56200,0,703400,0,28100
1996/5/24,157,9254,0,1127500,0,46900,0,587200,0,23400
1996/5/28,158,2579,0,578600,0,24100,0,301300,0,12000
1996/5/31,159,4034,0,825700,0,68800,0,447200,0,34400
1996/6/4,160,5741,0,937900,0,39000,0,488400,0,19500
1996/6/7,161,6627,0,957400,0,79700,0,518500,0,39800
1996/6/11,162,3588,0,820100,0,68300,0,444200,0,34100
1996/6/14,163,2207,137,816300,492,68000,218,442100,2092,34000
1996/6/18,164,5492,89,1015500,1014,42300,144,528900,4384,21100
1996/6/21,165,8090,79,1242800,294,103500,144,673100,1637,51700
1996/6/25,166,0007,76,1732100,68,433000,88,1082500,272,216500
1996/6/28,167,8092,139,760000,1371,31600,242,395800,6183,15800
1996/7/2,168,5739,117,988200,1222,41100,183,514600,4132,20500
1996/7/5,169,4946,96,1033000,504,86000,157,559500,2530,43000
1996/7/9,170,8695,65,1324000,912,55100,136,689500,4064,27500
1996/7/12,171,4820,95,1109300,1234,46200,136,577700,4832,23100
1996/7/16,172,0744,61,1576900,328,131400,92,854100,1795,65700
1996/7/19,173,6042,107,845500,1451,35200,199,440300,5526,17600
1996/7/23,174,4544,80,1613700,80,403400,104,1008500,264,201700
1996/7/26,175,8670,57,1553500,584,64700,136,809100,2987,32300
1996/7/30,176,5994,75,1714700,231,142800,89,928700,1242,71400
1996/8/2,177,0978,96,1103400,1060,45900,112,574600,5191,22900
1996/8/6,178,8734,146,780100,1303,32500,224,406300,5250,16200
1996/8/9,179,3568,212,630700,1267,26200,318,328400,4574,13100
1996/8/13,180,9989,184,733200,102,183300,244,458200,481,91600
1996/8/16,181,8132,61,1445400,741,60200,83,752800,3086,30100
1996/8/20,182,2057,265,521200,1142,21700,366,271400,5062,10800
1996/8/23,183,6416,103,1134100,311,94500,170,614300,1434,47200
1996/8/27,184,5570,176,743900,398,61900,252,402900,2167,30900
1996/8/30,185,7284,94,1122000,1009,46700,133,584300,4144,23300
1996/9/3,186,5010,145,840400,518,70000,186,455200,2601,35000
1996/9/6,187,4640,88,1170400,418,97500,155,633900,1914,48700
1996/9/10,188,9167,99,1146800,701,47700,155,597200,3291,23800
1996/9/13,189,7981,58,1501200,669,62500,113,781800,3261,31200
1996/9/17,190,6332,85,1154400,397,96200,125,625300,1824,48100
1996/9/20,191,7301,84,1005800,1010,41900,164,523800,4813,20900
1996/9/24,192,3371,148,835700,354,69600,187,452600,1632,34800
1996/9/27,193,5312,166,728200,1303,30300,236,379200,4818,15100
1996/10/1,194,1745,132,876100,1122,36500,172,456300,4592,18200
1996/10/4,195,8693,116,959000,873,39900,193,499400,4255,19900
1996/10/8,196,8316,120,833600,1371,34700,196,434100,4968,17300
1996/10/11,197,2697,69,1238100,851,51500,153,644800,3584,25700
1996/10/15,198,8234,87,1114300,1148,46400,121,580300,4655,23200
1996/10/18,199,7656,123,1116700,326,93000,156,604800,1702,46500
1996/10/22,200,7441,142,1023500,469,85200,127,554300,2178,42600
1996/10/25,201,2398,118,965700,1325,40200,158,502900,5155,20100
1996/10/29,202,7202,86,956700,618,79700,200,518200,2854,39800
1996/11/1,203,2210,168,653000,1001,54400,190,353700,4158,27200
1996/11/5,204,7832,119,871400,1249,36300,173,453800,4913,18100
1996/11/8,205,5797,78,1507500,246,125600,127,816500,1173,62800
1996/11/12,206,0382,52,1411900,1028,58800,82,735300,4613,29400
1996/11/15,207,7913,121,831800,1330,34600,224,433200,5103,17300
1996/11/19,208,9170,79,1072700,1160,44600,143,558600,5042,22300
1996/11/22,209,6613,113,1097100,329,91400,177,594200,1619,45700
1996/11/26,210,7158,78,1185900,1029,49400,152,617600,4186,24700
1996/11/29,211,5301,172,746500,1352,31100,210,388800,5806,15500
1996/12/3,212,9475,112,1058000,1093,44000,131,551000,4584,22000
1996/12/6,213,7251,210,637700,1525,26500,261,332100,5797,13200
1996/12/10,214,1449,115,1018600,451,84800,186,551700,2081,42400
1996/12/13,215,2223,110,1308300,112,327000,125,817600,444,163500
1996/12/17,216,4695,84,1181600,968,49200,164,615400,4609,24600
1996/12/20,217,4316,218,710000,1407,29500,240,369700,5417,14700
1996/12/24,218,3698,170,725800,1020,30200,295,378000,4632,15100
1996/12/27,219,6623,193,779700,544,64900,250,422300,2482,32400
1997/1/7,220,6684,66,1895200,314,157900,99,1026500,1349,78900
1997/1/10,221,2507,156,763100,1446,31700,240,397400,5931,15800
1997/1/14,222,0887,51,1673200,318,139400,115,906300,1730,69700
1997/1/17,223,1041,136,716700,933,59700,225,388200,3643,29800
1997/1/21,224,0239,72,1220000,1131,50800,117,635400,4958,25400
1997/1/24,225,4147,155,768900,587,64000,244,416400,2698,32000
1997/1/28,226,5886,92,1222700,382,101800,163,662200,1937,50900
1997/1/31,227,5369,157,729700,1489,30400,272,380000,6551,15200
1997/2/4,228,9889,181,906400,208,151000,167,528700,947,75500
1997/2/7,229,9171,107,1081800,477,90100,159,585900,2311,45000
1997/2/11,230,7411,161,679100,769,56500,204,367800,3544,28200
1997/2/14,231,7565,93,1142300,431,95100,142,618700,2480,47500
1997/2/18,232,8532,137,692600,1822,28800,268,360700,7778,14400
1997/2/21,233,1985,73,1251100,889,52100,159,651600,4127,26000
1997/2/25,234,7671,104,1178000,370,98100,169,638000,1908,49000
1997/2/28,235,4080,83,1355800,351,112900,179,734300,1534,56400
1997/3/4,236,1493,109,1050800,1261,43700,153,547200,5187,21800
1997/3/7,237,5051,140,881300,524,73400,223,477300,2579,36700
1997/3/11,238,9401,102,943900,1331,39300,163,491600,6372,19600
1997/3/14,239,0438,68,1408400,936,58600,116,733500,4271,29300
1997/3/18,240,1173,138,941900,595,78400,160,510100,2534,39200
1997/3/21,241,0557,100,1234000,380,102800,108,668400,1977,51400
1997/3/25,242,7754,130,881400,456,73400,257,477400,2274,36700
1997/3/28,243,7702,137,1073000,427,89400,156,581200,1836,44700
1997/4/1,244,4612,218,643500,1330,26800,313,335100,5546,13400
1997/4/4,245,2108,139,781100,1383,32500,213,406800,6248,16200
1997/4/8,246,0747,75,1240500,424,103300,126,671900,2114,51600
1997/4/11,247,0127,268,452700,1729,18800,475,235700,7642,9400
1997/4/15,248,6178,63,1497300,698,62300,123,779800,3390,31100
1997/4/18,249,6471,171,733800,1437,30500,223,382100,6214,15200
1997/4/22,250,4590,70,1244600,873,51800,178,648200,4037,25900
1997/4/25,251,6937,83,1307300,816,54400,133,680800,4008,27200
1997/4/29,252,9871,128,912000,861,38000,194,475000,4150,19000
1997/5/2,253,9434,113,1360000,287,113300,114,736600,1472,56600
1997/5/6,254,6805,67,1260700,836,52500,129,656600,4350,26200
1997/5/9,255,6757,135,932600,469,77700,175,505100,2343,38800
1997/5/13,256,8575,132,904800,520,75400,196,490100,2365,37700
1997/5/16,257,0930,221,673600,313,56100,357,364800,1691,28000
1997/5/20,258,4714,220,531100,808,44200,337,287600,3722,22100
1997/5/23,259,5339,58,1356800,378,113000,150,734900,1786,56500
1997/5/27,260,1203,288,511700,1491,21300,401,266500,5671,10600
1997/5/30,261,2045,194,688700,1215,28600,270,358600,4857,14300
1997/6/3,262,6628,98,1107100,362,92200,193,599600,1607,46100
1997/6/6,263,4185,169,737800,969,30700,285,384200,4508,15300
1997/6/10,264,9888,60,1641300,75,410300,96,1025800,423,205100
1997/6/13,265,4112,130,714500,861,59500,209,387000,3290,29700
1997/6/17,266,2310,170,742600,1354,30900,183,386700,5103,15400
1997/6/20,267,5949,83,1385400,297,115400,95,750400,1362,57700
1997/6/24,268,8375,70,1120000,1116,46600,140,583300,4984,23300
1997/6/27,269,0628,342,473700,1063,19700,455,246700,3991,9800
1997/7/1,270,6023,150,849900,969,35400,218,442600,4227,17700
1997/7/4,271,3730,103,993100,427,82700,180,537900,2205,41300
1997/7/8,272,0613,216,602400,957,25100,364,313700,4129,12500
1997/7/11,273,2992,75,1421300,132,236800,131,829000,598,118400
1997/7/15,274,1026,610,242600,1583,10100,1047,126300,5404,5000
1997/7/18,275,0800,63,1681100,94,420200,75,1050600,434,210100
1997/7/22,276,0576,37,2007000,525,83600,61,1045300,2774,41800
1997/7/25,277,0999,189,664300,193,166000,241,415100,766,83000
1997/7/29,278,9303,85,1095600,516,91300,121,593400,2428,45600
1997/8/1,279,0178,107,917400,949,38200,205,477800,4492,19100
1997/8/5,280,2937,82,1117200,840,46500,148,581800,4081,23200
1997/8/8,281,4834,104,1216500,326,101300,124,658900,1589,50600
1997/8/12,282,8882,61,1612700,61,403100,103,1007900,352,201500
1997/8/15,283,8106,80,1117900,769,46500,115,582200,3632,23200
1997/8/19,284,5086,100,975900,801,40600,178,508200,3739,20300
1997/8/22,285,0295,48,1304400,888,54300,102,679300,4525,27100
1997/8/26,286,6670,135,811300,412,67600,255,439400,2205,33800
1997/8/29,287,1689,80,1175500,775,48900,159,612200,3852,24400
1997/9/2,288,2867,77,1197200,753,49800,176,623500,3628,24900
1997/9/5,289,6254,103,1106700,880,46100,143,576400,4081,23000
1997/9/9,290,2990,104,908300,508,75600,209,491900,2381,37800
1997/9/12,291,7264,111,976100,988,40600,165,508300,4278,20300
1997/9/16,292,3009,89,1109700,339,92400,134,601000,1701,46200
1997/9/19,293,8289,52,1365100,419,113700,112,739400,1973,56800
1997/9/23,294,8516,75,1040100,819,43300,184,541700,3690,21600
1997/9/26,295,2814,141,854500,956,35600,208,445000,4045,17800
1997/9/30,296,6809,111,866900,932,36100,246,451500,4698,18000
1997/10/3,297,9041,194,583500,1178,24300,372,303900,5416,12100
1997/10/6,298,9472,51,1140300,890,47500,129,593900,3814,23700
1997/10/8,299,2565,61,1230600,310,102500,131,666500,1536,51200
1997/10/10,300,1116,275,441000,140,110200,371,275600,399,55100
1997/10/13,301,7554,81,1283000,286,106900,88,694900,1391,53400
1997/10/15,302,5049,111,833900,790,34700,203,434300,3521,17300
1997/10/17,303,5090,140,853900,312,71100,195,462500,1474,35500
1997/10/20,304,6444,39,1801200,73,450300,83,1125700,345,225100
1997/10/22,305,7227,187,640600,233,106700,201,373600,971,53300
1997/10/24,306,6279,77,1118700,733,46600,151,582600,3419,23300
1997/10/27,307,4014,157,732900,408,61000,198,396900,2029,30500
1997/10/29,308,1879,63,1364500,627,56800,89,710600,3076,28400
1997/10/31,309,6418,103,908000,841,37800,182,472900,3888,18900
1997/11/3,310,7215,102,883300,819,36800,131,460000,3361,18400
1997/11/5,311,8466,69,1370200,320,114100,85,742100,1367,57000
1997/11/7,312,2796,83,1056400,847,44000,136,550200,3905,22000
1997/11/10,313,4821,112,861600,954,35900,174,448700,3894,17900
1997/11/12,314,5118,102,960700,345,80000,154,520300,1603,40000
1997/11/14,315,9989,108,883100,136,220700,159,551900,557,110300
1997/11/17,316,0535,55,1433900,273,119400,85,776600,1432,59700
1997/11/19,317,1650,85,990200,700,41200,133,515700,3711,20600
1997/11/21,318,3614,124,776500,727,32300,228,404400,3526,16100
1997/11/24,319,7312,115,834000,676,34700,134,434300,3158,17300
1997/11/26,320,0552,40,1514100,286,126100,74,820100,1599,63000
1997/11/28,321,5913,90,948400,929,39500,163,493900,4174,19700
1997/12/1,322,7178,87,1169600,268,97400,134,633500,1324,48700
1997/12/3,323,7592,68,1060000,976,44100,136,552000,4296,22000
1997/12/5,324,0354,66,1374300,548,57200,97,715700,3245,28600
1997/12/8,325,1035,164,616800,1162,25700,268,321200,5146,12800
1997/12/10,326,9759,50,1680900,196,140000,114,910400,907,70000
1997/12/12,327,1662,68,1316400,337,109700,106,713000,1725,54800
1997/12/15,328,2919,98,1032200,362,86000,169,559100,1713,43000
1997/12/17,329,3701,107,822900,1062,34200,180,428500,5037,17100
1997/12/19,330,7499,47,1948700,206,162300,81,1055500,1118,81100
1997/12/22,331,2055,125,916200,473,76300,162,496200,1981,38100
1997/12/24,332,6460,80,1280100,304,106600,103,693300,1625,53300
1997/12/26,333,2042,84,1011600,462,84300,173,547900,2325,42100
1997/12/29,334,3776,212,658900,340,54900,322,356900,1466,27400
1998/1/5,335,9750,57,1229400,850,51200,119,640300,4135,25600
1998/1/7,336,6557,75,1151100,323,95900,130,623500,1748,47900
1998/1/9,337,5009,108,878300,344,73100,222,475700,1591,36500
1998/1/12,338,5560,194,636400,406,53000,265,344700,2076,26500
1998/1/14,339,6989,80,1322600,207,110200,130,716400,1224,55100
1998/1/16,340,1574,88,1036400,830,43100,112,539700,4195,21500
1998/1/19,341,3878,89,1119700,300,93300,155,606500,1565,46600
1998/1/21,342,9295,54,1374800,318,114500,96,744600,1815,57200
1998/1/23,343,3748,101,992200,771,41300,196,516700,3506,20600
1998/1/26,344,2789,77,943700,759,39300,251,491500,4256,19600
1998/1/28,345,9860,68,1245700,639,51900,133,648800,3406,25900
1998/1/30,346,4483,107,1232000,299,102600,110,667300,1526,51300
1998/2/2,347,6603,127,941200,352,78400,202,509800,1623,39200
1998/2/4,348,3531,155,740300,440,61600,232,400900,2041,30800
1998/2/6,349,6110,109,845100,547,70400,146,457700,3011,35200
1998/2/9,350,4652,141,868900,765,36200,178,452500,3507,18100
1998/2/11,351,0609,89,942000,239,78500,198,510200,1313,39200
1998/2/13,352,2134,98,955200,1026,39800,163,497500,3778,19900
1998/2/16,353,8586,88,1048600,330,87300,163,567900,1705,43600
1998/2/18,354,6499,62,1125600,282,93800,158,609700,1727,46900
1998/2/20,355,1348,102,989100,742,41200,159,515100,3848,20600
1998/2/23,356,5075,132,652300,491,54300,272,353300,2827,27100
1998/2/25,357,6876,66,1110500,309,92500,142,601500,1785,46200
1998/2/27,358,1426,145,850400,821,35400,163,442900,4111,17700
1998/3/2,359,9072,123,813900,871,33900,199,423900,4764,16900
1998/3/4,360,5574,237,577200,486,48100,227,312600,2284,24000
1998/3/6,361,3702,86,1064600,608,44300,161,554400,3709,22100
1998/3/9,362,6312,204,670700,948,27900,203,349300,4123,13900
1998/3/11,363,0242,54,1273200,411,106100,79,689600,2058,53000
1998/3/13,364,3686,100,949300,400,79100,178,514200,1748,39500
1998/3/16,365,6228,80,1107700,370,92300,140,600000,1759,46100
1998/3/18,366,6907,75,964000,605,40100,215,502000,3399,20000
1998/3/20,367,4980,83,1029700,643,42900,155,536300,3739,21400
1998/3/23,368,8573,112,840800,1006,35000,164,437900,4342,17500
1998/3/25,369,1059,134,704300,778,29300,258,366800,4217,14600
1998/3/27,370,0129,238,464900,1126,19300,394,242100,5336,9600
1998/3/30,371,6228,114,936400,447,78000,146,507200,1694,39000
1998/4/1,372,6526,98,800000,418,66600,201,433300,2211,33300
1998/4/3,373,8134,78,1037400,747,43200,150,540300,3794,21600
1998/4/6,374,5111,63,1240200,113,310000,92,775100,558,155000
1998/4/8,375,1128,475,258700,538,21500,708,140100,2248,10700
1998/4/10,376,5022,113,786600,387,65500,183,426000,2130,32700
1998/4/13,377,4204,69,1045200,354,87100,134,566100,1861,43500
1998/4/15,378,1893,63,1197700,611,49900,108,623800,3168,24900
1998/4/17,379,1620,55,1057400,895,44000,118,550700,4592,22000
1998/4/20,380,0941,67,924000,1132,38500,141,481200,4876,19200
1998/4/22,381,0256,74,1024000,712,42600,127,533300,3716,21300
1998/4/24,382,3430,80,1108500,270,92300,141,600400,1508,46100
1998/4/27,383,2042,187,487600,723,40600,342,264100,3055,20300
1998/4/29,384,8433,52,1409700,176,117400,87,763500,1263,58700
1998/5/1,385,0034,79,907500,494,75600,155,491500,2288,37800
1998/5/4,386,6560,98,898400,251,74800,130,486600,1454,37400
1998/5/6,387,8301,70,983100,771,40900,129,512000,3833,20400
1998/5/8,388,0154,72,999100,910,41600,103,520300,4757,20800
1998/5/11,389,5201,100,657200,1503,27300,188,342200,7057,13600
1998/5/13,390,0307,114,840100,297,70000,211,455000,1291,35000
1998/5/15,391,8369,68,1332700,573,55500,88,694100,3069,27700
1998/5/18,392,3779,95,952600,264,79300,177,515900,1541,39600
1998/5/20,393,2957,110,827400,753,34400,149,430900,4278,17200
1998/5/22,394,9626,72,1115000,282,92900,127,603900,1685,46400
1998/5/25,395,3829,167,694900,811,28900,208,361900,3579,14400
1998/5/27,396,2002,112,950400,149,158400,138,554400,679,79200
1998/5/29,397,9348,66,1329000,489,55300,84,692100,3241,27600
1998/6/1,398,7143,73,1035000,835,43100,117,539000,4340,21500
1998/6/3,399,0884,88,1149500,234,95700,110,622600,1293,47800
1998/6/5,400,6980,102,888300,753,37000,180,462600,3721,18500
1998/6/8,401,2997,99,956400,258,79700,164,518000,1487,39800
1998/6/10,402,9570,66,1044600,589,43500,146,544000,3353,21700
1998/6/12,403,6739,66,1104500,699,46000,138,575200,3443,23000
1998/6/15,404,9332,84,1132000,305,94300,92,613100,1685,47100
1998/6/17,405,3337,87,976700,72,244100,152,610400,445,122000
1998/6/19,406,9698,53,1440000,219,120000,90,780000,1366,60000
1998/6/22,407,6700,32,1830600,193,152500,85,991500,1251,76200
1998/6/24,408,9477,73,1128800,322,94000,111,611400,1842,47000
1998/6/26,409,0422,216,449900,788,37400,414,243600,3230,18700
1998/6/29,410,5352,70,1071500,447,89200,127,580300,1956,44600
1998/7/1,411,6891,61,1247100,646,51900,119,649500,3345,25900
1998/7/3,412,9995,55,1833300,57,458300,79,1145800,266,229100
1998/7/6,413,3786,105,953100,631,39700,178,496400,3419,19800
1998/7/8,414,2154,87,903100,779,37600,196,470300,3611,18800
1998/7/10,415,3354,96,1030700,342,85800,148,558200,1575,42900
1998/7/13,416,4123,135,729900,1296,30400,196,380100,4556,15200
1998/7/15,417,8840,85,1108900,255,92400,147,600600,1424,46200
1998/7/17,418,4637,73,1114700,684,46400,154,580500,3444,23200
1998/7/20,419,9002,93,913200,344,76100,127,494600,1736,38000
1998/7/22,420,6237,116,761800,882,31700,185,396700,4336,15800
1998/7/24,421,9088,115,871900,289,72600,177,472200,1847,36300
1998/7/27,422,9683,64,956700,986,39800,145,498200,5066,19900
1998/7/29,423,3149,83,1147200,612,47800,97,597500,3392,23900
1998/7/31,424,8991,121,666400,561,55500,212,360900,3061,27700
1998/8/3,425,3914,102,879000,866,36600,164,457800,4083,18300
1998/8/5,426,8550,81,908700,350,75700,168,492200,2041,37800
1998/8/7,427,4521,123,892500,783,37100,137,464800,3501,18500
1998/8/10,428,9230,79,952100,749,39600,137,495800,4293,19800
1998/8/12,429,4532,96,872900,847,36300,152,454600,3456,18100
1998/8/14,430,4731,88,780900,842,32500,197,406700,3908,16200
1998/8/17,431,9901,134,719800,332,59900,202,389800,1774,29900
1998/8/19,432,5776,64,1098200,243,91500,117,594800,1601,45700
1998/8/21,433,9200,62,1160300,334,96600,104,628400,1715,48300
1998/8/24,434,4288,90,1077400,288,89700,129,583500,1426,44800
1998/8/26,435,5654,88,940200,411,78300,129,509200,2070,39100
1998/8/28,436,9945,80,995900,319,82900,147,539400,1961,41400
1998/8/31,437,5711,106,1033500,289,86100,145,559800,1443,43000
1998/9/2,438,5473,62,1156100,706,48100,126,602100,3764,24000
1998/9/4,439,1580,59,1270400,664,52900,118,661600,3608,26400
1998/9/7,440,2548,126,799400,832,33300,214,416300,3690,16600
1998/9/9,441,5309,79,1061400,730,44200,128,552800,3541,22100
1998/9/11,442,6431,90,913000,830,38000,170,475500,4242,19000
1998/9/14,443,3151,119,929300,408,77400,119,503300,1859,38700
1998/9/16,444,9922,100,1093300,135,182200,85,637700,639,91100
1998/9/18,445,9657,83,1187300,502,49400,110,618300,3156,24700
1998/9/21,446,4590,110,652300,833,27100,323,339700,4397,13500
1998/9/23,447,0121,157,475400,646,39600,221,257500,3384,19800
1998/9/25,448,4356,131,698800,915,29100,205,363900,4478,14500
1998/9/28,449,7341,98,791400,1162,32900,156,412100,5283,16400
1998/9/30,450,1983,80,985600,737,41000,152,513300,3535,20500
1998/10/2,451,1224,388,334300,435,27800,567,181000,1643,13900
1998/10/5,452,1950,269,432100,882,18000,417,225000,4252,9000
1998/10/7,453,2750,52,1050400,748,43700,133,547000,3976,21800
1998/10/9,454,5357,115,875800,338,72900,150,474300,1923,36400
1998/10/12,455,0093,49,1201100,412,100000,89,650500,2207,50000
1998/10/14,456,6719,54,1128500,537,47000,164,587700,3025,23500
1998/10/16,457,7893,57,1197100,686,49800,112,623400,3809,24900
1998/10/19,458,0912,224,464700,1272,19300,334,242000,6300,9600
1998/10/21,459,7228,82,1068600,237,89000,143,578800,1334,44500
1998/10/23,460,5963,632,217900,921,9000,925,113400,4070,4500
1998/10/26,461,9837,72,1082000,677,45000,143,563500,3469,22500
1998/10/28,462,8955,61,1369900,193,114100,110,742000,1308,57000
1998/10/30,463,5905,53,1092900,369,91000,109,591900,2604,45500
1998/11/2,464,6534,137,801800,1034,33400,158,417600,4088,16700
1998/11/4,465,6933,107,817500,366,68100,166,442800,2115,34000
1998/11/6,466,6081,32,1621000,564,67500,88,844200,3184,33700
1998/11/9,467,3083,359,366400,449,30500,497,198400,1715,15200
1998/11/11,468,8319,74,751200,977,31300,222,391200,5246,15600
1998/11/13,469,0051,94,1082300,314,90100,87,586200,1868,45000
1998/11/16,470,9274,58,1144700,738,47600,133,596100,3469,23800
1998/11/18,471,1782,72,1104900,606,46000,115,575400,3256,23000
1998/11/20,472,4070,54,1448400,225,120700,97,784500,1277,60300
1998/11/23,473,8571,103,791300,658,32900,156,412100,3405,16400
1998/11/25,474,0941,79,814400,1018,33900,150,424100,5367,16900
1998/11/27,475,0161,50,1174800,483,97900,74,636300,2398,48900
1998/11/30,476,7466,57,1213500,197,101100,164,657300,1447,50500
1998/12/2,477,9699,67,1139000,96,284700,122,711800,482,142300
1998/12/4,478,6768,80,1131000,237,94200,148,612600,1280,47100
1998/12/7,479,7788,244,522700,205,87100,282,304900,865,43500
1998/12/9,480,5669,114,975000,254,81200,152,528100,1229,40600
1998/12/11,481,2952,61,1213900,290,101100,143,657500,1611,50500
1998/12/14,482,5902,69,886800,1104,36900,186,461800,5266,18400
1998/12/16,483,7316,86,910600,704,37900,208,474200,4087,18900
1998/12/18,484,0189,103,717700,1021,29900,242,373800,5956,14900
1998/12/21,485,6835,101,901700,909,37500,179,469600,4199,18700
1998/12/23,486,9168,128,733500,840,30500,181,382000,4600,15200
1998/12/25,487,6231,80,1024000,855,42600,159,533300,4231,21300
1998/12/28,488,3307,125,896400,320,74700,195,485500,1648,37300
1998/12/30,489,9888,125,751100,156,187700,164,469400,592,93800
1999/1/4,490,7509,63,953200,691,39700,134,496400,3768,19800
1999/1/6,491,0031,103,762000,474,63500,155,412700,2649,31700
1999/1/8,492,2596,70,969800,773,40400,145,505100,4406,20200
1999/1/11,493,5494,45,1366300,240,113800,136,740000,1545,56900
1999/1/13,494,1564,133,869500,714,36200,137,452800,3633,18100
1999/1/15,495,0415,178,600000,802,25000,257,312500,3727,12500
1999/1/18,496,9541,80,856900,1109,35700,175,446300,5236,17800
1999/1/20,497,5227,80,1060500,313,88300,143,574400,1625,44100
1999/1/22,498,5212,100,846700,566,70500,122,458600,2705,35200
1999/1/25,499,9236,68,1003100,834,41700,176,522400,4287,20800
1999/1/27,500,4579,101,835800,763,34800,242,435300,3803,17400
1999/1/29,501,3070,70,1230900,316,102500,137,666700,1550,51200
1999/2/1,502,5967,85,1040000,755,43300,158,541600,4123,21600
1999/2/3,503,4197,84,866200,1004,36000,161,451100,5295,18000
1999/2/5,504,7382,72,1088900,787,45300,137,567100,4197,22600
1999/2/8,505,6779,132,803800,295,66900,251,435300,1737,33400
1999/2/10,506,5246,129,823800,770,34300,183,429000,3711,17100
1999/2/12,507,3175,104,771600,1154,32100,184,401800,4707,16000
1999/2/15,508,0907,129,816200,309,68000,217,442100,1719,34000
1999/2/17,509,0965,52,1043100,859,43400,123,543200,4992,21700
1999/2/19,510,5940,79,714800,1142,29700,264,372200,5906,14800
1999/2/22,511,1258,91,797200,958,33200,249,415200,4453,16600
1999/2/24,512,0998,81,1118500,236,93200,109,605800,1708,46600
1999/2/26,513,0069,124,829500,378,69100,186,449300,2032,34500
1999/3/1,514,9036,123,640400,1149,26600,289,333500,5961,13300
1999/3/3,515,0871,40,1467600,568,61100,103,764300,3337,30500
1999/3/5,516,3421,115,905000,974,37700,133,471300,4087,18800
1999/3/8,517,7362,83,973900,868,40500,132,507200,4772,20200
1999/3/10,518,2664,78,1136700,244,94700,144,615700,1390,47300
1999/3/12,519,8910,128,690600,975,28700,226,359600,5341,14300
1999/3/15,520,8225,85,1054400,295,87800,140,571100,1557,43900
1999/3/17,521,8242,70,1257300,255,104700,107,681000,1294,52300
1999/3/19,522,9677,80,1300400,190,108300,101,704300,1213,54100
1999/3/22,523,4761,68,1014700,582,42200,114,528400,3511,21100
1999/3/24,524,4056,71,1125200,529,46800,145,586000,2892,23400
1999/3/26,525,3807,60,1204500,542,50100,148,627300,3183,25000
1999/3/29,526,7333,54,1673100,76,418200,81,1045600,313,209100
1999/3/31,527,8966,79,1001800,291,83400,130,542600,2131,41700
1999/4/2,528,6564,75,1183800,263,98600,131,641200,1476,49300
1999/4/5,529,2644,214,576200,431,48000,293,312100,1726,24000
1999/4/7,530,2709,81,824500,821,34300,200,429400,4540,17100
1999/4/9,531,4139,91,809300,850,33700,211,421500,4258,16800
1999/4/12,532,9790,72,1102700,296,91800,118,597200,1827,45900
1999/4/14,533,9669,99,836200,195,139300,157,487700,870,69600
1999/4/16,534,0771,98,1045200,274,87100,121,566100,1668,43500
1999/4/19,535,9568,56,1157400,644,48200,130,602800,3584,24100
1999/4/21,536,5950,136,616400,344,51300,266,333800,2458,25600
1999/4/23,537,8622,91,922300,374,76800,146,499500,1952,38400
1999/4/26,538,5225,139,681700,266,113600,200,397600,1064,56800
1999/4/28,539,9778,119,820300,321,68300,162,444300,1849,34100
1999/4/30,540,8966,126,633700,525,52800,231,343200,2906,26400
1999/5/3,541,2787,39,1427000,185,118900,111,772900,1083,59400
1999/5/5,542,5824,50,1151000,548,47900,111,599400,2569,23900
1999/5/7,543,6489,99,823000,712,34200,220,428600,3587,17100
1999/5/10,544,6865,59,1139500,311,94900,141,617200,1764,47400
1999/5/12,545,2253,66,1085700,349,90400,129,588000,1671,45200
1999/5/14,546,3053,62,1165700,276,97100,138,631400,1647,48500
1999/5/17,547,7623,84,954100,780,39700,155,496900,3885,19800
1999/5/19,548,9090,434,256200,253,42700,680,149400,1035,21300
1999/5/21,549,1094,115,609000,1319,25300,198,317100,6667,12600
1999/5/24,550,9033,118,691200,376,57600,233,374400,1939,28800
1999/5/26,551,5623,139,623900,915,25900,238,324900,4486,12900
1999/5/28,552,9806,86,762400,902,31700,195,397000,5323,15800
1999/5/31,553,2809,66,1025600,682,42700,154,534100,3641,21300
1999/6/2,554,7731,82,1092200,216,91000,134,591600,1339,45500
1999/6/4,555,9888,315,384100,183,96000,367,240000,693,48000
1999/6/7,556,8945,75,988600,465,41100,160,514800,3024,20500
1999/6/9,557,6991,149,791900,217,65900,130,428900,1334,32900
1999/6/11,558,7787,73,1215000,69,303700,91,759300,425,151800
1999/6/14,559,7671,46,1311700,259,109300,108,710500,1355,54600
1999/6/16,560,6054,59,1174000,410,48900,143,611400,2375,24400
1999/6/18,561,0524,127,632800,749,26300,308,329500,3472,13100
1999/6/21,562,7764,75,1156200,240,96300,131,626200,1386,48100
1999/6/23,563,3389,107,745700,343,62100,230,403900,1763,31000
1999/6/25,564,8722,87,897700,383,74800,161,486200,2011,37400
1999/6/28,565,7936,59,1092200,778,45500,144,568800,4051,22700
1999/6/30,566,0313,150,643000,439,53500,264,348200,1905,26700
1999/7/2,567,5236,104,762800,1068,31700,204,397200,4772,15800
1999/7/5,568,5519,113,909200,273,75700,191,492400,1487,37800
1999/7/7,569,9009,193,612700,178,102100,208,357400,928,51000
1999/7/9,570,5700,167,543700,351,45300,421,294500,1776,22600
1999/7/12,571,3237,72,1159600,284,96600,132,628100,1535,48300
1999/7/14,572,2183,54,1329100,468,55300,117,692200,2623,27600
1999/7/16,573,0745,45,1578700,512,65700,82,822200,2750,32800
1999/7/19,574,5910,98,739900,1120,30800,204,385300,5002,15400
1999/7/21,575,8093,40,1213100,653,50500,104,631800,3507,25200
1999/7/23,576,2153,69,1091400,730,45400,122,568400,3398,22700
1999/7/26,577,9461,52,1195000,733,49700,100,622300,3890,24800
1999/7/28,578,9749,29,1780100,203,148300,69,964200,1313,74100
1999/7/30,579,3556,90,958600,254,79800,179,519200,1487,39900
1999/8/2,580,6531,143,738400,743,30700,174,384500,3936,15300
1999/8/4,581,9863,82,656300,1069,27300,243,341800,5423,13600
1999/8/6,582,7685,76,934000,886,38900,114,486400,4764,19400
1999/8/9,583,9919,122,568900,249,142200,187,355500,1010,71100
1999/8/11,584,3423,77,1095200,242,91200,113,593200,1253,45600
1999/8/13,585,7041,68,928000,673,38600,143,483300,3650,19300
1999/8/16,586,7272,82,1088300,144,181300,80,634800,670,90600
1999/8/18,587,8200,44,1256200,300,104600,77,680400,1590,52300
1999/8/20,588,0305,129,724200,269,60300,214,392200,1476,30100
1999/8/23,589,1259,79,964700,719,40100,109,502400,4179,20000
1999/8/25,590,1069,75,887800,753,36900,163,462300,3828,18400
1999/8/27,591,3308,88,1026900,239,85500,149,556200,1362,42700
1999/8/30,592,3387,76,793800,510,66100,151,429900,2897,33000
1999/9/1,593,3576,113,777800,714,32400,170,405100,3775,16200
1999/9/3,594,1050,102,962000,318,80100,127,521000,1714,40000
1999/9/6,595,0450,59,1086000,358,90500,117,588200,2075,45200
1999/9/8,596,8251,54,1253600,558,52200,108,652900,2958,26100
1999/9/10,597,8772,61,1301600,250,108400,97,705000,1441,54200
1999/9/13,598,4632,101,952900,646,39700,130,496300,3513,19800
1999/9/15,599,7438,55,1025000,584,42700,125,533800,3032,21300
1999/9/17,600,4802,47,1448100,528,60300,91,754200,2734,30100
1999/9/20,601,5068,71,941000,605,39200,195,490100,3499,19600
1999/9/22,602,7915,66,1047400,638,43600,109,545500,3469,21800
1999/9/24,603,4344,45,1640100,51,410000,81,1025000,258,205000
1999/9/27,604,1615,72,1110100,274,92500,125,601300,1474,46200
1999/9/29,605,8388,68,1093200,70,273300,145,683200,312,136600
1999/10/1,606,5307,79,972900,721,40500,132,506700,3421,20200
1999/10/4,607,1996,57,1185400,262,98700,117,642000,1413,49300
1999/10/6,608,8173,46,1177700,593,49000,102,613300,3100,24500
1999/10/8,609,4102,36,1118700,787,46600,108,582600,4041,23300
1999/10/11,610,3141,94,763900,324,63600,154,413700,1458,31800
1999/10/13,611,8486,55,1278800,206,106500,81,692600,1157,53200
1999/10/15,612,1148,53,1127200,308,93900,123,610500,1489,46900
1999/10/18,613,8880,120,863400,87,215800,116,539600,462,107900
1999/10/20,614,4293,49,1283400,458,53400,94,668400,2417,26700
1999/10/22,615,1271,49,1049800,418,87400,83,568600,2229,43700
1999/10/25,616,3487,79,903700,660,37600,164,470600,3394,18800
1999/10/27,617,7732,83,861900,287,71800,131,466800,1678,35900
1999/10/29,618,6142,35,1168200,840,48600,107,608400,3731,24300
1999/11/1,619,6319,66,852600,876,35500,154,444000,4265,17700
1999/11/3,620,0524,101,650500,542,27100,247,338800,2720,13500
1999/11/5,621,4693,92,898400,630,37400,138,467900,3184,18700
1999/11/8,622,9321,56,1101800,579,45900,111,573800,3304,22900
1999/11/10,623,6024,86,880500,685,36600,121,458500,3338,18300
1999/11/12,624,7786,81,993100,259,82700,121,537900,1507,41300
1999/11/15,625,7057,61,1130900,230,94200,108,612500,1487,47100
1999/11/17,626,7414,51,944800,333,78700,128,511700,1853,39300
1999/11/19,627,4845,70,1075900,204,89600,143,582700,1152,44800
1999/11/22,628,9825,58,961700,762,40000,132,500800,3743,20000
1999/11/24,629,4367,62,837300,716,34800,142,436000,3732,17400
1999/11/26,630,9805,61,974100,626,40500,153,507300,3555,20200
1999/11/29,631,7920,63,1080300,621,45000,103,562600,3599,22500
1999/12/1,632,4196,75,821700,752,34200,157,427900,3861,17100
1999/12/3,633,9432,53,1184800,557,49300,113,617000,2936,24600
1999/12/6,634,5065,47,1241600,243,103400,124,672500,1357,51700
1999/12/8,635,2609,82,827200,625,34400,167,430800,3408,17200
1999/12/10,636,8966,295,338700,379,28200,520,183400,2103,14100
1999/12/13,637,1805,50,1228300,601,51100,101,639700,3102,25500
1999/12/15,638,9379,46,1576200,185,131300,73,853700,1025,65600
1999/12/17,639,8230,75,1083100,652,45100,93,564100,3571,22500
1999/12/20,640,8932,116,694900,836,28900,208,361900,4344,14400
1999/12/22,641,9712,98,802100,761,33400,147,417700,3745,16700
1999/12/24,642,3523,107,831500,272,69200,160,450300,1538,34600
1999/12/27,643,2701,76,969200,710,40300,101,504700,4340,20100
1999/12/29,644,4221,73,919300,377,76600,124,497900,1952,38300
2000/1/5,645,3967,63,957200,797,39800,147,498500,4031,19900
2000/1/7,646,6597,58,1083100,560,45100,129,564100,3074,22500
2000/1/10,647,1148,52,1229700,237,102400,100,666000,1131,51200
2000/1/12,648,3793,58,1056200,223,88000,130,572100,1415,44000
2000/1/14,649,4069,97,767900,763,31900,191,399900,3841,15900
2000/1/17,650,2678,83,997200,456,41500,148,519300,2737,20700
2000/1/19,651,1743,106,701800,784,29200,157,365500,4354,14600
2000/1/21,652,3209,81,791100,784,32900,175,412000,4070,16400
2000/1/24,653,7402,57,1044900,722,43500,118,544200,3619,21700
2000/1/26,654,9818,50,1274800,217,106200,109,690500,1187,53100
2000/1/28,655,7657,73,922600,318,76800,149,499700,1854,38400
2000/1/31,656,7999,141,723200,128,180800,145,452000,600,90400
2000/2/2,657,2800,89,1026000,290,85500,94,555700,1416,42700
2000/2/4,658,5605,56,1106700,273,92200,138,599400,1617,46100
2000/2/7,659,1131,104,854600,137,213600,118,534100,606,106800
2000/2/9,660,4073,50,1001300,567,41700,153,521500,2985,20800
2000/2/11,661,0394,45,1236100,577,51500,84,643800,2903,25700
2000/2/14,662,4290,65,1002700,849,41700,95,522200,4063,20800
2000/2/16,663,0872,24,1424300,561,59300,79,741800,3091,29600
2000/2/18,664,6076,48,1462100,185,121800,103,791900,1069,60900
2000/2/21,665,4653,106,841100,800,35000,141,438000,3648,17500
2000/2/23,666,0959,45,1197600,278,99800,99,648700,1551,49900
2000/2/25,667,1913,70,973700,347,81100,117,527400,1991,40500
2000/2/28,668,9962,52,1559800,183,129900,74,844800,1157,64900
2000/3/1,669,6717,73,778200,408,64800,173,421500,2304,32400
2000/3/3,670,5606,91,751300,483,62600,192,406900,2221,31300
2000/3/6,671,5436,66,1056400,833,44000,105,550200,3863,22000
2000/3/8,672,1834,60,967100,682,40200,129,503600,3933,20100
2000/3/10,673,9963,88,863300,318,71900,184,467600,1633,35900
2000/3/13,674,8664,49,1316800,288,109700,100,713200,1371,54800
2000/3/15,675,1053,72,737200,984,30700,172,383900,4931,15300
2000/3/17,676,7697,53,705200,702,58700,139,381900,3442,29300
2000/3/20,677,0829,107,617500,686,25700,243,321600,3518,12800
2000/3/22,678,0644,47,1680300,204,140000,51,910100,961,70000
2000/3/24,679,9037,152,442600,793,18400,497,230500,4384,9200
2000/3/27,680,0909,130,662000,242,110300,193,386100,935,55100
2000/3/29,681,5026,72,847000,762,35200,141,441100,3901,17600
2000/3/31,682,7175,51,1313400,239,109400,102,711400,1275,54700
2000/4/3,683,7329,97,721500,868,30000,196,375700,4416,15000
2000/4/5,684,2782,60,889300,290,74100,167,481700,1614,37000
2000/4/7,685,1804,46,1146200,634,47700,115,596900,3394,23800
2000/4/10,686,5970,70,758200,753,31500,215,394800,4242,15700
2000/4/12,687,7440,35,1333700,241,111100,92,722400,1329,55500
2000/4/14,688,3906,70,741800,1029,30900,182,386300,4988,15400
2000/4/17,689,4983,53,1158700,639,48200,108,603400,3114,24100
2000/4/19,690,2430,85,943200,572,39300,116,491200,2953,19600
2000/4/21,691,0473,58,883200,938,36800,132,460000,4387,18400
2000/4/24,692,9236,89,777500,900,32300,162,404900,4274,16100
2000/4/26,693,6189,108,809000,637,33700,128,421300,3352,16800
2000/4/28,694,4905,86,587000,1294,24400,239,305700,6671,12200
2000/5/1,695,1915,51,1127900,295,93900,128,610900,1542,46900
2000/5/3,696,1197,73,955600,286,79600,106,517600,1279,39800
2000/5/5,697,4359,44,1215200,404,50600,94,632900,2276,25300
2000/5/8,698,8646,62,1157300,283,96400,110,626800,1305,48200
2000/5/10,699,4772,49,1183200,232,98600,110,640900,1367,49300
2000/5/12,700,2922,48,1210500,61,302600,147,756500,314,151300
2000/5/15,701,4476,87,944000,247,78600,140,511300,1459,39300
2000/5/17,702,4921,64,814300,723,33900,175,424100,4073,16900
2000/5/19,703,8511,59,1206900,288,100500,92,653700,1394,50200
2000/5/22,704,2953,139,627700,703,26100,237,326900,3661,13000
2000/5/24,705,1202,156,521400,375,43400,249,282400,1987,21700
2000/5/26,706,8172,55,1028300,602,42800,141,535500,3226,21400
2000/5/29,707,5798,76,983700,557,40900,147,512300,2814,20400
2000/5/31,708,6351,45,1033700,649,43000,120,538300,3333,21500
2000/6/2,709,0592,40,959300,952,39900,109,499600,4995,19900
2000/6/5,710,7389,64,1001300,640,41700,130,521500,3200,20800
2000/6/7,711,4820,50,1073600,550,44700,119,559100,2949,22300
2000/6/9,712,6612,83,966300,245,80500,129,523400,1313,40200
2000/6/12,713,8501,38,1076300,548,44800,156,560500,3102,22400
2000/6/14,714,4434,46,1378600,55,344600,84,861600,263,172300
2000/6/16,715,6216,29,1422500,272,118500,87,770500,1371,59200
2000/6/19,716,5533,60,1175900,126,195900,104,685900,618,97900
2000/6/21,717,9787,48,908100,356,75600,124,491800,2223,37800
2000/6/23,718,6711,49,1237200,251,103100,114,670100,1340,51500
2000/6/26,719,0586,52,1030900,729,42900,134,536900,3709,21400
2000/6/28,720,2600,39,1408200,217,117300,86,762700,1185,58600
2000/6/30,721,6020,108,848800,346,70700,128,459700,1787,35300
2000/7/3,722,3592,88,873700,691,36400,158,455000,3417,18200
2000/7/5,723,9916,62,937000,313,78000,151,507500,1600,39000
2000/7/7,724,5754,63,1096100,233,91300,151,593700,1286,45600
2000/7/10,725,3918,79,822100,764,34200,188,428100,3853,17100
2000/7/12,726,9124,53,945500,729,39300,126,492400,3903,19600
2000/7/14,727,8150,81,854000,761,35500,164,444700,3621,17700
2000/7/17,728,0603,67,1075600,229,89600,135,582600,1347,44800
2000/7/19,729,3733,75,656300,171,164000,207,410100,631,82000
2000/7/21,730,8804,69,1088100,206,90600,117,589300,1130,45300
2000/7/24,731,3003,58,973600,154,162200,115,567900,853,81100
2000/7/26,732,4372,47,1002900,575,41700,138,522300,3118,20800
2000/7/28,733,9493,39,1478800,206,123200,82,801000,1217,61600
2000/7/31,734,2579,110,651300,778,27100,242,339200,3732,13500
2000/8/2,735,4853,53,1132200,483,47100,108,589600,2689,23500
2000/8/4,736,0899,48,1130400,220,94200,111,612300,1725,47100
2000/8/7,737,0630,104,545300,581,45400,255,295300,2545,22700
2000/8/9,738,1727,70,890100,275,74100,134,482100,1479,37000
2000/8/11,739,6024,78,886000,620,36900,144,461400,2865,18400
2000/8/14,740,8900,68,680700,374,56700,197,368700,1879,28300
2000/8/16,741,1327,51,920400,565,38300,131,479300,3181,19100
2000/8/18,742,4558,59,1162200,189,96800,112,629500,1131,48400
2000/8/21,743,8283,48,1022300,309,85100,129,553700,1662,42500
2000/8/23,744,4635,68,769000,880,32000,149,400500,3944,16000
2000/8/25,745,7670,53,1087600,302,90600,128,589100,1397,45300
2000/8/28,746,1591,61,1175800,295,97900,85,636800,1472,48900
2000/8/30,747,3173,57,951300,265,79200,146,515200,1515,39600
2000/9/1,748,7290,75,789700,733,32900,171,411300,4413,16400
2000/9/4,749,3198,33,973100,869,40500,135,506800,4473,20200
2000/9/6,750,8678,48,1250500,190,104200,108,677300,1130,52100
2000/9/8,751,4700,47,1211300,248,100900,119,656100,1276,50400
2000/9/11,752,3191,59,918600,350,76500,147,497500,1676,38200
2000/9/13,753,3686,50,1116300,221,93000,121,604600,1251,46500
2000/9/15,754,4544,44,1147600,77,286900,122,717200,301,143400
2000/9/18,755,8675,61,887700,761,36900,156,462300,3611,18400
2000/9/20,756,9894,57,877100,320,73000,151,475000,1746,36500
2000/9/22,757,2794,38,1077300,674,44800,128,561000,3369,22400
2000/9/25,758,5151,88,948800,163,158100,126,553400,591,79000
2000/9/27,759,2894,40,1276800,549,53200,93,665000,2644,26600
2000/9/29,760,6504,44,1305200,419,54300,115,679700,2613,27100
2000/10/2,761,2809,78,787000,769,32700,190,409800,4100,16300
2000/10/4,762,4108,56,1031700,565,42900,118,537300,3106,21400
2000/10/6,763,2758,83,874000,627,36400,156,455200,2981,18200
2000/10/9,764,5489,68,791600,540,32900,187,412200,2779,16400
2000/10/11,765,0779,50,1022400,266,85200,115,553800,1585,42600
2000/10/13,766,1372,32,1204400,649,50100,110,627200,3191,25000
2000/10/16,767,0235,57,1016300,718,42300,126,529300,3459,21100
2000/10/18,768,7385,96,685100,729,28500,205,356800,3413,14200
2000/10/20,769,7049,46,1048600,691,43600,101,546100,3748,21800
2000/10/23,770,0178,89,871500,598,36300,165,453900,2817,18100
2000/10/25,771,7670,64,997800,271,83100,146,540400,1220,41500
2000/10/27,772,4635,270,300900,1551,12500,566,156700,6024,6200
2000/10/30,773,5531,88,845700,295,70400,180,458000,1446,35200
2000/11/1,774,0328,113,619700,580,25800,264,322700,2781,12900
2000/11/3,775,9578,43,977000,636,40700,129,508800,3078,20300
2000/11/6,776,2954,106,794000,736,33000,157,413500,3511,16500
2000/11/8,777,4810,60,974700,635,40600,127,507600,3055,20300
2000/11/10,778,6305,86,842100,708,35000,149,438500,3426,17500
2000/11/13,779,6921,58,956300,997,39800,107,498000,4194,19900
2000/11/15,780,0570,77,1074800,266,89500,89,582100,1187,44700
2000/11/17,781,7852,69,891800,775,37100,132,464400,3643,18500
2000/11/20,782,9400,30,1335500,281,111200,95,723300,1478,55600
2000/11/22,783,3275,85,739800,1039,30800,133,385300,4308,15400
2000/11/24,784,6936,37,1135800,260,94600,117,615200,1738,47300
2000/11/27,785,9346,51,1025800,772,42700,134,534200,3821,21300
2000/11/29,786,0399,33,1348700,250,112300,86,730500,1501,56100
2000/12/1,787,7643,56,1021400,821,42500,113,531900,3713,21200
2000/12/4,788,1981,98,798200,315,66500,200,432300,1790,33200
2000/12/6,789,5509,53,962700,278,80200,169,521400,1503,40100
2000/12/8,790,4256,85,763500,738,31800,226,397600,3466,15900
2000/12/11,791,3650,66,1116100,738,46500,106,581300,3234,23200
2000/12/13,792,9050,97,684200,458,57000,198,370600,2151,28500
2000/12/15,793,6989,84,874800,332,72900,186,473800,1517,36400
2000/12/18,794,5737,69,1087200,358,90600,112,588900,1788,45300
2000/12/20,795,3986,85,672700,1071,28000,213,350300,5346,14000
2000/12/22,796,7798,60,1025000,314,85400,149,555200,1778,42700
2000/12/25,797,6223,94,973500,303,81100,132,527300,1591,40500
2000/12/27,798,1379,81,799300,815,33300,193,416300,3864,16600
2000/12/29,799,5595,43,1387400,76,346800,116,867100,354,173400
2001/1/5,800,3930,66,945200,400,78700,141,511900,1980,39300
2001/1/8,801,0516,126,668600,549,27800,232,348200,2431,13900
2001/1/10,802,8327,58,899600,784,37400,135,468500,4089,18700
2001/1/12,803,8494,34,1188100,354,99000,105,643500,1781,49500
2001/1/15,804,1122,280,345700,370,57600,393,201600,1324,28800
2001/1/17,805,4595,46,1232200,235,102600,97,667400,1315,51300
2001/1/19,806,7748,70,1070700,281,89200,123,579900,1376,44600
2001/1/22,807,0016,44,1356600,290,113000,92,734800,1463,56500
2001/1/24,808,8058,50,1156400,239,96300,125,626300,1476,48100
2001/1/26,809,3878,213,471600,277,39300,433,255400,1153,19600
2001/1/29,810,1623,165,545800,935,22700,338,284200,3960,11300
2001/1/31,811,0385,60,988800,768,41200,136,515000,3797,20600
2001/2/2,812,0742,46,1170600,846,48700,100,609600,3794,24300
2001/2/5,813,2902,114,661800,513,55100,267,358400,2375,27500
2001/2/7,814,2711,106,678100,539,56500,169,367300,2409,28200
2001/2/9,815,0908,114,638600,428,53200,274,345900,2034,26600
2001/2/12,816,5297,50,998100,881,41500,115,519800,3742,20700
2001/2/14,817,8319,82,662600,1073,27600,199,345100,5175,13800
2001/2/16,818,4342,70,1149100,272,95700,102,622400,1553,47800
2001/2/19,819,5382,67,887300,1177,36900,153,462100,4651,18400
2001/2/21,820,7402,63,964700,883,40100,131,502400,3637,20000
2001/2/23,821,9968,44,1082700,345,90200,152,586400,1851,45100
2001/2/26,822,0597,55,838900,1093,34900,191,436900,5307,17400
2001/2/28,823,2422,64,1412300,62,353000,99,882600,215,176500
2001/3/2,824,9941,54,1273800,348,106100,80,689900,1617,53000
2001/3/5,825,8238,56,1013500,396,84400,146,548900,2101,42200
2001/3/7,826,0301,125,631600,481,52600,211,342100,2369,26300
2001/3/9,827,9634,58,906400,889,37700,168,472000,3987,18800
2001/3/12,828,0325,198,510200,887,21200,343,265700,3680,10600
2001/3/14,829,3119,77,926500,377,77200,123,501800,1740,38600
2001/3/16,830,8609,80,651400,831,27100,311,339200,4358,13500
2001/3/19,831,1807,47,1207300,777,50300,104,628800,3458,25100
2001/3/21,832,5096,69,871900,811,36300,145,454100,3895,18100
2001/3/23,833,8866,47,1454200,98,242300,105,848200,538,121100
2001/3/26,834,6879,84,754100,1029,31400,224,392700,4425,15700
2001/3/28,835,4357,92,787200,830,32800,173,410000,3792,16400
2001/3/30,836,2221,62,1008300,125,252000,121,630100,567,126000
2001/4/2,837,7853,93,877500,867,36500,135,457000,3971,18200
2001/4/4,838,6289,61,975500,647,40600,142,508000,3546,20300
2001/4/6,839,1112,189,403700,289,100900,346,252300,1002,50400
2001/4/9,840,1477,82,838700,423,69800,166,454200,2021,34900
2001/4/11,841,6926,46,1203700,224,100300,130,652000,1264,50100
2001/4/13,842,3781,72,977800,737,40700,142,509200,3395,20300
2001/4/16,843,6718,56,1318600,559,54900,114,686700,2448,27400
2001/4/18,844,0322,187,517300,338,43100,330,280200,1380,21500
2001/4/20,845,6848,60,1087400,274,90600,145,589000,1457,45300
2001/4/23,846,9199,61,1137000,132,284200,116,710600,437,142100
2001/4/25,847,8348,57,1188900,240,99000,122,643900,1245,49500
2001/4/27,848,5734,65,896000,1070,37300,142,466600,4662,18600
2001/4/30,849,9285,44,1076100,765,44800,122,560400,3342,22400
2001/5/2,850,9662,62,997700,336,83100,165,540400,1440,41500
2001/5/4,851,1368,92,713700,764,29700,172,371700,3583,14800
2001/5/7,852,2275,74,994600,389,82800,134,538700,1654,41400
2001/5/9,853,5418,67,948000,702,39500,145,493700,3225,19700
2001/5/11,854,1240,56,1093200,808,45500,83,569300,4060,22700
2001/5/14,855,7125,65,945400,887,39300,143,492300,3881,19600
2001/5/16,856,1445,62,1099000,243,91500,128,595200,1252,45700
2001/5/18,857,1571,47,1004800,414,83700,141,544200,1828,41800
2001/5/21,858,6750,37,1708700,436,71100,71,889900,2396,35500
2001/5/23,859,8212,43,1099300,364,91600,102,595400,1846,45800
2001/5/25,860,6988,69,938900,352,78200,140,508500,2033,39100
2001/5/28,861,9691,132,584200,471,48600,319,316400,2048,24300
2001/5/30,862,9397,30,1644500,201,137000,84,890700,1144,68500
2001/6/1,863,5347,83,726700,1175,30200,220,378400,4817,15100
2001/6/4,864,6193,88,837900,978,34900,137,436400,4718,17400
2001/6/6,865,6768,73,795200,301,66200,235,430700,1504,33100
2001/6/8,866,2365,79,807600,891,33600,185,420600,4208,16800
2001/6/11,867,9555,35,1628500,101,407100,74,1017800,359,203500
2001/6/13,868,9186,44,954400,820,39700,137,497000,4146,19800
2001/6/15,869,0906,167,580300,408,48300,247,314300,2083,24100
2001/6/18,870,2436,132,733700,896,30500,199,382100,3672,15200
2001/6/20,871,3181,52,969200,331,80700,175,524900,1618,40300
2001/6/22,872,3422,87,861500,427,71700,157,466600,1922,35800
2001/6/25,873,3425,108,725000,1197,30200,195,377600,4530,15100
2001/6/27,874,2341,125,556000,1476,23100,246,289500,5706,11500
2001/6/29,875,6685,35,1508800,272,125700,97,817200,1473,62800
2001/7/2,876,1667,79,1313500,243,109400,100,711400,1210,54700
2001/7/4,877,9407,31,1413100,583,58800,100,735900,3165,29400
2001/7/6,878,6447,58,1104500,281,92000,150,598200,1598,46000
2001/7/9,879,4433,87,943600,202,157200,145,550400,915,78600
2001/7/11,880,2530,70,1010800,701,42100,146,526400,3277,21000
2001/7/13,881,6463,74,921600,433,76800,142,499200,1999,38400
2001/7/16,882,7020,39,1321100,275,110000,117,715500,1614,55000
2001/7/18,883,9569,74,997400,254,83100,147,540200,1464,41500
2001/7/20,884,8390,26,1317600,581,54900,100,686200,3086,27400
2001/7/23,885,9413,61,969100,789,40300,138,504700,4150,20100
2001/7/25,886,1141,120,666700,156,166600,174,416600,600,83300
2001/7/27,887,3607,33,1356500,492,56500,133,706500,2653,28200
2001/7/30,888,1188,171,549700,239,91600,283,320600,886,45800
2001/8/1,889,4720,57,904000,781,37600,164,470800,3713,18800
2001/8/3,890,9406,54,1240800,548,51700,108,646200,2857,25800
2001/8/6,891,2502,80,986600,347,82200,115,534400,1762,41100
2001/8/8,892,9527,71,781000,901,32500,148,406700,4811,16200
2001/8/10,893,4495,52,1158500,284,96500,126,627500,1324,48200
2001/8/13,894,7915,49,1206200,617,50200,95,628200,2780,25100
2001/8/15,895,7329,67,866000,600,36000,154,451000,3174,18000
2001/8/17,896,3130,72,926100,345,77100,130,501600,1944,38500
2001/8/20,897,3918,129,524800,1186,21800,310,273300,5863,10900
2001/8/22,898,7050,55,1127100,258,93900,103,610500,1324,46900
2001/8/24,899,6606,59,1097000,81,274200,155,685600,371,137100
2001/8/27,900,8207,46,1095600,791,45600,128,570600,3943,22800
2001/8/29,901,9506,66,837200,763,34800,192,436000,4086,17400
2001/8/31,902,8287,36,1582300,222,131800,90,857000,1314,65900
2001/9/3,903,3418,120,696700,813,29000,262,362800,3865,14500
2001/9/5,904,0890,30,1048300,398,87300,150,567800,2050,43600
2001/9/7,905,0665,42,1322700,296,110200,90,716400,1663,55100
2001/9/10,906,7544,53,1147400,378,95600,100,621500,1738,47800
2001/9/12,907,3357,124,637000,423,53000,223,345000,1807,26500
2001/9/14,908,6947,53,1007300,715,41900,160,524600,3467,20900
2001/9/17,909,8566,58,1186300,331,98800,103,642500,1631,49400
2001/9/19,910,5362,52,919100,932,38200,154,478600,3969,19100
2001/9/21,911,8611,43,1202400,272,100200,124,651300,1591,50100
2001/9/24,912,6160,57,1263600,253,105300,83,684400,1199,52600
2001/9/26,913,3260,74,988500,659,41100,145,514800,3186,20500
2001/9/28,914,6784,51,1356600,530,56500,100,706500,2833,28200
2001/10/1,915,8747,71,1155400,316,96200,101,625800,1558,48100
2001/10/3,916,4749,61,876700,363,73000,190,474800,1981,36500
2001/10/5,917,6640,48,1311600,299,109300,109,710400,1462,54600
2001/10/8,918,6245,59,975900,817,40600,126,508200,3711,20300
2001/10/10,919,6587,56,902600,897,37600,147,470100,4189,18800
2001/10/12,920,7255,83,813800,538,67800,151,440800,2449,33900
2001/10/15,921,6825,109,684200,1080,28500,243,356300,4827,14200
2001/10/17,922,0215,111,678300,743,28200,238,353200,3746,14100
2001/10/19,923,7356,91,837800,854,34900,171,436300,3832,17400
2001/10/22,924,0266,55,1095400,411,91200,106,593300,1956,45600
2001/10/24,925,7137,54,1060400,357,88300,132,574300,1619,44100
2001/10/26,926,5958,39,1434200,291,119500,110,776800,1378,59700
2001/10/29,927,4639,76,824200,987,34300,216,429200,4343,17100
2001/10/31,928,0441,61,1169800,281,97400,108,633600,1662,48700
2001/11/2,929,0333,50,1192900,121,298200,92,745500,586,149100
2001/11/5,930,4092,61,954100,1004,39700,143,496900,4403,19800
2001/11/7,931,1826,86,850300,785,35400,180,442800,3508,17700
2001/11/9,932,5938,81,866800,828,36100,173,451400,3848,18000
2001/11/12,933,5552,55,1283700,101,320900,96,802300,483,160400
2001/11/14,934,5994,54,1129700,322,94100,120,611900,1508,47000
2001/11/16,935,4602,51,1113300,789,46300,127,579800,3701,23100
2001/11/19,936,5693,81,764700,1170,31800,181,398200,5250,15900
2001/11/21,937,7315,88,749300,1156,31200,173,390200,4591,15600
2001/11/23,938,4949,73,934600,149,155700,170,545100,635,77800
2001/11/26,939,1222,258,424600,203,106100,382,265300,581,53000
2001/11/28,940,2409,70,867400,878,36100,167,451700,3972,18000
2001/11/30,941,8321,68,1039000,764,43200,126,541100,3686,21600
2001/12/3,942,0030,50,1337000,102,334200,104,835600,454,167100
2001/12/5,943,2956,60,993400,752,41300,150,517300,3721,20600
2001/12/7,944,5335,112,745800,239,124300,171,435000,1095,62100
2001/12/10,945,5032,67,836700,1165,34800,186,435700,5155,17400
2001/12/12,946,3078,81,967300,482,40300,203,503800,2578,20100
2001/12/14,947,4562,74,1002000,896,41700,121,521800,4349,20800
2001/12/17,948,1542,97,1064400,829,44300,101,554300,3693,22100
2001/12/19,949,4449,99,681700,207,170400,229,426000,675,85200
2001/12/21,950,4046,69,1225500,242,102100,130,663800,1267,51000
2001/12/24,951,8549,31,1588000,601,66100,73,827000,2885,33000
2001/12/26,952,7571,47,1282600,316,106800,121,694700,1602,53400
2001/12/28,953,0245,81,874500,1154,36400,190,455400,5300,18200
2002/1/4,954,6923,79,750700,1020,31200,220,390900,4764,15600
2002/1/7,955,8233,73,1059700,410,88300,116,574000,1926,44100
2002/1/9,956,1172,70,796700,550,66300,151,431500,2764,33100
2002/1/11,957,1725,85,854900,929,35600,195,445200,4053,17800
2002/1/14,958,4399,52,1194500,289,99500,134,647000,1337,49700
2002/1/16,959,0898,39,1357800,257,113100,103,735400,1655,56500
2002/1/18,960,9930,68,1273300,239,106100,121,689700,1335,53000
2002/1/21,961,9571,53,1185700,668,49400,149,617500,3217,24700
2002/1/23,962,1123,430,241100,731,20000,830,130500,2757,10000
2002/1/25,963,3667,85,958300,332,79800,174,519000,1742,39900
2002/1/28,964,1490,58,1062500,928,44200,139,553300,4458,22100
2002/1/30,965,3837,45,1272300,316,106000,121,689100,1572,53000
2002/2/1,966,1296,67,1004500,796,41800,171,523100,3982,20900
2002/2/4,967,5947,87,909100,868,37800,199,473400,4018,18900
2002/2/6,968,0001,68,1134000,129,283500,145,708700,334,141700
2002/2/8,969,4051,86,990000,859,41200,139,515600,3883,20600
2002/2/11,970,3716,79,781200,863,32500,239,406800,3704,16200
2002/2/13,971,7928,49,1161000,597,48300,143,604600,3187,24100
2002/2/15,972,2642,86,854500,505,71200,178,462800,2211,35600
2002/2/18,973,5690,55,1025800,821,42700,195,534200,3819,21300
2002/2/20,974,8681,51,1188900,320,99000,130,643900,1479,49500
2002/2/22,975,8534,60,1183300,768,49300,108,616300,3640,24600
2002/2/25,976,9399,77,937800,175,234400,174,586100,540,117200
2002/2/27,977,5774,42,1230200,332,102500,116,666300,1808,51200
2002/3/1,978,2458,161,550800,895,22900,401,286800,4057,11400
2002/3/4,979,1796,58,1178300,875,49000,111,613600,3857,24500
2002/3/6,980,2175,56,997200,870,41500,153,519300,3998,20700
2002/3/8,981,9407,43,1131200,742,47100,168,589100,3627,23500
2002/3/11,982,8667,54,1125500,374,93700,159,609600,1750,46800
2002/3/13,983,1585,49,1178200,376,98100,122,638100,1619,49000
2002/3/15,984,3996,67,881100,404,73400,203,477200,1999,36700
2002/3/18,985,6215,67,935100,963,38900,169,487000,4401,19400
2002/3/20,986,3912,96,730700,772,30400,244,380500,3945,15200
2002/3/22,987,5262,66,1047500,414,87200,92,567300,2021,43600
2002/3/25,988,5648,86,887200,851,36900,191,462000,3775,18400
2002/3/27,989,1839,85,634800,1152,26400,246,330600,5746,13200
2002/3/29,990,0339,74,847900,462,70600,176,459200,2285,35300
2002/4/1,991,1933,138,688100,404,57300,254,372700,1823,28600
2002/4/3,992,0253,59,972600,893,40500,126,506500,4194,20200
2002/4/5,993,7026,45,1157000,571,48200,159,602600,3273,24100
2002/4/8,994,7428,79,836900,893,34800,200,435800,4381,17400
2002/4/10,995,3013,63,903500,401,75200,141,489300,2313,37600
2002/4/12,996,4515,58,1031200,339,85900,159,558500,1609,42900
2002/4/15,997,7488,51,1318400,272,109800,119,714100,1432,54900
2002/4/17,998,3242,46,1169400,337,97400,118,633400,1661,48700
2002/4/19,999,7461,46,1167300,867,48600,114,607900,4020,24300
2002/4/22,1000,6576,71,1088300,370,90600,141,589400,1709,45300
2002/4/24,1001,8637,71,974900,701,40600,168,507700,3310,20300
2002/4/26,1002,0288,46,1363400,286,113600,122,738500,1468,56800
2002/4/29,1003,7710,77,998100,359,83100,129,540600,1563,41500
2002/5/1,1004,6971,93,932800,722,38800,145,485800,3650,19400
2002/5/3,1005,1818,151,663600,195,110600,188,387100,707,55300
2002/5/6,1006,2929,266,342800,312,57100,519,199900,838,28500
2002/5/8,1007,2032,61,1042000,377,86800,109,564400,1897,43400
2002/5/10,1008,0314,168,515100,917,21400,357,268200,4654,10700
2002/5/13,1009,9355,49,1350100,340,112500,101,731300,1457,56200
2002/5/15,1010,1061,35,1124900,405,93700,96,609300,2152,46800
2002/5/17,1011,2014,92,733000,953,30500,205,381700,4706,15200
2002/5/20,1012,0783,27,1793200,488,74700,74,933900,2706,37300
2002/5/22,1013,0437,42,1151400,744,47900,118,599600,3559,23900
2002/5/24,1014,9271,50,1098600,797,45700,125,572100,4075,22800
2002/5/27,1015,7605,46,1545700,503,64400,90,805000,2597,32200
2002/5/29,1016,8459,53,1091900,740,45400,132,568600,3469,22700
2002/5/31,1017,0905,126,676400,333,56300,285,366300,1735,28100
2002/6/3,1018,9766,44,1258500,276,104800,131,681600,1475,52400
2002/6/5,1019,4560,52,1152300,574,48000,117,600100,3183,24000
2002/6/7,1020,0900,70,741000,198,185200,206,463100,685,92600
2002/6/10,1021,6120,67,811300,1038,33800,148,422500,5332,16900
2002/6/12,1022,9255,58,1094100,268,91100,117,592600,1444,45500
2002/6/14,1023,1706,44,1143000,596,47600,131,595300,3561,23800
2002/6/17,1024,9849,15,1665900,299,138800,77,902300,1684,69400
2002/6/19,1025,1268,73,782000,823,32500,223,407200,3602,16200
2002/6/21,1026,7174,44,1048500,366,87300,134,567900,2099,43600
2002/6/24,1027,9081,82,883400,846,36800,152,460100,4256,18400
2002/6/26,1028,3521,122,766100,739,31900,155,399000,3940,15900
2002/6/28,1029,1565,50,1324000,279,110300,111,717100,1453,55100
2002/7/1,1030,3002,60,1101600,420,91800,117,596700,1928,45900
2002/7/3,1031,3288,63,903000,401,75200,158,489100,2024,37600
2002/7/5,1032,1744,77,806400,481,67200,143,436800,2837,33600
2002/7/8,1033,3754,82,791300,957,32900,196,412100,4752,16400
2002/7/10,1034,6694,32,1052000,366,87600,137,569800,1935,43800
2002/7/12,1035,6332,49,1027500,410,85600,132,556500,2119,42800
2002/7/15,1036,6811,51,1142900,344,95200,131,619000,1669,47600
2002/7/17,1037,7874,41,1104800,311,92000,145,598400,1641,46000
2002/7/19,1038,9787,58,1160400,298,96700,109,628500,1669,48300
2002/7/22,1039,8994,47,925400,532,77100,129,501200,2486,38500
2002/7/24,1040,3694,70,836800,832,34800,160,435800,4098,17400
2002/7/26,1041,0723,180,478000,755,19900,418,248900,3556,9900
2002/7/29,1042,6634,87,758800,408,63200,228,411000,1743,31600
2002/7/31,1043,6271,81,804700,811,33500,150,419100,4247,16700
2002/8/2,1044,7522,73,789100,462,65700,156,427400,2397,32800
2002/8/5,1045,8650,55,1162500,610,48400,116,605400,3072,24200
2002/8/7,1046,4598,65,972800,691,40500,114,506600,3523,20200
2002/8/9,1047,8130,60,914900,661,38100,163,476500,3922,19000
2002/8/12,1048,1440,63,1023700,277,85300,122,554500,1647,42600
2002/8/14,1049,9320,45,1015300,684,42300,99,528800,3588,21100
2002/8/16,1050,7259,74,698300,866,29000,229,363600,4043,14500
2002/8/19,1051,3269,88,760700,818,31600,178,396100,4005,15800
2002/8/21,1052,1835,72,752000,805,31300,181,391600,4219,15600
2002/8/23,1053,2997,46,1222300,266,101800,120,662000,1411,50900
2002/8/26,1054,7131,57,1129600,331,94100,111,611800,1786,47000
2002/8/28,1055,2400,65,1039900,393,86600,96,563200,1634,43300
2002/8/30,1056,4327,76,861000,706,35800,178,448400,3826,17900
2002/9/2,1057,2653,79,757600,1248,31500,159,394500,5310,15700
2002/9/4,1058,4461,51,998700,384,83200,127,540900,1867,41600
2002/9/6,1059,3267,99,610300,1041,25400,255,317800,5224,12700
2002/9/9,1060,3119,68,951100,333,79200,158,515100,1822,39600
2002/9/11,1061,3354,54,949200,372,79100,155,514100,1695,39500
2002/9/13,1062,0671,24,1632600,556,68000,71,850300,2975,34000
2002/9/16,1063,6591,37,1013200,721,42200,126,527700,3783,21100
2002/9/18,1064,5453,81,784800,379,65400,182,425100,1804,32700
2002/9/20,1065,7532,75,752400,1177,31300,169,391800,4907,15600
2002/9/23,1066,5777,71,1107500,106,276800,99,692100,302,138400
2002/9/25,1067,7452,70,732800,1005,30500,174,381600,5150,15200
2002/9/27,1068,6280,61,1044500,646,43500,133,544000,3443,21700
2002/9/30,1069,9646,137,711300,374,59200,174,385200,1887,29600
2002/10/2,1070,7779,42,1319400,69,329800,122,824600,264,164900
2002/10/4,1071,7683,49,1267500,676,52800,96,660100,2914,26400
2002/10/7,1072,8112,53,976500,433,81300,113,528900,2370,40600
2002/10/9,1073,4549,47,1195400,278,99600,117,647500,1283,49800
2002/10/11,1074,2771,69,1069000,324,89000,117,579000,1517,44500
2002/10/14,1075,8217,37,1053600,754,43900,114,548700,3698,21900
2002/10/16,1076,4968,49,910000,727,37900,177,473900,3736,18900
2002/10/18,1077,3761,59,942500,766,39200,162,490800,3789,19600
2002/10/21,1078,5158,50,1205100,278,100400,117,652700,1489,50200
2002/10/23,1079,4397,43,922900,810,38400,168,480600,3980,19200
2002/10/25,1080,8336,51,980500,466,81700,128,531100,2130,40800
2002/10/28,1081,9901,68,867700,388,72300,199,470000,1852,36100
2002/10/30,1082,6697,33,1180200,278,98300,137,639200,1504,49100
2002/11/1,1083,2707,36,1331200,275,110900,110,721000,1441,55400
2002/11/4,1084,2125,74,765200,398,63700,180,414400,1950,31800
2002/11/6,1085,0319,137,571100,731,23700,296,297400,3829,11800
2002/11/8,1086,7239,55,743400,1132,30900,207,387100,5078,15400
2002/11/11,1087,2354,90,793300,1000,33000,172,413100,4017,16500
2002/11/13,1088,9423,49,1061600,605,44200,142,552900,3063,22100
2002/11/15,1089,7368,59,1029000,667,42800,144,535900,3330,21400
2002/11/18,1090,2568,122,659200,875,27400,247,343300,3992,13700
2002/11/20,1091,4059,72,679400,841,28300,245,353800,4604,14100
2002/11/22,1092,0060,46,1089700,113,272400,142,681000,399,136200
2002/11/25,1093,2556,77,873500,303,72700,180,473100,1551,36300
2002/11/27,1094,1440,47,1054000,301,87800,134,570900,1607,43900
2002/11/29,1095,5351,60,1024400,324,85300,146,554800,1579,42600
2002/12/2,1096,1221,380,255000,560,42500,564,148700,1824,21200
2002/12/4,1097,0058,24,1630100,181,135800,91,882900,1071,67900
2002/12/6,1098,9848,37,1193500,343,99400,135,646400,1443,49700
2002/12/9,1099,9507,60,972900,644,40500,147,506700,3408,20200
2002/12/11,1100,5731,96,697700,1047,29000,168,363300,4558,14500
2002/12/13,1101,6233,74,827900,419,68900,168,448400,2193,34400
2002/12/16,1102,4344,106,644800,186,161200,273,403000,524,80600
2002/12/18,1103,2008,72,1017700,284,84800,132,551200,1486,42400
2002/12/20,1104,8199,70,793500,493,66100,165,429800,2552,33000
2002/12/23,1105,6415,69,1006300,605,41900,133,524100,2855,20900
2002/12/25,1106,4539,100,800500,634,33300,190,416900,3304,16600
2002/12/27,1107,4938,36,1204400,682,50100,129,627200,3886,25000
2002/12/30,1108,4265,73,848600,951,35300,164,441900,4542,17600
2003/1/6,1109,6300,42,1246700,376,103800,101,675200,1738,51900
2003/1/8,1110,4368,111,676500,721,28100,238,352300,3721,14000
2003/1/10,1111,0570,51,1120900,309,93400,154,607100,1430,46700
2003/1/13,1112,0933,43,1082000,365,90100,125,586000,1782,45000
2003/1/15,1113,4147,87,660600,419,55000,255,357800,2221,27500
2003/1/17,1114,8762,33,1308500,715,54500,102,681500,3408,27200
2003/1/20,1115,5030,103,791700,401,65900,211,428800,1614,32900
2003/1/22,1116,6813,67,849900,863,35400,155,442600,4184,17700
2003/1/24,1117,4802,44,1180300,674,49100,121,614700,3316,24500
2003/1/27,1118,4609,70,934700,678,38900,188,486800,3247,19400
2003/1/29,1119,7161,54,1135500,346,94600,92,615000,1644,47300
2003/1/31,1120,2343,66,987500,334,82200,152,534800,1724,41100
2003/2/3,1121,7680,60,1399300,459,58300,110,728800,2221,29100
2003/2/5,1122,9231,37,1096000,791,45600,121,570800,4026,22800
2003/2/7,1123,0027,74,801900,512,66800,172,434300,2439,33400
2003/2/10,1124,6507,63,1082800,627,45100,153,563900,3278,22500
2003/2/12,1125,3361,57,1015200,316,84600,132,549900,1782,42300
2003/2/14,1126,7804,37,1440000,574,60000,109,750000,2769,30000
2003/2/17,1127,6964,59,959600,430,79900,141,519700,2403,39900
2003/2/19,1128,0452,37,1139100,839,47400,91,593200,4270,23700
2003/2/21,1129,6191,59,995100,414,82900,118,539000,2231,41400
2003/2/24,1130,0664,38,1385300,264,115400,122,750300,1335,57700
2003/2/26,1131,7718,47,1121900,268,93400,164,607600,1455,46700
2003/2/28,1132,2868,55,966300,438,80500,173,523400,1979,40200
2003/3/3,1133,2351,111,720100,995,30000,228,375000,4344,15000
2003/3/5,1134,9411,56,1001700,370,83400,132,542500,1902,41700
2003/3/7,1135,3949,57,982500,340,81800,178,532100,1553,40900
2003/3/10,1136,6788,76,935300,308,77900,185,506600,1681,38900
2003/3/12,1137,7713,78,705000,544,58700,207,381800,2457,29300
2003/3/14,1138,0775,50,1433900,232,119400,98,776600,1281,59700
2003/3/17,1139,3059,70,983800,674,40900,180,512300,3276,20400
2003/3/19,1140,8919,52,1039300,339,86600,129,562900,1777,43300
2003/3/21,1141,6073,33,1345600,540,56000,98,700800,2678,28000
2003/3/24,1142,7123,88,853800,867,35500,150,444600,4201,17700
2003/3/26,1143,2702,69,801000,383,66700,197,433800,2089,33300
2003/3/28,1144,2169,60,909000,817,37800,164,473400,4357,18900
2003/3/31,1145,0084,133,700000,329,58300,253,379100,1555,29100
2003/4/2,1146,7301,47,864900,800,36000,177,450400,4219,18000
2003/4/4,1147,7989,49,988600,334,82300,147,535400,2036,41100
2003/4/7,1148,9385,29,1577600,633,65700,76,821600,2918,32800
2003/4/9,1149,8027,48,1086900,626,45200,140,566000,3022,22600
2003/4/11,1150,5394,40,1366200,507,56900,109,711500,2872,28400
2003/4/14,1151,5430,41,1341000,652,55800,91,698400,3282,27900
2003/4/16,1152,0390,55,886400,451,73800,138,480100,2486,36900
2003/4/18,1153,6706,53,1001800,344,83400,159,542600,1845,41700
2003/4/21,1154,9936,67,808700,413,67300,206,438000,2175,33600
2003/4/23,1155,7908,44,989800,813,41200,139,515500,3912,20600
2003/4/25,1156,2782,61,916200,434,76300,174,496200,1862,38100
2003/4/28,1157,6819,62,931200,847,38800,165,485000,4260,19400
2003/4/30,1158,2060,52,1140600,328,95000,110,617800,1528,47500
2003/5/2,1159,9123,70,782900,949,32600,227,407700,4459,16300
2003/5/5,1160,1563,76,892200,807,37100,117,464600,3514,18500
2003/5/7,1161,1663,56,1068600,346,89000,106,578800,1667,44500
2003/5/9,1162,5749,42,1018300,819,42400,159,530300,3812,21200
2003/5/12,1163,1775,69,927900,373,77300,171,502600,1787,38600
2003/5/14,1164,7894,35,1336100,513,55600,103,695800,2897,27800
2003/5/16,1165,4973,57,1028400,710,42800,151,535600,3484,21400
2003/5/19,1166,4212,80,918100,431,76500,119,497300,2076,38200
2003/5/21,1167,2522,60,1024600,118,256100,141,640300,349,128000
2003/5/23,1168,2028,62,1152200,258,96000,118,624100,1467,48000
2003/5/26,1169,5082,62,821500,1063,34200,176,427800,4941,17100
2003/5/28,1170,1602,46,993300,866,41300,110,517300,4473,20600
2003/5/30,1171,8666,58,1088200,138,272000,99,680100,533,136000
2003/6/2,1172,3335,47,1142800,110,285700,136,714200,419,142800
2003/6/4,1173,8685,46,1057700,269,88100,147,572900,1554,44000
2003/6/6,1174,2679,57,939600,634,39100,194,489300,3422,19500
2003/6/9,1175,1228,324,319800,364,26600,588,173200,1426,13300
2003/6/11,1176,7137,51,1018500,347,84800,125,551600,1618,42400
2003/6/13,1177,1744,64,720300,609,60000,172,390100,2835,30000
2003/6/16,1178,8604,54,1131200,626,47100,134,589100,2782,23500
2003/6/18,1179,6048,49,1221500,448,50800,118,636100,2202,25400
2003/6/20,1180,9833,52,1073000,287,89400,131,581200,1650,44700
2003/6/23,1181,6929,54,1090800,305,90900,131,590800,1490,45400
2003/6/25,1182,5863,51,940100,777,39100,136,489600,3990,19500
2003/6/27,1183,7605,56,1082900,562,45100,149,564000,3061,22500
2003/6/30,1184,0714,160,521100,879,21700,366,271400,4165,10800
2003/7/2,1185,7113,56,813700,438,67800,181,440700,2195,33900
2003/7/4,1186,7239,84,702800,897,29200,254,366000,4318,14600
2003/7/7,1187,2016,76,886400,886,36900,139,461600,4405,18400
2003/7/9,1188,4960,24,1403800,614,58400,100,731100,2878,29200
2003/7/11,1189,7781,66,1115100,250,92900,125,604000,1464,46400
2003/7/14,1190,0837,35,1430700,643,59600,84,745100,3053,29800
2003/7/16,1191,0027,66,851000,402,70900,160,460900,1958,35400
2003/7/18,1192,9529,33,1366600,262,113800,107,740200,1434,56900
2003/7/21,1193,6336,61,1073500,156,178900,104,626200,576,89400
2003/7/23,1194,4712,73,770000,727,32000,191,401000,3948,16000
2003/7/25,1195,0625,109,643900,674,26800,303,335300,3218,13400
2003/7/28,1196,6610,54,1084100,333,90300,138,587200,1475,45100
2003/7/30,1197,7564,51,1076100,623,44800,121,560400,3051,22400
2003/8/1,1198,9841,111,647200,761,26900,253,337000,4178,13400
2003/8/4,1199,3177,85,694400,540,57800,171,376100,2470,28900
2003/8/6,1200,4544,103,739000,99,184700,184,461800,342,92300
2003/8/8,1201,9572,41,961600,823,40000,126,500800,3832,20000
2003/8/11,1202,3718,87,682200,710,28400,241,355300,3514,14200
2003/8/13,1203,3238,66,967200,252,80600,112,523900,1337,40300
2003/8/15,1204,1696,54,983800,322,81900,115,532800,1492,40900
2003/8/18,1205,5878,47,1359200,197,113200,99,736200,1212,56600
2003/8/20,1206,1315,116,614700,339,51200,257,332900,1602,25600
2003/8/22,1207,0984,42,1307400,531,54400,93,680900,2809,27200
2003/8/25,1208,5740,27,1255700,656,52300,123,654000,3100,26100
2003/8/27,1209,7034,68,903500,604,37600,165,470500,3130,18800
2003/8/29,1210,1360,40,1181700,657,49200,104,615400,3623,24600
2003/9/1,1211,5048,59,1105800,555,46000,133,575900,3101,23000
2003/9/3,1212,6047,45,986500,593,41100,170,513800,3170,20500
2003/9/5,1213,4954,43,1138400,294,94800,142,616600,1514,47400
2003/9/8,1214,0071,89,891600,345,74300,137,482900,1801,37100
2003/9/10,1215,0182,28,1087800,858,45300,80,566500,4479,22600
2003/9/12,1216,0563,38,1308800,607,54500,82,681600,3203,27200
2003/9/15,1217,3991,53,874900,326,72900,153,473900,1728,36400
2003/9/17,1218,7137,107,401200,819,33400,392,217300,3283,16700
2003/9/19,1219,7744,83,843400,160,140500,176,491900,640,70200
2003/9/22,1220,1413,96,719300,354,59900,198,389600,1906,29900
2003/9/24,1221,8030,53,1049000,270,87400,103,568200,1497,43700
2003/9/26,1222,1642,41,1081300,777,45000,109,563100,3824,22500
2003/9/29,1223,2308,60,917800,725,38200,162,478000,3745,19100
2003/10/1,1224,5404,22,1554300,170,129500,106,841900,1122,64700
2003/10/3,1225,1605,56,1017000,682,42300,134,529600,3496,21100
2003/10/6,1226,0923,164,500500,755,20800,376,260600,3511,10400
2003/10/8,1227,4475,40,1152700,305,96000,124,624300,1259,48000
2003/10/10,1228,6685,266,301300,448,25100,696,163200,1628,12500
2003/10/13,1229,3409,53,1001100,546,41700,126,521400,2654,20800
2003/10/15,1230,7871,57,885000,413,73700,124,479300,1860,36800
2003/10/17,1231,6084,46,1047400,630,43600,147,545500,3270,21800
2003/10/20,1232,3940,78,884000,767,36800,150,460400,3453,18400
2003/10/22,1233,8185,33,1308400,194,109000,107,708700,1323,54500
2003/10/24,1234,3040,53,945000,316,78700,176,511800,1641,39300
2003/10/27,1235,3780,69,839600,812,34900,190,437200,3815,17400
2003/10/29,1236,5559,52,896900,178,224200,138,560500,487,112100
2003/10/31,1237,5559,84,633600,197,158400,219,396000,698,79200
2003/11/3,1238,2412,86,699900,394,58300,195,379100,1743,29100
2003/11/5,1239,8090,65,873400,348,72700,155,473000,1672,36300
2003/11/7,1240,4057,79,856900,679,35700,169,446300,3409,17800
2003/11/10,1241,8444,68,1180300,96,295000,94,737600,326,147500
2003/11/12,1242,6880,51,1307000,208,108900,97,707900,1131,54400
2003/11/14,1243,8823,299,354800,326,29500,493,192100,1346,14700
2003/11/17,1244,8984,28,1735600,214,144600,79,940100,1028,72300
2003/11/19,1245,3745,86,669200,784,27800,253,348500,3760,13900
2003/11/21,1246,6272,43,1230400,268,102500,99,666400,1566,51200
2003/11/24,1247,5603,79,831700,577,34600,171,433100,2695,17300
2003/11/26,1248,9810,50,1001700,736,41700,104,521700,3881,20800
2003/11/28,1249,5555,825,279700,0,0,0,0,0,0
2003/12/1,1250,2167,48,1079400,594,44900,143,562100,3184,22400
2003/12/3,1251,0498,36,1201800,656,50000,89,625900,3483,25000
2003/12/5,1252,3325,95,784200,337,65300,185,424700,1671,32600
2003/12/8,1253,3251,89,772100,933,32100,167,402100,4205,16000
2003/12/10,1254,4422,67,1006600,164,167700,117,587100,696,83800
2003/12/12,1255,6998,38,1085500,317,90400,144,587900,1748,45200
2003/12/15,1256,8943,70,958500,702,39900,157,499200,3657,19900
2003/12/17,1257,6815,48,1206500,575,50200,110,628300,2969,25100
2003/12/19,1258,4037,88,727400,942,30300,223,378800,4371,15100
2003/12/22,1259,5815,45,1180000,326,98300,130,639100,1485,49100
2003/12/24,1260,6039,78,698200,845,29000,251,363600,4006,14500
2003/12/26,1261,2389,118,683700,780,28400,261,356000,3952,14200
2003/12/29,1262,3399,134,576700,274,96100,282,336400,1101,48000
2004/1/5,1263,7138,58,968000,771,40300,186,504100,3607,20100
2004/1/7,1264,2324,113,732600,360,61000,206,396800,1432,30500
2004/1/9,1265,0083,41,1172800,366,97700,107,635200,1775,48800
2004/1/12,1266,8351,53,954500,827,39700,137,497100,3673,19800
2004/1/14,1267,2185,46,1027300,730,42800,137,535000,3339,21400
2004/1/16,1268,9722,51,1186200,276,98800,108,642500,1678,49400
2004/1/19,1269,7337,81,880700,202,146700,145,513700,936,73300
2004/1/21,1270,9483,43,1167600,690,48600,99,608100,3531,24300
2004/1/23,1271,1255,90,828700,392,69000,162,448800,1830,34500
2004/1/26,1272,2981,73,876300,857,36500,178,456400,4150,18200
2004/1/28,1273,1995,49,1132600,280,94300,140,613400,1373,47100
2004/1/30,1274,1915,64,841000,429,70000,192,455500,2158,35000
2004/2/2,1275,3824,219,433100,953,18000,438,225500,4099,9000
2004/2/4,1276,0982,31,1309100,646,54500,88,681800,3477,27200
2004/2/6,1277,3879,29,1214300,687,50500,126,632400,3641,25200
2004/2/9,1278,5122,61,851600,513,70900,165,461200,2448,35400
2004/2/11,1279,9807,43,1361400,465,56700,84,709000,2561,28300
2004/2/13,1280,1085,87,843100,730,35100,194,439100,3928,17500
2004/2/16,1281,5011,101,712200,525,59300,174,385700,2800,29600
2004/2/18,1282,2421,78,773300,467,64400,153,418800,2271,32200
2004/2/20,1283,8813,63,987500,309,82200,160,534800,1672,41100
2004/2/23,1284,7244,48,1189600,295,99100,124,644300,1570,49500
2004/2/25,1285,2282,54,1098600,125,274600,121,686600,417,137300
2004/2/27,1286,9108,44,910200,1039,37900,140,474000,5365,18900
2004/3/1,1287,4516,66,1040600,589,43300,160,541900,3156,21600
2004/3/3,1288,9473,37,1192000,675,49600,115,620800,3327,24800
2004/3/5,1289,7764,54,1125000,273,93700,145,609300,1421,46800
2004/3/8,1290,4750,51,1149100,648,47800,133,598400,3169,23900
2004/3/10,1291,2608,50,1032000,629,43000,148,537500,3324,21500
2004/3/12,1292,8834,71,933900,256,77800,182,505800,1494,38900
2004/3/15,1293,4747,122,724700,234,120700,166,422700,966,60300
2004/3/17,1294,2914,118,588100,840,24500,275,306300,4238,12200
2004/3/19,1295,9396,36,970400,419,80800,144,525600,2152,40400
2004/3/22,1296,3413,74,897000,311,74700,145,485800,1780,37300
2004/3/24,1297,0769,31,1550200,360,64500,80,807300,2498,32200
2004/3/26,1298,0318,173,462900,815,19200,401,241000,4294,9600
2004/3/29,1299,7766,69,1075100,150,179100,115,627100,707,89500
2004/3/31,1300,0322,133,618200,290,51500,271,334800,1372,25700
2004/4/2,1301,7623,91,662000,877,27500,230,344700,4755,13700
2004/4/5,1302,3979,58,1283600,234,106900,107,695200,1150,53400
2004/4/7,1303,2670,48,1176700,601,49000,91,612800,3227,24500
2004/4/9,1304,9082,41,1018800,790,42400,134,530600,4120,21200
2004/4/12,1305,2356,147,565100,943,23500,285,294300,4146,11700
2004/4/14,1306,4380,37,1204600,549,50100,106,627300,3048,25000
2004/4/16,1307,7587,39,1472300,242,122600,88,797400,1341,61300
2004/4/19,1308,4544,164,522700,162,130600,292,326600,508,65300
2004/4/21,1309,8455,64,998900,307,83200,112,541000,1719,41600
2004/4/23,1310,7481,61,1024600,723,42600,115,533600,3716,21300
2004/4/26,1311,5337,68,828000,486,69000,146,448500,2455,34500
2004/4/28,1312,7896,37,1230200,603,51200,104,640700,3074,25600
2004/4/30,1313,1363,58,1094100,284,91100,128,592600,1473,45500
2004/5/3,1314,6771,57,972100,266,81000,128,526500,1468,40500
2004/5/5,1315,5083,53,944900,553,39300,122,492100,3027,19600
2004/5/7,1316,8384,51,1077600,343,89800,124,583700,1658,44900
2004/5/10,1317,4798,46,1033500,618,43000,179,538200,2906,21500
2004/5/12,1318,0865,41,1230900,584,51200,97,641000,3044,25600
2004/5/14,1319,5525,94,731900,123,182900,228,457400,363,91400
2004/5/17,1320,7559,58,1223100,255,101900,107,662500,1208,50900
2004/5/19,1321,0319,107,653600,571,27200,240,340400,3248,13600
2004/5/21,1322,5282,45,1021300,337,85100,125,553200,1854,42500
2004/5/24,1323,4105,56,1047100,588,43600,122,545300,3322,21800
2004/5/26,1324,7807,29,1526600,235,127200,86,826900,1137,63600
2004/5/28,1325,1070,32,1210700,279,100800,109,655700,1763,50400
2004/5/31,1326,5972,41,1011500,786,42100,126,526800,3881,21000
2004/6/2,1327,0807,73,808900,293,67400,202,438100,1448,33700
2004/6/4,1328,0295,45,1087800,705,45300,102,566500,3805,22600
2004/6/7,1329,1508,50,916600,795,38100,148,477300,3791,19000
2004/6/9,1330,2059,63,799400,780,33300,170,416300,3691,16600
2004/6/11,1331,5223,50,1049000,266,87400,126,568200,1596,43700
2004/6/14,1332,6966,49,966500,145,241600,130,604000,490,120800
2004/6/16,1333,1459,55,995700,503,41400,147,518500,2882,20700
2004/6/18,1334,5909,69,1045100,296,87000,117,566000,1311,43500
2004/6/21,1335,6125,76,832100,659,34600,150,433300,3366,17300
2004/6/23,1336,5823,67,781700,756,32500,167,407100,3922,16200
2004/6/25,1337,0224,132,583700,315,48600,280,316100,1560,24300
2004/6/28,1338,8476,31,1421200,524,59200,93,740200,2671,29600
2004/6/30,1339,4974,54,995400,320,82900,131,539100,1456,41400
2004/7/1,1340,8049,42,852300,383,35500,119,443900,2186,17700
2004/7/2,1341,7881,61,944600,240,78700,106,511600,1132,39300
2004/7/5,1342,3365,69,885100,350,73700,145,479400,1561,36800
2004/7/6,1343,8592,38,977100,445,40700,91,508900,2394,20300
2004/7/7,1344,1111,570,294600,0,0,0,0,0,0
2004/7/8,1345,4488,65,828000,95,138000,100,483000,400,69000
2004/7/9,1346,4101,56,788500,302,65700,102,427100,1945,32800
2004/7/12,1347,1176,53,1121900,239,93400,108,607600,1214,46700
2004/7/13,1348,3350,41,1115800,169,92900,80,604300,832,46400
2004/7/14,1349,7256,52,898300,470,37400,114,467800,2464,18700
2004/7/15,1350,1698,26,1096700,348,45600,93,571100,2259,22800
2004/7/16,1351,5866,33,1134200,203,94500,101,614300,1122,47200
2004/7/19,1352,7622,55,959700,229,79900,105,519800,1212,39900
2004/7/20,1353,0198,26,903600,579,37600,84,470600,3295,18800
2004/7/21,1354,6986,43,929200,245,77400,90,503300,1388,38700
2004/7/22,1355,4709,31,976500,352,40600,120,508500,2152,20300
2004/7/23,1356,1764,35,1053400,508,43800,100,548600,2622,21900
2004/7/26,1357,9081,51,785700,848,32700,166,409200,3940,16300
2004/7/27,1358,6791,36,896800,455,37300,112,467000,2641,18600
2004/7/28,1359,4470,37,986600,180,82200,126,534400,1110,41100
2004/7/29,1360,0308,75,635300,250,52900,156,344100,1274,26400
2004/7/30,1361,2705,55,822900,552,34200,129,428500,2975,17100
2004/8/2,1362,8369,51,859000,663,35700,145,447300,3373,17800
2004/8/3,1363,5531,79,636400,233,53000,153,344700,1253,26500
2004/8/4,1364,0478,33,1134300,381,47200,80,590700,2214,23600
2004/8/5,1365,1291,38,754800,302,62900,91,408800,1922,31400
2004/8/6,1366,5580,68,882700,152,73500,117,478100,937,36700
2004/8/9,1367,3348,39,1071300,193,89200,129,580200,1104,44600
2004/8/10,1368,8581,43,930800,165,77500,96,504100,1026,38700
2004/8/11,1369,8006,19,1525100,171,127000,50,826000,945,63500
2004/8/12,1370,7018,34,878500,469,36600,99,457500,2781,18300
2004/8/13,1371,8701,54,787800,610,32800,110,410300,3130,16400
2004/8/16,1372,0241,22,1261100,662,52500,59,656800,3356,26200
2004/8/17,1373,6624,52,850000,197,70800,119,460400,930,35400
2004/8/18,1374,7867,55,835800,241,69600,106,452700,1274,34800
2004/8/19,1375,5830,20,1086100,471,45200,84,565600,2525,22600
2004/8/20,1376,6759,42,1184400,334,49300,91,616800,1938,24600
2004/8/23,1377,0979,20,1642500,175,136800,76,889600,1032,68400
2004/8/24,1378,0264,22,1343700,410,55900,53,699800,2107,27900
2004/8/25,1379,0354,53,1144500,371,47600,70,596000,1859,23800
2004/8/26,1380,6443,37,1115800,175,92900,89,604300,1017,46400
2004/8/27,1381,0743,39,962400,624,40100,99,501200,3114,20000
2004/8/30,1382,4394,33,1430300,174,119100,79,774700,985,59500
2004/8/31,1383,1729,57,791700,412,32900,128,412300,2507,16400
2004/9/1,1384,8815,34,994500,203,82800,122,538600,1153,41400
2004/9/2,1385,2589,43,847600,492,35300,138,441400,2344,17600
2004/9/3,1386,4037,57,783600,664,32600,138,408100,3311,16300
2004/9/6,1387,9502,61,931900,731,38800,102,485300,3478,19400
2004/9/7,1388,1102,140,349200,387,29100,239,189100,2227,14500
2004/9/8,1389,9345,16,1655800,348,68900,44,862300,1975,34400
2004/9/9,1390,9424,18,1486400,169,123800,61,805100,886,61900
2004/9/10,1391,1908,69,555400,1002,23100,172,289200,5168,11500
2004/9/13,1392,4797,42,1049200,264,87400,125,568300,1406,43700
2004/9/14,1393,8874,26,1129000,196,94000,94,611500,945,47000
2004/9/15,1394,5868,44,1076900,191,89700,93,583300,977,44800
2004/9/16,1395,5397,20,1187800,534,49400,78,618600,2267,24700
2004/9/17,1396,5420,36,990000,499,41200,105,515600,3016,20600
2004/9/20,1397,2213,92,691400,325,57600,129,374500,1425,28800
2004/9/21,1398,5479,45,810000,487,33700,126,421800,2334,16800
2004/9/22,1399,1672,37,1052900,367,43800,88,548300,2418,21900
2004/9/23,1400,9711,40,1041700,182,86800,59,564200,1016,43400
2004/9/24,1401,9456,43,1105200,375,46000,93,575600,2181,23000
2004/9/27,1402,7611,56,1045800,254,87100,101,566400,1309,43500
2004/9/28,1403,6261,23,1048200,232,87300,94,567700,1221,43600
2004/9/29,1404,8528,39,967400,226,80600,101,524000,1052,40300
2004/9/30,1405,2952,30,996400,192,83000,120,539700,1026,41500
2004/10/1,1406,4486,45,992000,182,82600,128,537300,1046,41300
2004/10/4,1407,1478,81,713600,651,29700,199,371600,2998,14800
2004/10/5,1408,3318,51,755800,208,62900,142,409300,1100,31400
2004/10/6,1409,6703,30,1076100,419,44800,107,560400,2162,22400
2004/10/7,1410,6778,49,887100,193,73900,113,480500,1032,36900
2004/10/8,1411,1149,48,849800,228,70800,130,460300,1213,35400
2004/10/11,1412,3407,59,682900,727,28400,159,355600,3466,14200
2004/10/12,1413,4996,34,973200,179,81100,93,527100,1027,40500
2004/10/13,1414,1174,56,676600,292,56300,139,366400,1643,28100
2004/10/14,1415,1418,82,626800,206,52200,166,339500,1083,26100
2004/10/15,1416,1939,104,617600,239,51400,204,334500,981,25700
2004/10/18,1417,4230,30,1255700,521,52300,101,654000,2566,26100
2004/10/19,1418,5807,39,914900,326,38100,105,476500,2252,19000
2004/10/20,1419,1510,37,803300,248,66900,77,435100,1479,33400
2004/10/21,1420,8339,22,1269500,196,105700,69,687600,1006,52800
2004/10/22,1421,6151,36,1092200,243,91000,69,591600,1430,45500
2004/10/25,1422,7535,59,864600,361,72000,141,468300,1548,36000
2004/10/26,1423,0598,22,1376800,333,57300,57,717000,1898,28600
2004/10/27,1424,9570,26,1070300,435,44500,102,557400,2356,22200
2004/10/28,1425,6026,24,1379800,148,114900,71,747300,894,57400
2004/10/29,1426,7728,49,909300,207,75700,140,492500,1064,37800
2004/11/1,1427,7121,60,727000,551,60500,105,393700,2596,30200
2004/11/2,1428,9519,30,1264200,155,105300,69,684700,961,52600
2004/11/3,1429,6437,46,949900,384,39500,86,494700,2103,19700
2004/11/4,1430,9002,20,1093800,181,91100,101,592400,1183,45500
2004/11/5,1431,1118,205,315400,126,78800,409,197100,359,39400
2004/11/8,1432,0287,24,1367600,589,56900,71,712200,2690,28400
2004/11/9,1433,1394,30,1043400,455,43400,77,543400,2587,21700
2004/11/10,1434,4736,58,881600,466,36700,95,459100,2469,18300
2004/11/11,1435,4985,47,872700,431,36300,109,454500,2415,18100
2004/11/12,1436,8128,48,778100,294,64800,154,421400,1359,32400
2004/11/15,1437,4387,53,785400,750,32700,155,409000,3605,16300
2004/11/16,1438,7559,27,1340500,199,111700,59,726100,817,55800
2004/11/17,1439,7955,34,882500,334,73500,79,478000,1694,36700
2004/11/18,1440,6500,33,1197100,151,99700,72,648400,885,49800
2004/11/19,1441,6992,25,1415200,162,117900,68,766500,943,58900
2004/11/22,1442,5036,59,1004600,454,41800,119,523200,2411,20900
2004/11/23,1443,1219,177,273600,370,22800,379,148200,1552,11400
2004/11/24,1444,3705,40,963500,388,40100,100,501800,2280,20000
2004/11/25,1445,2778,40,978800,170,81500,110,530100,965,40700
2004/11/26,1446,7020,31,963300,273,80200,115,521700,1416,40100
2004/11/29,1447,4784,57,884800,327,73700,144,479200,1475,36800
2004/11/30,1448,2633,49,899400,208,74900,102,487100,1167,37400
2004/12/1,1449,7192,32,1082200,534,45000,82,563600,2546,22500
2004/12/2,1450,0424,110,601700,179,50100,181,325900,778,25000
2004/12/3,1451,2144,27,1247000,247,103900,71,675400,1200,51900
2004/12/6,1452,7474,78,743400,183,123900,158,433600,787,61900
2004/12/7,1453,0469,21,1631400,314,67900,49,849600,1684,33900
2004/12/8,1454,5924,48,970200,409,40400,108,505300,2130,20200
2004/12/9,1455,5651,16,1274600,169,106200,92,690400,976,53100
2004/12/10,1456,7756,64,817000,244,68000,137,442500,1351,34000
2004/12/13,1457,2785,54,929200,684,38700,140,483900,3118,19300
2004/12/14,1458,7905,36,1008300,457,42000,92,525100,2483,21000
2004/12/15,1459,7800,49,1069800,224,89100,82,579400,1148,44500
2004/12/16,1460,2659,37,1044900,397,43500,107,544200,2337,21700
2004/12/17,1461,5183,55,968700,544,40300,90,504500,3011,20100
2004/12/20,1462,0068,47,1223600,268,101900,99,662700,1077,50900
2004/12/21,1463,6169,35,1068200,261,89000,89,578600,1048,44500
2004/12/22,1464,7967,24,1171500,255,97600,72,634500,1377,48800
2004/12/23,1465,0918,158,314200,896,13000,344,163600,4374,6500
2004/12/24,1466,9933,38,1079200,164,179800,76,629500,675,89900
2004/12/27,1467,1224,569,164000,673,13600,1039,88800,1970,6800
2004/12/28,1468,6967,36,1090500,195,90800,93,590600,1051,45400
2004/12/29,1469,1343,32,1153900,153,96100,90,625000,1030,48000
2004/12/30,1470,6626,37,1351600,50,337900,75,844700,194,168900
2005/1/4,1471,7171,72,614000,246,102300,122,358100,1039,51100
2005/1/5,1472,6471,32,1184300,515,49300,55,616800,2339,24600
2005/1/6,1473,0351,29,1069700,472,44500,72,557100,2758,22200
2005/1/7,1474,8285,32,899600,288,74900,127,487200,1574,37400
2005/1/10,1475,8073,14,1489200,529,62000,69,775600,2584,31000
2005/1/11,1476,3857,54,764500,515,31800,140,398100,2796,15900
2005/1/12,1477,8550,29,976100,246,81300,113,528700,1229,40600
2005/1/13,1478,6604,24,1462300,148,121800,76,792000,753,60900
2005/1/14,1479,4777,35,1036900,95,259200,106,648000,341,129600
2005/1/17,1480,8635,67,875200,755,36400,132,455800,3312,18200
2005/1/18,1481,8076,27,1361500,285,56700,80,709100,1746,28300
2005/1/19,1482,6157,28,1269400,379,52800,81,661100,2166,26400
2005/1/20,1483,7542,35,1101500,514,45800,67,573600,2674,22900
2005/1/21,1484,9074,31,1007700,474,41900,139,524800,2550,20900
2005/1/24,1485,6214,47,1047200,759,43600,104,545400,3266,21800
2005/1/25,1486,4563,33,957900,612,39900,108,498900,2780,19900
2005/1/26,1487,1147,108,467300,345,38900,291,253100,1762,19400
2005/1/27,1488,5471,41,829600,686,34500,118,432000,3311,17200
2005/1/28,1489,3430,49,1242100,134,103500,91,672800,905,51700
2005/1/31,1490,9439,52,1182900,282,98500,91,640700,1264,49200
2005/2/1,1491,8691,50,916000,403,38100,113,477000,2212,19000
2005/2/2,1492,9222,28,1287200,70,321800,58,804500,360,160900
2005/2/3,1493,0017,35,1027400,210,85600,95,556500,1234,42800
2005/2/4,1494,3705,36,1005900,503,41900,120,523900,2627,20900
2005/2/7,1495,9887,48,1040800,292,86700,106,563700,1551,43300
2005/2/8,1496,8468,30,1190900,188,99200,75,645000,1019,49600
2005/2/9,1497,2994,34,1163400,186,96900,90,630100,1029,48400
2005/2/10,1498,8939,34,1095900,220,91300,90,593600,1082,45600
2005/2/11,1499,1565,39,1132300,167,94300,81,613300,890,47100
2005/2/14,1500,7732,37,1089600,319,90800,107,590200,1492,45400
2005/2/15,1501,4560,30,1311600,313,54600,78,683100,1875,27300
2005/2/16,1502,2453,45,1013900,510,42200,74,528000,2395,21100
2005/2/17,1503,7948,27,1108000,464,46100,92,577000,2528,23000
2005/2/18,1504,1070,35,1075700,217,89600,100,582600,1306,44800
2005/2/21,1505,4392,51,933900,1152,38900,110,486400,3023,19400
2005/2/22,1506,4076,32,1108100,368,46100,106,577100,1874,23000
2005/2/23,1507,2109,46,821700,629,34200,106,427900,3344,17100
2005/2/24,1508,6789,85,471500,643,19600,299,245500,2958,9800
2005/2/25,1509,0263,28,1409700,405,58700,57,734200,2414,29300
2005/2/28,1510,9485,31,1252100,637,52100,90,652100,2976,26000
2005/3/1,1511,4811,45,930200,221,77500,113,503800,1189,38700
2005/3/2,1512,0695,13,1725400,339,71800,46,898600,2177,35900
2005/3/3,1513,8015,51,818600,530,34100,132,426300,2851,17000
2005/3/4,1514,8284,39,1139000,220,94900,95,616900,930,47400
2005/3/7,1515,3021,59,894300,885,37200,99,465700,4051,18600
2005/3/8,1516,1615,58,776400,253,64700,123,420500,1421,32300
2005/3/9,1517,9419,32,1070500,248,89200,93,579800,1210,44600
2005/3/10,1518,7514,47,856000,499,35600,128,445800,2536,17800
2005/3/11,1519,0351,33,994000,551,41400,88,517700,3242,20700
2005/3/14,1520,1564,61,859000,719,35700,147,447300,3124,17800
2005/3/15,1521,5566,53,796300,105,132700,151,464500,463,66300
2005/3/16,1522,6788,50,866200,226,72100,128,469100,1176,36000
2005/3/17,1523,6690,36,1148400,148,95700,86,622000,932,47800
2005/3/18,1524,1103,227,286400,428,23800,433,155100,2364,11900
2005/3/21,1525,0710,76,580500,404,48300,212,314400,1674,24100
2005/3/22,1526,3325,63,728100,192,60600,135,394300,1067,30300
2005/3/23,1527,1159,37,924600,232,77000,103,500800,1149,38500
2005/3/24,1528,9802,28,969400,450,40300,103,504800,2594,20100
2005/3/25,1529,9681,26,1153600,483,48000,75,600800,2770,24000
2005/3/28,1530,2796,49,1074700,456,44700,110,559700,2495,22300
2005/3/29,1531,7836,37,989300,434,41200,94,515200,2315,20600
2005/3/30,1532,2604,30,1187000,449,49400,68,618200,2350,24700
2005/3/31,1533,8376,35,1089000,450,45300,83,567100,2284,22600
2005/4/1,1534,0870,23,1412700,221,117700,49,765200,1224,58800
2005/4/4,1535,7156,65,875700,595,36400,149,456000,2569,18200
2005/4/5,1536,4789,63,660100,424,27500,196,343800,2276,13700
2005/4/6,1537,7976,35,1038500,233,86500,88,562500,1199,43200
2005/4/7,1538,3976,50,862600,484,35900,101,449200,2686,17900
2005/4/8,1539,2008,29,1282300,180,106800,69,694500,1161,53400
2005/4/11,1540,7390,56,1097300,740,45700,117,571500,2838,22800
2005/4/12,1541,1822,40,1019400,190,84900,80,552100,1161,42400
2005/4/13,1542,7581,50,928800,427,38700,99,483700,2301,19300
2005/4/14,1543,3981,61,644000,650,26800,151,335400,3458,13400
2005/4/15,1544,3845,51,958800,425,39900,122,499300,2369,19900
2005/4/18,1545,2912,68,857300,292,71400,152,464300,1331,35700
2005/4/19,1546,7441,32,647900,377,53900,150,350900,2188,26900
2005/4/20,1547,0304,46,926200,172,77100,120,501600,938,38500
2005/4/21,1548,8531,41,886100,647,36900,95,461500,2749,18400
2005/4/22,1549,3091,28,1054700,507,43900,102,549300,2697,21900
2005/4/25,1550,0595,26,1507400,214,125600,71,816500,1129,62800
2005/4/26,1551,4563,34,825800,608,34400,132,430100,2744,17200
2005/4/27,1552,1550,35,1058100,211,88100,97,573100,1115,44000
2005/4/28,1553,2221,33,1036300,83,259000,84,647600,365,129500
2005/4/29,1554,7238,38,850400,472,35400,115,442900,2446,17700
2005/5/2,1555,4833,36,1303100,224,108500,81,705800,1099,54200
2005/5/3,1556,9726,23,1245700,305,51900,65,648800,1673,25900
2005/5/4,1557,7624,41,811000,421,33700,122,422300,2028,16800
2005/5/5,1558,0858,17,1383900,136,115300,67,749600,814,57600
2005/5/6,1559,7664,47,1121500,169,93400,67,607400,960,46700
2005/5/9,1560,0982,57,980800,611,40800,106,510800,2900,20400
2005/5/10,1561,2527,54,719100,220,59900,171,389500,1064,29900
2005/5/11,1562,4560,81,753600,295,31400,143,392500,1796,15700
2005/5/12,1563,6175,34,1076200,504,44800,66,560500,2455,22400
2005/5/13,1564,8372,38,974500,548,40600,96,507500,2925,20300
2005/5/16,1565,8699,42,1093700,234,91100,110,592400,1315,45500
2005/5/17,1566,1148,92,561200,248,46700,200,303900,1090,23300
2005/5/18,1567,5410,46,884200,454,36800,99,460500,2577,18400
2005/5/19,1568,1357,122,419000,649,17400,278,218200,2964,8700
2005/5/20,1569,0580,21,1089700,220,90800,108,590200,1235,45400
2005/5/23,1570,2142,40,828600,514,69000,85,448800,2223,34500
2005/5/24,1571,9244,43,1053600,189,87800,74,570700,921,43900
2005/5/25,1572,0402,60,744800,222,62000,150,403400,1180,31000
2005/5/26,1573,3742,44,834400,641,34700,92,434500,3011,17300
2005/5/27,1574,3876,57,635700,797,26400,176,331000,3756,13200
2005/5/30,1575,1827,77,783700,600,32600,145,408100,2743,16300
2005/5/31,1576,4078,34,921500,317,38300,142,479900,1947,19100
2005/6/1,1577,4042,25,1176900,210,98000,86,637400,1022,49000
2005/6/2,1578,9932,28,1173900,168,97800,85,635800,938,48900
2005/6/3,1579,1754,48,766100,607,31900,159,399000,2838,15900
2005/6/6,1580,4124,58,893600,297,74400,128,484000,1251,37200
2005/6/7,1581,6085,33,1057000,440,44000,75,550500,2279,22000
2005/6/8,1582,3775,42,935800,212,77900,99,506800,1080,38900
2005/6/9,1583,2319,71,704000,434,29300,126,366600,2356,14600
2005/6/10,1584,3171,35,976300,225,81300,82,528800,1397,40600
2005/6/13,1585,3957,55,862100,598,35900,127,449000,2756,17900
2005/6/14,1586,8714,33,869100,489,36200,106,452600,2460,18100
2005/6/15,1587,6528,42,887700,448,36900,101,462300,2543,18400
2005/6/16,1588,3180,39,978000,394,40700,91,509300,2367,20300
2005/6/17,1589,0005,53,1047500,59,261800,95,654600,207,130900
2005/6/20,1590,8555,24,1398200,95,349500,71,873800,299,174700
2005/6/21,1591,8382,20,1046500,248,87200,70,566800,1451,43600
2005/6/22,1592,3439,40,890700,189,74200,131,482400,980,37100
2005/6/23,1593,6427,40,841300,545,35000,110,438100,2721,17500
2005/6/24,1594,4166,33,1101500,200,91700,90,596600,1180,45800
2005/6/27,1595,6261,62,973800,245,81100,105,527400,1180,40500
2005/6/28,1596,1187,44,673300,268,56100,165,364700,1466,28000
2005/6/29,1597,4732,56,853300,521,35500,93,444400,2389,17700
2005/6/30,1598,2177,42,821600,284,68400,104,445000,1477,34200
2005/7/1,1599,1564,52,753800,422,31400,186,392600,2323,15700
2005/7/4,1600,7630,49,998000,436,41500,132,519700,2068,20700
2005/7/5,1601,3304,26,1365100,143,113700,75,739400,689,56800
2005/7/6,1602,9108,24,744500,740,31000,120,387700,4210,15500
2005/7/7,1603,5081,46,881000,498,36700,93,458800,2671,18300
2005/7/8,1604,5316,49,867200,524,36100,117,451600,2750,18000
2005/7/11,1605,1676,40,1060400,257,88300,106,574300,1366,44100
2005/7/12,1606,7151,47,757100,300,63000,118,410000,1391,31500
2005/7/13,1607,2574,59,705800,599,29400,129,367600,3047,14700
2005/7/14,1608,8266,28,1436800,145,119700,57,778200,776,59800
2005/7/15,1609,3417,58,703300,551,29300,149,366300,3264,14600
2005/7/18,1610,0477,46,1053100,209,87700,82,570400,1028,43800
2005/7/19,1611,2055,44,1010000,177,84100,74,547000,979,42000
2005/7/20,1612,6743,51,809700,454,33700,107,421700,2758,16800
2005/7/21,1613,6362,25,992200,236,82600,100,537400,1143,41300
2005/7/22,1614,3267,61,626000,670,26000,178,326000,3409,13000
2005/7/25,1615,5607,33,1084900,450,45200,131,565000,2380,22600
2005/7/26,1616,2398,35,980500,383,40800,92,510600,2125,20400
2005/7/27,1617,9060,24,1290900,159,107500,77,699200,912,53700
2005/7/28,1618,2067,38,806300,435,33500,141,419900,2536,16700
2005/7/29,1619,2064,41,943500,475,39300,109,491400,2519,19600
2005/8/1,1620,2422,34,1443800,69,360900,74,902300,231,180400
2005/8/2,1621,6069,25,1410600,131,117500,67,764000,760,58700
2005/8/3,1622,5897,26,1362000,298,56700,65,709300,1749,28300
2005/8/4,1623,8795,43,948200,488,39500,74,493800,2492,19700
2005/8/5,1624,5638,39,909600,503,37900,115,473700,2573,18900
2005/8/8,1625,5587,51,876400,294,73000,124,474700,1342,36500
2005/8/9,1626,2154,35,1006000,364,41900,89,523900,2129,20900
2005/8/10,1627,1157,68,653400,246,54400,161,353900,1122,27200
2005/8/11,1628,0001,74,831800,53,207900,101,519800,188,103900
2005/8/12,1629,9565,13,1328400,266,110700,76,719500,851,55300
2005/8/15,1630,9834,44,869600,534,36200,125,452900,2695,18100
2005/8/16,1631,3493,26,1034600,179,86200,95,560400,994,43100
2005/8/17,1632,8506,26,1238300,428,51500,62,644900,2141,25700
2005/8/18,1633,0393,27,1277400,201,106400,53,691900,1068,53200
2005/8/19,1634,5160,36,978300,484,40700,96,509500,2711,20300
2005/8/22,1635,1594,51,1013300,577,42200,104,527700,2618,21100
2005/8/23,1636,6655,44,885200,127,147500,89,516300,572,73700
2005/8/24,1637,6798,28,835700,532,34800,136,435200,2885,17400
2005/8/25,1638,0966,104,413300,465,34400,233,223800,2289,17200
2005/8/26,1639,7473,42,810800,277,67500,151,439100,1396,33700
2005/8/29,1640,5004,35,1291300,202,107600,86,699400,1169,53800
2005/8/30,1641,4012,51,765300,530,31800,110,398500,2953,15900
2005/8/31,1642,2719,59,718800,510,29900,158,374300,2536,14900
2005/9/1,1643,0996,25,1027900,213,85600,98,556700,1242,42800
2005/9/2,1644,6077,44,953000,190,79400,124,516200,1122,39700
2005/9/5,1645,3223,81,865000,141,144100,94,504500,567,72000
2005/9/6,1646,3020,39,717100,295,59700,117,388400,1414,29800
2005/9/7,1647,6852,20,1276500,384,53100,75,664800,1924,26500
2005/9/8,1648,2417,50,788800,474,32800,121,410800,2635,16400
2005/9/9,1649,9858,16,1521800,158,126800,63,824300,1017,63400
2005/9/12,1650,0154,31,1231200,541,51300,70,641200,2748,25600
2005/9/13,1651,6831,24,1152300,456,48000,61,600100,2440,24000
2005/9/14,1652,5582,49,781500,199,65100,131,423300,1217,32500
2005/9/15,1653,7339,29,1068100,162,89000,101,578500,995,44500
2005/9/16,1654,5451,38,1121300,185,93400,85,607300,1011,46700
2005/9/19,1655,9061,26,1071100,510,44600,87,557800,2712,22300
2005/9/20,1656,0398,30,1146100,310,47700,78,596900,1899,23800
2005/9/21,1657,1558,29,1015800,233,84600,98,550200,1070,42300
2005/9/22,1658,6864,42,1023500,179,85200,94,554300,943,42600
2005/9/23,1659,2676,31,1234000,135,102800,71,668400,818,51400
2005/9/26,1660,4785,76,688900,748,28700,178,358800,3345,14300
2005/9/27,1661,4631,36,1038500,401,43200,84,540800,2036,21600
2005/9/28,1662,4122,73,579000,394,48200,152,313600,1705,24100
2005/9/29,1663,5435,33,1049500,211,87400,85,568400,1046,43700
2005/9/30,1664,4149,35,977200,255,81400,107,529300,1223,40700
2005/10/3,1665,7300,39,1178500,261,98200,81,638300,1259,49100
2005/10/4,1666,9450,34,967500,439,40300,81,503900,2495,20100
2005/10/5,1667,3687,38,825000,522,34300,120,429600,2575,17100
2005/10/6,1668,3458,41,865300,399,36000,128,450600,2206,18000
2005/10/7,1669,9579,24,1283200,161,106900,94,695000,847,53400
2005/10/10,1670,2318,62,880700,446,36600,108,458600,2203,18300
2005/10/11,1671,7074,16,1382300,142,115100,69,748700,818,57500
2005/10/12,1672,6268,36,977900,209,81400,106,529600,938,40700
2005/10/13,1673,6294,18,1361600,448,56700,52,709100,2088,28300
2005/10/14,1674,3296,40,1038600,495,43200,85,540900,2566,21600
2005/10/17,1675,6180,36,1285300,464,53500,75,669400,2450,26700
2005/10/18,1676,6084,36,1030800,352,42900,100,536800,1869,21400
2005/10/19,1677,1910,64,502800,634,41900,140,272300,2789,20900
2005/10/20,1678,1717,122,489100,118,81500,208,285300,527,40700
2005/10/21,1679,4044,43,1158300,69,289500,77,723900,245,144700
2005/10/24,1680,9128,41,1087300,584,45300,99,566300,2650,22600
2005/10/25,1681,0479,45,881000,528,36700,106,458800,2410,18300
2005/10/26,1682,3796,43,902400,419,37600,120,470000,2347,18800
2005/10/27,1683,3911,65,768600,226,64000,136,416300,1037,32000
2005/10/28,1684,6992,48,948000,269,79000,106,513500,1151,39500
2005/10/31,1685,6903,50,910000,684,37900,132,473900,3101,18900
2005/11/1,1686,5406,31,1087400,422,45300,78,566300,2424,22600
2005/11/2,1687,1896,27,1009300,516,42000,94,525600,2712,21000
2005/11/3,1688,7876,29,995400,192,82900,94,539100,1044,41400
2005/11/4,1689,5788,37,859600,294,71600,130,465600,1449,35800
2005/11/7,1690,2491,50,950600,659,39600,104,495100,3152,19800
2005/11/8,1691,0635,27,1132800,511,47200,64,590000,2221,23600
2005/11/9,1692,2190,31,963300,567,40100,65,501700,3237,20000
2005/11/10,1693,7164,50,868900,484,36200,95,452500,2615,18100
2005/11/11,1694,8812,47,1028300,210,85600,88,556900,1039,42800
2005/11/14,1695,5343,31,1097500,272,91400,103,594400,1338,45700
2005/11/15,1696,3676,59,806600,163,67200,128,436900,932,33600
2005/11/16,1697,6094,53,705700,490,29400,169,367500,2364,14700
2005/11/17,1698,0978,42,899400,431,37400,109,468400,2389,18700
2005/11/18,1699,9708,40,794800,708,33100,107,413900,3576,16500
2005/11/21,1700,2098,38,898000,669,37400,146,467700,3070,18700
2005/11/22,1701,3121,49,608700,483,50700,115,329700,2191,25300
2005/11/23,1702,4327,23,914900,422,38100,114,476500,2231,19000
2005/11/24,1703,4344,74,589700,108,147400,179,368500,311,73700
2005/11/25,1704,6520,33,1189500,430,49500,74,619500,2227,24700
2005/11/28,1705,9906,45,1247900,200,103900,83,675900,1058,51900
2005/11/29,1706,9961,26,1092100,248,91000,71,591500,1213,45500
2005/11/30,1707,0588,32,1191500,194,99200,82,645300,930,49600
2005/12/1,1708,1837,44,873500,558,36300,111,454900,2592,18100
2005/12/2,1709,6880,29,1336200,135,111300,81,723700,931,55600
2005/12/5,1710,5296,77,766600,574,31900,173,399200,2486,15900
2005/12/6,1711,9419,22,1390500,174,115800,55,753100,936,57900
2005/12/7,1712,7161,24,1091100,223,90900,82,591000,1264,45400
2005/12/8,1713,2997,50,1096400,142,91300,91,593800,675,45600
2005/12/9,1714,6007,18,1154700,246,96200,100,625400,1260,48100
2005/12/12,1715,8052,42,986500,651,41100,118,513800,3028,20500
2005/12/13,1716,4769,37,810800,461,33700,142,422200,2549,16800
2005/12/14,1717,3087,36,969300,486,40300,100,504800,2359,20100
2005/12/15,1718,4483,34,1213400,199,101100,73,657200,1012,50500
2005/12/16,1719,2315,88,674300,486,28000,169,351100,2784,14000
2005/12/19,1720,1555,66,900100,138,225000,97,562500,391,112500
2005/12/20,1721,4050,67,860900,176,71700,113,466300,916,35800
2005/12/21,1722,9193,21,1360200,204,113300,60,736700,1045,56600
2005/12/22,1723,0647,14,1395100,373,58100,68,726600,2083,29000
2005/12/23,1724,6295,41,1071400,405,44600,76,558000,1952,22300
2005/12/26,1725,8117,40,1129300,325,94100,67,611700,1621,47000
2005/12/27,1726,1073,48,903300,443,37600,107,470400,2461,18800
2005/12/28,1727,6056,28,1115000,185,92900,111,603900,987,46400
2005/12/29,1728,0103,66,669700,314,55800,146,362700,1756,27900
2005/12/30,1729,8783,20,1218700,183,101500,100,660100,1152,50700
2006/1/4,1730,7013,26,861000,637,35800,109,448400,3140,17900
2006/1/5,1731,8860,19,1442700,183,120200,56,781400,932,60100
2006/1/6,1732,9956,23,1099700,219,91600,101,595600,1230,45800
2006/1/9,1733,9047,47,905900,571,37700,149,471800,2528,18800
2006/1/10,1734,8758,33,1272800,153,106000,75,689400,883,53000
2006/1/11,1735,4330,28,1465200,169,122100,60,793600,841,61000
2006/1/12,1736,9022,48,873400,247,72700,125,473000,1136,36300
2006/1/13,1737,1284,27,1169000,596,48700,72,608800,2586,24300
2006/1/16,1738,6128,56,987800,660,41100,109,514400,2913,20500
2006/1/17,1739,4210,45,888300,664,37000,82,462600,2947,18500
2006/1/18,1740,8741,23,1128400,503,47000,90,587700,2419,23500
2006/1/19,1741,6010,40,977300,212,81400,99,529300,1210,40700
2006/1/20,1742,9869,52,853800,275,71100,112,462400,1543,35500
2006/1/23,1743,7369,49,986600,619,41100,113,513800,2892,20500
2006/1/24,1744,2821,35,1040400,270,86700,66,563500,1301,43300
2006/1/25,1745,9100,22,991300,261,82600,89,536900,1684,41300
2006/1/26,1746,8229,36,1092400,229,91000,81,591700,1140,45500
2006/1/27,1747,5581,64,765000,298,63700,151,414300,1324,31800
2006/1/30,1748,7175,51,949800,328,79100,133,514400,1439,39500
2006/1/31,1749,2318,53,830300,409,34500,143,432400,2097,17200
2006/2/1,1750,2799,31,1265500,186,105400,67,685400,891,52700
2006/2/2,1751,2480,76,800800,438,33300,119,417000,2274,16600
2006/2/3,1752,5424,41,1088000,207,90600,103,589300,1018,45300
2006/2/6,1753,2641,87,762800,826,31700,114,397200,3329,15800
2006/2/7,1754,8723,70,682300,520,28400,150,355300,2459,14200
2006/2/8,1755,0284,29,1258500,479,52400,54,655400,2295,26200
2006/2/9,1756,7125,44,736100,538,30600,171,383300,2756,15300
2006/2/10,1757,1596,52,1041600,418,43400,81,542500,2421,21700
2006/2/13,1758,8385,42,951900,333,79300,133,515600,1443,39600
2006/2/14,1759,2085,35,983200,527,40900,87,512000,2461,20400
2006/2/15,1760,0191,35,952000,298,79300,66,515600,1728,39600
2006/2/16,1761,0978,55,767700,506,31900,138,399800,2647,15900
2006/2/17,1762,9216,67,698100,546,29000,179,363500,2791,14500
2006/2/20,1763,6108,63,912800,596,38000,112,475400,2747,19000
2006/2/21,1764,3899,29,1343400,145,111900,70,727600,829,55900
2006/2/22,1765,2947,34,884900,554,36800,127,460800,2555,18400
2006/2/23,1766,8824,46,904700,242,75300,118,490000,1001,37600
2006/2/24,1767,5209,26,1144800,521,47700,77,596200,2825,23800
2006/2/27,1768,2384,68,898400,610,37400,128,467900,2681,18700
2006/2/28,1769,5983,53,1017500,435,42300,70,529900,2182,21100
2006/3/1,1770,7550,26,1135400,197,94600,94,615000,974,47300
2006/3/2,1771,2707,35,899800,251,74900,132,487300,1164,37400
2006/3/3,1772,0599,27,1202500,249,100200,82,651300,1159,50100
2006/3/6,1773,3016,59,876400,606,36500,148,456400,2770,18200
2006/3/7,1774,3537,71,698600,304,58200,151,378400,1263,29100
2006/3/8,1775,5139,38,888300,602,37000,113,462600,2632,18500
2006/3/9,1776,2682,41,926800,217,77200,105,502000,1291,38600
2006/3/10,1777,7246,73,727300,620,30300,135,378800,2689,15100
2006/3/13,1778,9424,53,999000,246,83200,122,541100,1170,41600
2006/3/14,1779,4863,52,797000,497,33200,117,415100,2546,16600
2006/3/15,1780,7111,43,954200,107,238500,55,596300,477,119200
2006/3/16,1781,7975,26,1215500,181,101200,86,658300,805,50600
2006/3/17,1782,7877,22,1465800,59,366400,69,916100,236,183200
2006/3/20,1783,0364,25,1447300,461,60300,72,753800,2174,30100
2006/3/21,1784,4101,26,876900,240,73000,85,474900,1394,36500
2006/3/22,1785,9599,21,1227200,63,306800,70,767000,304,153400
2006/3/23,1786,3953,27,993200,321,82700,93,537900,1168,41300
2006/3/24,1787,3103,164,392700,297,32700,302,212700,1558,16300
2006/3/27,1788,6095,40,948300,593,39500,141,493900,2859,19700
2006/3/28,1789,6476,32,1135200,194,94600,76,614900,958,47300
2006/3/29,1790,4821,42,898400,535,37400,96,467900,2515,18700
2006/3/30,1791,2379,58,680800,558,28300,165,354500,2604,14100
2006/3/31,1792,3337,55,660700,154,165100,135,412900,531,82500
2006/4/3,1793,7193,46,705500,862,29300,177,367400,3992,14600
2006/4/4,1794,7476,44,918600,180,76500,109,497500,1008,38200
2006/4/5,1795,7348,29,999400,532,41600,81,520500,2573,20800
2006/4/6,1796,6029,50,799700,451,33300,151,416500,2278,16600
2006/4/7,1797,8570,23,1299500,367,54100,77,676800,2210,27000
2006/4/10,1798,3440,43,1187800,201,98900,96,643300,984,49400
2006/4/11,1799,1655,31,1032200,183,86000,89,559100,1060,43000
2006/4/12,1800,8192,37,863000,504,35900,112,449400,2822,17900
2006/4/13,1801,6922,53,903900,210,75300,89,489600,1139,37600
2006/4/14,1802,3000,42,1197500,69,299300,79,748400,243,149600
2006/4/17,1803,8147,42,940200,740,39100,115,489600,3290,19500
2006/4/18,1804,4393,54,946800,197,78900,89,512800,1019,39400
2006/4/19,1805,8680,25,1198000,177,99800,82,648900,1057,49900
2006/4/20,1806,1896,26,823900,591,34300,139,429100,3062,17100
2006/4/21,1807,5187,33,1007400,500,41900,110,524600,2527,20900
2006/4/24,1808,2607,43,1081300,556,45000,114,563100,2449,22500
2006/4/25,1809,5519,58,737800,255,61400,151,399600,1143,30700
2006/4/26,1810,7358,48,738800,570,30700,162,384700,2777,15300
2006/4/27,1811,3388,65,825600,109,137600,122,481600,448,68800
2006/4/28,1812,9894,27,981400,297,81700,103,531500,1518,40800
2006/5/1,1813,5205,31,1297700,264,108100,82,702900,1157,54000
2006/5/2,1814,8862,35,1193700,195,99400,67,646500,963,49700
2006/5/3,1815,7068,38,1146500,295,47700,64,597100,1564,23800
2006/5/4,1816,7321,34,957600,387,39900,88,498700,2135,19900
2006/5/5,1817,7102,24,1086200,468,45200,57,565700,2669,22600
2006/5/8,1818,0915,133,532000,552,22100,247,277000,2828,11000
2006/5/9,1819,3891,47,741900,597,30900,114,386400,3098,15400
2006/5/10,1820,5727,38,926800,257,77200,94,502000,1203,38600
2006/5/11,1821,8024,55,774300,477,32200,134,403200,2443,16100
2006/5/12,1822,3401,27,1111800,445,46300,85,579000,2597,23100
2006/5/15,1823,7881,30,1337300,228,111400,68,724300,1170,55700
2006/5/16,1824,2310,69,720500,514,30000,111,375200,2470,15000
2006/5/17,1825,4634,47,837100,187,69700,135,453400,913,34800
2006/5/18,1826,1231,109,481700,321,40100,200,260900,1488,20000
2006/5/19,1827,5072,38,868700,544,36100,117,452400,2658,18000
2006/5/22,1828,8837,30,1233600,247,102800,78,668200,1211,51400
2006/5/23,1829,9050,24,1178200,195,98100,81,638100,859,49000
2006/5/24,1830,4626,39,916800,252,76400,95,496600,1083,38200
2006/5/25,1831,8465,35,1251200,360,52100,63,651600,1797,26000
2006/5/26,1832,0211,70,563100,401,46900,157,305000,2258,23400
2006/5/29,1833,3650,49,1091200,524,45400,88,568300,2274,22700
2006/5/30,1834,7466,32,1291300,161,107600,58,699400,849,53800
2006/5/31,1835,3388,56,875800,91,145900,115,510800,405,72900
2006/6/1,1836,8420,36,957700,517,39900,85,498800,2654,19900
2006/6/2,1837,2685,46,939600,553,39100,91,489300,2671,19500
2006/6/5,1838,1508,47,833100,704,34700,138,433900,3161,17300
2006/6/6,1839,1775,35,1040400,228,86700,66,563500,1180,43300
2006/6/7,1840,8705,21,1021900,474,42500,98,532200,2440,21200
2006/6/8,1841,8557,28,842900,279,70200,113,456500,1508,35100
2006/6/9,1842,8451,58,759800,448,31600,152,395700,2332,15800
2006/6/12,1843,4505,41,1182700,167,98500,99,640600,986,49200
2006/6/13,1844,9601,23,1146700,393,47700,67,597200,2285,23800
2006/6/14,1845,8567,30,935500,522,38900,96,487200,2499,19400
2006/6/15,1846,2655,29,1209600,141,100800,87,655200,855,50400
2006/6/16,1847,8912,37,949200,550,39500,105,494300,2653,19700
2006/6/19,1848,8717,40,941800,309,78400,117,510100,1517,39200
2006/6/20,1849,4991,43,983100,207,81900,73,532500,1227,40900
2006/6/21,1850,5671,40,990000,443,41200,96,515600,2031,20600
2006/6/22,1851,3654,68,713000,553,29700,120,371300,2634,14800
2006/6/23,1852,0772,13,1743200,150,145200,44,944200,1038,72600
2006/6/26,1853,3444,44,1002400,134,250600,80,626500,445,125300
2006/6/27,1854,3895,34,1134600,364,47200,85,590900,1759,23600
2006/6/28,1855,6051,29,1135000,384,47200,74,591100,2380,23600
2006/6/29,1856,6782,33,1008500,395,42000,111,525200,2055,21000
2006/6/30,1857,2331,69,821400,261,68400,111,444900,1176,34200
2006/7/3,1858,2734,91,696600,744,29000,144,362800,3087,14500
2006/7/4,1859,1053,35,843500,519,35100,111,439300,2848,17500
2006/7/5,1860,6534,17,994100,595,41400,83,517700,2896,20700
2006/7/6,1861,8000,62,954900,57,238700,94,596800,217,119300
2006/7/7,1862,7479,29,1002400,252,83500,102,542900,1312,41700
2006/7/10,1863,1244,47,1113400,255,92700,82,603000,1159,46300
2006/7/11,1864,9668,30,1123900,218,93600,55,608700,1233,46800
2006/7/12,1865,1800,36,852700,284,71000,95,461800,1497,35500
2006/7/13,1866,4813,41,885000,389,36800,119,460900,2204,18400
2006/7/14,1867,9616,18,1406300,195,117100,57,761700,1054,58500
2006/7/17,1868,2319,81,650400,443,27100,170,338700,2163,13500
2006/7/18,1869,7004,33,1091600,162,90900,74,591200,939,45400
2006/7/19,1870,7655,42,905200,231,75400,94,490300,1018,37700
2006/7/20,1871,1556,47,898200,189,74800,105,486500,998,37400
2006/7/21,1872,9217,15,1079800,524,44900,95,562300,2584,22400
2006/7/24,1873,4074,39,1028600,226,85700,118,557100,1072,42800
2006/7/25,1874,4717,71,494600,422,41200,179,267900,2040,20600
2006/7/26,1875,4658,33,1020500,357,42500,108,531500,1843,21200
2006/7/27,1876,4635,49,590300,866,24500,169,307400,3696,12200
2006/7/28,1877,3807,39,985300,402,41000,109,513100,2235,20500
2006/7/31,1878,3960,41,1007000,541,41900,121,524400,2460,20900
2006/8/1,1879,4993,22,1292300,196,107600,68,699900,949,53800
2006/8/2,1880,3562,47,917600,519,38200,77,477900,2461,19100
2006/8/3,1881,4533,51,824400,290,68700,92,446500,1237,34300
2006/8/4,1882,4159,37,1009400,411,42000,104,525700,2134,21000
2006/8/7,1883,2091,49,855300,709,35600,86,445400,3525,17800
2006/8/8,1884,8911,46,747200,257,62200,116,404700,1282,31100
2006/8/9,1885,2883,29,749200,308,62400,108,405800,1705,31200
2006/8/10,1886,1700,46,751800,307,62600,95,407200,1602,31300
2006/8/11,1887,9714,35,790500,594,32900,120,411700,3038,16400
2006/8/14,1888,7717,70,683900,93,170900,124,427400,364,85400
2006/8/15,1889,6702,31,1155800,365,48100,53,601900,1852,24000
2006/8/16,1890,5998,18,1475300,125,122900,62,799100,776,61400
2006/8/17,1891,5121,28,859600,257,71600,93,465600,1625,35800
2006/8/18,1892,5151,73,609800,189,101600,154,355700,655,50800
2006/8/21,1893,4737,48,977900,273,81400,96,529600,1285,40700
2006/8/22,1894,4868,31,887800,231,73900,111,480800,1174,36900
2006/8/23,1895,6354,43,500100,1369,20800,135,260400,5703,10400
2006/8/24,1896,5141,50,834100,202,69500,116,451800,1079,34700
2006/8/25,1897,0695,41,1027700,433,42800,95,535200,2211,21400
2006/8/28,1898,4546,82,662900,288,55200,198,359000,1360,27600
2006/8/29,1899,2595,29,1290900,151,107500,60,699200,894,53700
2006/8/30,1900,0275,24,1404400,382,58500,45,731400,2037,29200
2006/8/31,1901,0774,30,1052000,230,87600,93,569800,1079,43800
2006/9/1,1902,6275,25,1381100,351,57500,67,719300,1897,28700
2006/9/4,1903,9587,43,1212800,518,50500,78,631600,2454,25200
2006/9/5,1904,0385,48,909200,448,37800,100,473500,2232,18900
2006/9/6,1905,5430,22,1457700,330,60700,62,759200,1768,30300
2006/9/7,1906,3430,60,673200,279,56100,183,364600,1323,28000
2006/9/8,1907,6840,33,1340700,368,55800,65,698200,1870,27900
2006/9/11,1908,6796,32,1214600,257,101200,96,657900,1168,50600
2006/9/12,1909,3708,43,933900,418,38900,102,486400,2057,19400
2006/9/13,1910,1128,177,311700,335,25900,375,168800,1450,12900
2006/9/14,1911,9222,22,961500,127,240300,84,600900,383,120100
2006/9/15,1912,7660,20,1539700,133,128300,73,834000,764,64100
2006/9/18,1913,2311,114,519400,396,43200,163,281300,1559,21600
2006/9/19,1914,6004,31,1256300,134,104600,70,680400,747,52300
2006/9/20,1915,6930,32,946900,431,39400,109,493100,2273,19700
2006/9/21,1916,6120,51,703800,678,29300,123,366500,3407,14600
2006/9/22,1917,7937,33,1334300,186,111100,58,722700,940,55500
2006/9/25,1918,7674,48,983500,261,81900,133,532700,1123,40900
2006/9/26,1919,3850,44,830900,463,34600,126,432700,2157,17300
2006/9/27,1920,9586,22,1213000,417,50500,76,631700,2103,25200
2006/9/28,1921,0462,25,1314800,455,54700,43,684700,2427,27300
2006/9/29,1922,2560,39,1102400,427,45900,78,574100,2451,22900
2006/10/2,1923,6015,58,865700,586,36000,138,450800,2791,18000
2006/10/3,1924,4186,48,925000,400,38500,108,481700,1920,19200
2006/10/4,1925,0295,15,1167300,467,48600,81,607900,2520,24300
2006/10/5,1926,8490,50,1120600,326,46600,61,583600,1883,23300
2006/10/6,1927,1860,36,1064400,459,44300,70,554300,2403,22100
2006/10/9,1928,4335,43,1079600,258,89900,77,584700,1049,44900
2006/10/10,1929,4156,59,658900,429,27400,166,343100,2245,13700
2006/10/11,1930,3375,31,1117700,203,93100,81,605400,931,46500
2006/10/12,1931,5511,34,1065200,142,177500,66,621300,555,88700
2006/10/13,1932,2939,51,927600,193,77300,135,502400,929,38600
2006/10/16,1933,0994,29,1553500,173,129400,73,841400,880,64700
2006/10/17,1934,3620,36,1110200,361,46200,78,578200,1999,23100
2006/10/18,1935,4667,51,856700,245,71300,102,464000,1182,35600
2006/10/19,1936,2713,41,977100,436,40700,99,508900,2279,20300
2006/10/20,1937,7749,42,716200,282,59600,187,387900,1410,29800
2006/10/23,1938,3282,45,1029900,275,85800,101,557800,1248,42900
2006/10/24,1939,6359,40,905600,494,37700,91,471600,2507,18800
2006/10/25,1940,9959,52,877500,100,219300,100,548400,284,109600
2006/10/26,1941,9896,27,981200,250,81700,108,531400,1222,40800
2006/10/27,1942,5932,35,1191300,444,49600,74,620400,2174,24800
2006/10/30,1943,2812,70,783300,396,65200,138,424200,1491,32600
2006/10/31,1944,4239,43,945000,375,39300,113,492100,2019,19600
2006/11/1,1945,0991,45,1080000,225,90000,65,585000,1056,45000
2006/11/2,1946,8283,35,714400,309,59500,157,386900,1723,29700
2006/11/3,1947,9661,30,1107300,200,92200,80,599700,919,46100
2006/11/6,1948,0686,31,1500700,220,125000,53,812800,1087,62500
2006/11/7,1949,6120,51,709000,616,29500,119,369200,3138,14700
2006/11/8,1950,5517,66,671400,280,55900,149,363600,1225,27900
2006/11/9,1951,7783,26,1147400,196,95600,77,621500,1075,47800
2006/11/10,1952,9664,36,1004200,211,83600,100,543900,1226,41800
2006/11/13,1953,7181,58,884000,292,73600,108,478800,1433,36800
2006/11/14,1954,1422,57,612200,427,51000,116,331600,1839,25500
2006/11/15,1955,8555,23,1197600,80,299400,79,748500,239,149700
2006/11/16,1956,9349,32,1249500,214,104100,49,676800,1020,52000
2006/11/17,1957,1583,44,896600,555,37300,107,466900,2541,18600
2006/11/20,1958,6285,41,1044400,586,43500,86,543900,2528,21700
2006/11/21,1959,0618,78,580400,381,24100,212,302200,1995,12000
2006/11/22,1960,0843,35,1192400,312,49600,74,621000,1713,24800
2006/11/23,1961,1646,30,1009900,181,84100,81,547000,943,42000
2006/11/24,1962,1201,127,424100,426,35300,201,229700,2197,17600
2006/11/27,1963,9985,38,1258600,178,104800,81,681700,911,52400
2006/11/28,1964,7994,23,1165300,178,97100,78,631200,1025,48500
2006/11/29,1965,9357,24,1044500,533,43500,88,544000,2408,21700
2006/11/30,1966,3804,29,1150000,388,47900,96,598900,1753,23900
2006/12/1,1967,6788,72,689100,276,57400,163,373200,1142,28700
2006/12/4,1968,9909,44,1184300,84,296000,76,740100,300,148000
2006/12/5,1969,6765,31,1126400,180,93800,75,610100,985,46900
2006/12/6,1970,1957,69,654600,379,27200,203,340900,1736,13600
2006/12/7,1971,7838,21,1149100,212,95700,73,622400,1162,47800
2006/12/8,1972,0956,37,1097200,405,45700,79,571400,2458,22800
2006/12/11,1973,9338,28,1161100,327,96700,77,628900,1475,48300
2006/12/12,1974,4857,28,1126800,365,46900,91,586800,1897,23400
2006/12/13,1975,0576,32,1137200,341,47300,80,592200,2013,23600
2006/12/14,1976,8514,29,1186200,356,49400,81,617800,2000,24700
2006/12/15,1977,3396,107,512300,306,42600,249,277400,1525,21300
2006/12/18,1978,5943,36,1146700,523,47700,103,597200,2586,23800
2006/12/19,1979,4717,45,723300,306,60200,137,391700,1591,30100
2006/12/20,1980,5148,42,1100800,433,45800,77,573300,2152,22900
2006/12/21,1981,2972,27,1045700,209,87100,105,566400,1178,43500
2006/12/22,1982,5375,47,783500,324,65200,136,424300,1484,32600
2006/12/25,1983,4381,44,1024100,728,42600,93,533300,3001,21300
2006/12/26,1984,4193,46,892300,430,37100,106,464700,2268,18500
2006/12/27,1985,5823,53,751900,627,31300,141,391600,3057,15600
2006/12/28,1986,1784,36,941800,604,39200,97,490500,3066,19600
2006/12/29,1987,7358,70,627100,777,26100,189,326600,3848,13000
2007/1/4,1988,9664,38,905200,272,75400,129,490300,1375,37700
2007/1/5,1989,0133,36,1173600,235,97800,54,635700,1297,48900
2007/1/8,1990,7311,48,898000,324,74800,107,486400,1459,37400
2007/1/9,1991,4634,31,1112000,171,92600,96,602300,972,46300
2007/1/10,1992,8385,33,682000,374,56800,178,369400,1752,28400
2007/1/11,1993,1344,43,910600,212,75800,115,493200,1148,37900
2007/1/12,1994,0139,41,958900,432,39900,110,499400,2640,19900
2007/1/15,1995,6426,52,956700,319,79700,126,518200,1280,39800
2007/1/16,1996,8592,32,1037700,441,43200,98,540400,2142,21600
2007/1/17,1997,4286,48,754000,710,31400,117,392700,3013,15700
2007/1/18,1998,0446,27,1570400,147,130800,47,850600,812,65400
2007/1/19,1999,1294,60,970600,540,40400,54,505500,2842,20200
2007/1/22,2000,6045,38,1201100,486,50000,99,625500,2279,25000
2007/1/23,2001,7982,23,1398200,330,58200,63,728200,1807,29100
2007/1/24,2002,2703,52,946200,407,39400,97,492800,2099,19700
2007/1/25,2003,2892,36,939600,219,78300,122,508900,1124,39100
2007/1/26,2004,0146,71,725400,511,30200,148,377800,2926,15100
2007/1/29,2005,4052,45,1052800,625,43800,94,548300,2864,21900
2007/1/30,2006,5440,39,1166500,199,97200,70,631800,931,48600
2007/1/31,2007,8799,41,990000,244,82500,90,536200,1237,41200
2007/2/1,2008,8999,34,645800,187,161400,129,403600,680,80700
2007/2/2,2009,5022,44,1009000,214,84000,98,546500,1156,42000
2007/2/5,2010,1215,264,300600,545,25000,458,162800,1963,12500
2007/2/6,2011,6616,34,1150600,50,287600,92,719100,217,143800
2007/2/7,2012,7084,32,1214400,381,50600,73,632500,1891,25300
2007/2/8,2013,9176,29,1288700,383,53600,58,671100,2113,26800
2007/2/9,2014,7848,26,1188200,214,99000,87,643600,1118,49500
2007/2/12,2015,2871,39,1027000,541,42700,91,534800,2538,21300
2007/2/13,2016,4071,28,994900,425,41400,91,518100,2387,20700
2007/2/14,2017,2933,49,800900,189,66700,122,433800,1142,33300
2007/2/15,2018,8253,38,930600,608,38700,87,484600,2853,19300
2007/2/16,2019,0969,39,1139500,213,94900,80,617200,1101,47400
2007/2/19,2020,6518,49,948700,691,39500,126,494100,2596,19700
2007/2/20,2021,1299,29,1126500,217,93800,69,610100,1107,46900
2007/2/21,2022,6929,32,1024200,221,85300,96,554700,1074,42600
2007/2/22,2023,3109,45,900300,493,37500,115,468900,2296,18700
2007/2/23,2024,2410,69,667300,607,27800,150,347500,3392,13900
2007/2/26,2025,7546,37,1066100,616,44400,108,555200,2654,22200
2007/2/27,2026,2706,25,1085400,411,45200,102,565300,2070,22600
2007/2/28,2027,0666,27,1339500,77,334800,63,837100,249,167400
2007/3/1,2028,0497,24,1362100,377,56700,60,709400,2105,28300
2007/3/2,2029,5486,33,1147900,426,47800,91,597800,2161,23900
2007/3/5,2030,1501,45,992900,363,82700,66,537800,1755,41300
2007/3/6,2031,0625,74,569200,456,23700,237,296400,2168,11800
2007/3/7,2032,4478,42,869900,227,72400,123,471100,1021,36200
2007/3/8,2033,3036,53,904000,186,75300,109,489600,937,37600
2007/3/9,2034,0581,22,1085900,522,45200,83,565500,2802,22600
2007/3/12,2035,2675,45,1032100,491,43000,110,537500,2234,21500
2007/3/13,2036,2356,88,596100,425,24800,163,310400,2246,12400
2007/3/14,2037,6738,40,847700,532,35300,104,441500,2567,17600
2007/3/15,2038,4861,27,1158000,412,48200,74,603100,2145,24100
2007/3/16,2039,4738,55,685400,605,28500,166,356900,2924,14200
2007/3/19,2040,3876,64,667100,754,27700,182,347400,3501,13800
2007/3/20,2041,9316,32,954800,495,39700,86,497200,2602,19800
2007/3/21,2042,5973,35,900700,482,37500,90,469100,2084,18700
2007/3/22,2043,3840,44,888000,447,37000,110,462500,2281,18500
2007/3/23,2044,4432,61,811800,231,67600,125,439700,1159,33800
2007/3/26,2045,8069,35,1081600,467,45000,115,563300,2354,22500
2007/3/27,2046,4874,19,1357600,185,113100,64,735300,827,56500
2007/3/28,2047,3877,57,777100,254,64700,118,420900,1171,32300
2007/3/29,2048,4022,45,945500,190,78700,92,512100,1129,39300
2007/3/30,2049,4007,33,1068700,200,89000,93,578800,1112,44500
2007/4/2,2050,4619,54,815600,659,33900,136,424700,2972,16900
2007/4/3,2051,6115,28,989200,224,82400,75,535800,1278,41200
2007/4/4,2052,1929,44,837100,160,69700,132,453400,910,34800
2007/4/5,2053,9662,28,838000,281,69800,117,453900,1403,34900
2007/4/6,2054,2361,43,936800,418,39000,94,487900,2562,19500
2007/4/9,2055,0669,46,957000,260,79700,108,518300,1266,39800
2007/4/10,2056,3357,53,739900,229,61600,134,400700,1099,30800
2007/4/11,2057,6857,11,1022200,615,42500,85,532300,2721,21200
2007/4/12,2058,5404,19,1524100,152,127000,63,825500,701,63500
2007/4/13,2059,7238,37,778400,560,32400,161,405400,2845,16200
2007/4/16,2060,0416,303,257700,785,10700,547,134200,2710,5300
2007/4/17,2061,6030,28,1061700,182,88400,90,575000,952,44200
2007/4/18,2062,7532,34,966600,520,40200,71,503400,2467,20100
2007/4/19,2063,7269,37,920700,415,38300,112,479500,2304,19100
2007/4/20,2064,3479,51,763500,459,31800,163,397600,2417,15900
2007/4/23,2065,3884,48,755400,336,62900,160,409100,1725,31400
2007/4/24,2066,8277,23,1377800,178,114800,50,746300,936,57400
2007/4/25,2067,6356,45,1076500,166,89700,79,583100,917,44800
2007/4/26,2068,6749,31,881000,517,36700,121,458800,2867,18300
2007/4/27,2069,4414,31,979700,99,244900,110,612300,337,122400
2007/4/30,2070,6995,34,1236000,201,103000,68,669500,937,51500
2007/5/1,2071,6839,51,718600,485,29900,138,374200,2771,14900
2007/5/2,2072,1404,25,1066900,227,88900,81,577900,1279,44400
2007/5/3,2073,4081,31,978600,392,40700,78,509600,2185,20300
2007/5/4,2074,6207,19,1272200,376,53000,65,662600,1804,26500
2007/5/7,2075,6922,32,1041500,215,86700,123,564100,1237,43300
2007/5/8,2076,4550,25,1145300,153,95400,93,620300,862,47700
2007/5/9,2077,4137,44,826900,519,34400,103,430600,2575,17200
2007/5/10,2078,9502,20,1140400,458,47500,71,593900,2420,23700
2007/5/11,2079,1605,36,919000,432,38200,116,478600,2530,19100
2007/5/14,2080,6818,24,1201600,255,100100,94,650800,1144,50000
2007/5/15,2081,2821,19,989900,247,82400,91,536100,1258,41200
2007/5/16,2082,3107,50,750100,433,31200,138,390600,2476,15600
2007/5/17,2083,4620,41,772900,637,32200,111,402500,2784,16100
2007/5/18,2084,2273,29,1201200,178,100100,78,650600,989,50000
2007/5/21,2085,2209,50,1065400,205,88700,101,577000,971,44300
2007/5/22,2086,6407,40,882900,354,36700,122,459800,1947,18300
2007/5/23,2087,1770,30,1019900,199,84900,79,552400,1170,42400
2007/5/24,2088,0531,78,575800,495,23900,181,299800,2691,11900
2007/5/25,2089,2696,41,941600,208,78400,96,510000,1073,39200
2007/5/28,2090,4612,59,708400,799,29500,175,368900,2970,14700
2007/5/29,2091,1485,36,899000,495,37400,93,468200,2449,18700
2007/5/30,2092,6480,39,857600,429,35700,117,446600,2357,17800
2007/5/31,2093,2184,43,875900,493,36400,98,456100,2553,18200
2007/6/1,2094,0592,22,1085200,576,45200,87,565200,2616,22600
2007/6/4,2095,1917,92,695800,239,57900,156,376800,1173,28900
2007/6/5,2096,0521,100,505400,513,21000,184,263200,2775,10500
2007/6/6,2097,7955,22,1202400,170,100200,77,651300,912,50100
2007/6/7,2098,5019,48,716200,550,29800,133,373000,2742,14900
2007/6/8,2099,9909,35,805900,132,201400,121,503600,347,100700
2007/6/11,2100,6509,50,723300,565,30100,174,376700,3085,15000
2007/6/12,2101,2909,52,729900,211,60800,127,395300,1068,30400
2007/6/13,2102,9060,51,782400,219,65200,90,423800,1306,32600
2007/6/14,2103,3097,24,1168400,371,48600,78,608500,1708,24300
2007/6/15,2104,8751,45,976300,425,40600,96,508400,2344,20300
2007/6/18,2105,5059,56,790300,337,65800,137,428000,1432,32900
2007/6/19,2106,9595,32,908800,164,151400,64,530100,696,75700
2007/6/20,2107,2502,37,991200,236,82600,72,536900,1200,41300
2007/6/21,2108,8936,13,1255400,445,52300,81,653800,2052,26100
2007/6/22,2109,3488,29,811400,255,67600,146,439500,1228,33800
2007/6/25,2110,8594,36,977500,619,40700,107,509100,2893,20300
2007/6/26,2111,0173,59,674300,478,28000,163,351100,2320,14000
2007/6/27,2112,1519,44,832200,215,69300,113,450700,1208,34600
2007/6/28,2113,5088,48,962500,171,80200,92,521300,951,40100
2007/6/29,2114,3706,36,1079000,354,44900,98,561900,1934,22400
2007/7/2,2115,0454,34,1271200,251,105900,58,688500,1188,52900
2007/7/3,2116,9842,16,1567200,382,65300,40,816200,1816,32600
2007/7/4,2117,5883,24,1087100,221,90500,68,588800,1192,45200
2007/7/5,2118,8254,33,921500,562,38300,98,479900,2595,19100
2007/7/6,2119,9969,51,1080400,61,270100,82,675200,214,135000
2007/7/9,2120,0965,42,595400,1178,24800,166,310100,5710,12400
2007/7/10,2121,8491,28,1016000,384,42300,93,529100,2262,21100
2007/7/11,2122,3104,183,363300,395,15100,300,189200,1921,7500
2007/7/12,2123,4661,41,1003800,193,83600,80,543700,1015,41800
2007/7/13,2124,5661,43,990800,172,82500,100,536600,935,41200
2007/7/16,2125,7579,36,1049800,180,87400,101,568600,846,43700
2007/7/17,2126,5599,48,621600,209,103600,140,362600,655,51800
2007/7/18,2127,4051,29,993800,419,41400,86,517600,2416,20700
2007/7/19,2128,4908,18,1141100,438,47500,82,594300,2209,23700
2007/7/20,2129,3198,25,873700,562,36400,116,455000,3003,18200
2007/7/23,2130,0868,25,1077100,270,89700,87,583400,1448,44800
2007/7/24,2131,6097,30,1058100,372,44000,77,551000,2002,22000
2007/7/25,2132,6731,41,915600,445,38100,91,476800,2322,19000
2007/7/26,2133,5625,35,1188500,149,99000,73,643700,782,49500
2007/7/27,2134,7478,40,897700,218,74800,119,486200,1045,37400
2007/7/30,2135,6469,74,561700,368,46800,203,304200,1772,23400
2007/7/31,2136,9471,36,906300,542,37700,73,472000,2671,18800
2007/8/1,2137,9585,31,1047100,206,87200,77,567100,1019,43600
2007/8/2,2138,6082,13,1154900,389,48100,89,601500,2057,24000
2007/8/3,2139,6368,37,950300,195,79100,109,514700,974,39500
2007/8/6,2140,2267,28,985500,265,82100,126,533800,1109,41000
2007/8/7,2141,9718,16,1137500,363,47300,82,592400,2057,23600
2007/8/8,2142,5598,36,811100,230,67500,108,439300,1184,33700
2007/8/9,2143,7433,23,1028200,205,85600,77,556900,1167,42800
2007/8/10,2144,2886,25,1086200,214,90500,78,588300,1062,45200
2007/8/13,2145,0824,98,474700,635,19700,239,247200,2457,9800
2007/8/14,2146,7777,369,474700,635,19700,239,247200,2457,9800
2007/8/15,2147,0979,40,963000,125,80200,77,521600,848,40100
2007/8/16,2148,1140,43,757000,218,63000,99,410000,1388,31500
2007/8/17,2149,5347,22,1126600,374,46900,82,586700,2112,23400
2007/8/20,2150,6457,65,785900,596,32700,119,409300,2509,16300
2007/8/21,2151,8871,24,1085300,167,90400,84,587800,948,45200
2007/8/22,2152,9355,15,1450000,163,120800,57,785400,778,60400
2007/8/23,2153,8000,65,802200,60,200500,109,501300,212,100200
2007/8/24,2154,9664,97,487100,297,40500,233,263800,1348,20200
2007/8/27,2155,7152,29,960900,608,40000,119,500400,2716,20000
2007/8/28,2156,8578,21,1013700,207,84400,93,549000,1062,42200
2007/8/29,2157,0788,26,1261900,122,105100,72,683500,841,52500
2007/8/30,2158,1060,30,1111500,151,92600,75,602000,1043,46300
2007/8/31,2159,1987,37,1017200,415,42300,95,529700,2070,21100
2007/9/3,2160,4977,41,926600,327,77200,93,501900,1535,38600
2007/9/4,2161,3102,38,964400,458,40100,71,502200,2372,20000
2007/9/5,2162,8338,22,1013600,149,168900,53,591200,689,84400
2007/9/6,2163,0863,23,1088200,414,45300,68,566700,2391,22600
2007/9/7,2164,6978,44,590400,758,24600,187,307500,3548,12300
2007/9/10,2165,8137,49,938100,598,39000,91,488500,2727,19500
2007/9/11,2166,8519,24,1041500,416,43300,90,542400,2049,21600
2007/9/12,2167,9991,53,688700,119,172100,94,430400,472,86000
2007/9/13,2168,6865,24,1107800,163,92300,87,600000,956,46100
2007/9/14,2169,2577,28,940800,199,78400,122,509600,1103,39200
2007/9/17,2170,5188,38,776600,260,64700,126,420600,1383,32300
2007/9/18,2171,1720,48,872000,437,36300,71,454100,2365,18100
2007/9/19,2172,1269,31,912600,372,38000,106,475300,2112,19000
2007/9/20,2173,1237,35,852700,503,35500,102,444100,2452,17700
2007/9/21,2174,0368,36,1125900,306,46900,77,586400,1847,23400
2007/9/24,2175,3882,33,791000,357,65900,101,428400,1644,32900
2007/9/25,2176,8852,16,1027700,260,85600,84,556600,1136,42800
2007/9/26,2177,8128,42,752000,270,62600,129,407300,1283,31300
2007/9/27,2178,3376,25,1108700,166,92300,92,600500,985,46100
2007/9/28,2179,2293,26,1250100,127,104100,78,677100,1005,52000
2007/10/1,2180,9648,36,1119500,489,46600,87,583000,2272,23300
2007/10/2,2181,3409,27,1092200,292,45500,100,568800,1630,22700
2007/10/3,2182,2294,20,1104900,169,92000,92,598400,962,46000
2007/10/4,2183,4164,16,997700,213,83100,95,540400,1327,41500
2007/10/5,2184,4218,31,845600,594,35200,115,440400,2850,17600
2007/10/8,2185,5960,56,750800,506,31200,129,391000,2601,15600
2007/10/9,2186,4633,39,984700,163,82000,78,533300,897,41000
2007/10/10,2187,7329,49,701300,434,29200,151,365200,2374,14600
2007/10/11,2188,9865,48,1043400,328,43400,58,543400,1924,21700
2007/10/12,2189,5667,37,857300,210,71400,136,464300,947,35700
2007/10/15,2190,5551,63,763700,149,190900,114,477300,386,95400
2007/10/16,2191,2278,44,782000,170,65100,131,423500,993,32500
2007/10/17,2192,1477,60,594700,315,49500,139,322100,1618,24700
2007/10/18,2193,4005,39,1062800,165,88500,74,575600,896,44200
2007/10/19,2194,5549,22,1103600,206,91900,83,597700,1074,45900
2007/10/22,2195,5446,64,801300,294,66700,110,434000,1379,33300
2007/10/23,2196,3083,28,1108800,138,92400,93,600600,757,46200
2007/10/24,2197,3330,54,736700,91,184100,102,460400,350,92000
2007/10/25,2198,1075,26,1049900,442,43700,74,546800,2483,21800
2007/10/26,2199,7482,18,1075100,477,44700,88,559900,2305,22300
2007/10/29,2200,1324,62,834400,685,34700,99,434500,2586,17300
2007/10/30,2201,3379,47,836400,155,69700,123,453000,808,34800
2007/10/31,2202,2135,61,898900,380,37400,75,468100,2027,18700
2007/11/1,2203,6590,41,857600,450,35700,95,446600,2612,17800
2007/11/2,2204,9440,39,896100,222,74600,100,485300,1255,37300
2007/11/5,2205,4644,36,1009000,125,252200,95,630600,281,126100
2007/11/6,2206,9947,24,987600,192,82300,100,534900,1000,41100
2007/11/7,2207,0502,30,915200,198,76200,116,495700,975,38100
2007/11/8,2208,4181,31,908000,256,75600,92,491800,1229,37800
2007/11/9,2209,3150,77,638300,488,26500,157,332400,2429,13200
2007/11/12,2210,5726,38,1067500,447,44400,105,555900,1999,22200
2007/11/13,2211,7143,34,890500,474,37100,93,463800,2305,18500
2007/11/14,2212,7919,23,1208900,168,100700,66,654800,962,50300
2007/11/15,2213,5932,22,1349200,356,56200,53,702700,1897,28100
2007/11/16,2214,4035,31,1225800,348,51000,70,638400,1839,25500
2007/11/19,2215,2172,40,913200,284,76100,98,494600,1484,38000
2007/11/20,2216,9862,19,1362800,339,56700,44,709700,1955,28300
2007/11/21,2217,1209,146,355100,523,14700,295,184900,2624,7300
2007/11/22,2218,1542,22,1171100,395,48700,61,609900,2252,24300
2007/11/23,2219,7598,15,1300200,362,54100,57,677100,1799,27000
2007/11/26,2220,6653,32,1032000,246,86000,120,559000,1031,43000
2007/11/27,2221,8762,18,1161600,344,48400,86,605000,1793,24200
2007/11/28,2222,6712,37,947000,310,39400,98,493200,2064,19700
2007/11/29,2223,9001,31,923800,190,76900,103,500300,1151,38400
2007/11/30,2224,9485,24,1015300,487,42300,93,528800,2429,21100
2007/12/3,2225,2667,43,1040400,182,86700,106,563500,1001,43300
2007/12/4,2226,9244,26,1099100,160,91500,82,595300,891,45700
2007/12/5,2227,3764,39,826700,484,34400,111,430500,2427,17200
2007/12/6,2228,4047,36,1136300,125,94600,83,615400,754,47300
2007/12/7,2229,7119,35,1081700,172,90100,81,585900,1062,45000
2007/12/10,2230,9159,25,1152000,277,96000,82,624000,1367,48000
2007/12/11,2231,3182,26,1133100,402,47200,72,590100,2036,23600
2007/12/12,2232,0734,35,867700,492,36100,94,451900,2791,18000
2007/12/13,2233,1145,47,917000,152,76400,102,496700,939,38200
2007/12/14,2234,5519,77,481000,353,40000,277,260500,1702,20000
2007/12/17,2235,7384,53,875200,635,36400,117,455800,2900,18200
2007/12/18,2236,8568,32,778100,279,64800,123,421400,1464,32400
2007/12/19,2237,5787,19,964200,263,80300,105,522200,1262,40100
2007/12/20,2238,2383,41,973000,205,81000,87,527000,1179,40500
2007/12/21,2239,9253,48,856800,521,35700,126,446200,2389,17800
2007/12/24,2240,1778,29,1080700,195,90000,109,585300,1008,45000
2007/12/25,2241,3465,51,674400,765,28100,114,351200,3580,14000
2007/12/26,2242,8293,28,1019600,530,42400,77,531000,2777,21200
2007/12/27,2243,1984,64,699700,480,29100,180,364400,2380,14500
2007/12/28,2244,3283,40,1098100,219,91500,99,594800,1165,45700
2008/1/4,2245,5987,23,1174600,564,48900,98,611700,2492,24400
2008/1/7,2246,2178,90,573600,842,23900,234,298700,3828,11900
2008/1/8,2247,0591,23,1239200,417,51600,57,645400,2387,25800
2008/1/9,2248,9809,32,968200,197,80600,117,524400,1041,40300
2008/1/10,2249,6910,33,948000,474,39500,113,493700,2404,19700
2008/1/11,2250,0284,12,1401600,483,58400,53,730000,2407,29200
2008/1/14,2251,8922,34,1061200,229,88400,84,574800,1212,44200
2008/1/15,2252,0972,30,1106700,437,46100,58,576400,2375,23000
2008/1/16,2253,6190,35,1020500,442,42500,75,531500,2406,21200
2008/1/17,2254,1912,58,619700,371,51600,126,335600,1981,25800
2008/1/18,2255,4439,29,995600,171,82900,135,539200,952,41400
2008/1/21,2256,7676,54,1120700,96,186700,93,653700,378,93300
2008/1/22,2257,7052,36,1022100,407,42500,77,532300,2129,21200
2008/1/23,2258,0783,42,870500,422,36200,96,453300,2201,18100
2008/1/24,2259,1691,26,1140800,180,95000,68,617900,1091,47500
2008/1/25,2260,4818,44,870300,252,72500,118,471400,1161,36200
2008/1/28,2261,6273,50,865300,721,36000,98,450600,3236,18000
2008/1/29,2262,4160,38,949000,367,39500,98,494200,1945,19700
2008/1/30,2263,9193,22,1195000,193,99500,69,647200,1073,49700
2008/1/31,2264,5872,30,895800,563,37300,108,466500,2682,18600
2008/2/1,2265,2824,43,944600,210,78700,110,511600,1022,39300
2008/2/4,2266,2557,53,753000,306,62700,157,407800,1370,31300
2008/2/5,2267,3316,45,757800,214,63100,143,410400,1008,31500
2008/2/6,2268,0157,58,729100,394,30300,141,379700,2065,15100
2008/2/7,2269,9924,40,1050100,174,87500,94,568800,736,43700
2008/2/8,2270,7385,31,760600,758,31600,123,396100,3426,15800
2008/2/11,2271,3884,45,696300,338,58000,152,377100,1470,29000
2008/2/12,2272,2341,30,1034100,434,43000,68,538500,1900,21500
2008/2/13,2273,7694,28,1138500,340,47400,58,592900,2208,23700
2008/2/14,2274,4796,33,957700,446,39900,82,498800,2479,19900
2008/2/15,2275,5087,50,839000,488,34900,132,436900,2289,17400
2008/2/18,2276,8289,43,1226100,188,102100,76,664100,1011,51000
2008/2/19,2277,0173,32,983700,429,40900,82,512300,2362,20400
2008/2/20,2278,2254,36,1026600,191,85500,83,556000,1013,42700
2008/2/21,2279,9188,49,994200,181,82800,78,538500,944,41400
2008/2/22,2280,3618,116,426600,548,17700,320,222100,2603,8800
2008/2/25,2281,7946,40,899500,680,37400,106,468400,3188,18700
2008/2/26,2282,1367,45,865800,390,36000,107,450900,2071,18000
2008/2/27,2283,6130,45,868300,419,36100,113,452200,2124,18000
2008/2/28,2284,7648,30,1042300,439,43400,99,542800,2035,21700
2008/2/29,2285,0624,93,613700,458,25500,201,319600,2240,12700
2008/3/3,2286,3834,36,925600,252,77100,142,501300,1356,38500
2008/3/4,2287,0613,83,609500,465,25300,157,317400,2211,12600
2008/3/5,2288,1126,202,284500,312,23700,395,154100,1390,11800
2008/3/6,2289,1653,39,878500,506,36600,98,457500,2555,18300
2008/3/7,2290,6861,31,982300,254,81800,84,532000,1304,40900
2008/3/10,2291,8004,18,1514800,175,126200,68,820500,961,63100
2008/3/11,2292,0784,39,946700,357,39400,97,493000,1986,19700
2008/3/12,2293,8622,35,828000,235,69000,127,448500,1069,34500
2008/3/13,2294,8020,32,907200,278,75600,81,491400,1354,37800
2008/3/14,2295,9684,34,883600,418,36800,129,460200,2093,18400
2008/3/17,2296,9418,37,1099600,538,45800,77,572700,2592,22900
2008/3/18,2297,6149,29,830300,564,34500,98,432400,2918,17200
2008/3/19,2298,2620,16,1038700,190,86500,85,562600,1265,43200
2008/3/20,2299,2643,49,850400,374,35400,77,442900,1969,17700
2008/3/21,2300,6944,42,719300,313,59900,105,389600,1869,29900
2008/3/24,2301,8297,27,1518300,358,63200,47,790700,1927,31600
2008/3/25,2302,9453,16,1626400,270,67700,44,847000,1679,33800
2008/3/26,2303,7898,25,1220200,180,101600,64,660900,998,50800
2008/3/27,2304,0726,76,555200,402,23100,240,289100,2042,11500
2008/3/28,2305,7048,34,1011100,408,42100,105,526600,1999,21000
2008/3/31,2306,4330,42,1088500,166,90700,102,589600,992,45300
2008/4/1,2307,5480,20,1286300,286,53500,70,669900,1767,26700
2008/4/2,2308,3868,33,834400,211,69500,128,451900,1115,34700
2008/4/3,2309,6359,40,861900,549,35900,89,448900,2575,17900
2008/4/4,2310,4121,42,821500,272,68400,98,444900,1555,34200
2008/4/7,2311,1577,42,908300,269,75600,114,491900,1226,37800
2008/4/8,2312,6316,40,873400,189,72700,90,473000,1004,36300
2008/4/9,2313,9594,16,1129000,201,94000,77,611500,1055,47000
2008/4/10,2314,9647,40,538900,803,22400,180,280600,3863,11200
2008/4/11,2315,9077,35,1247600,133,103900,66,675700,837,51900
2008/4/14,2316,2677,35,1231200,130,102600,91,666900,871,51300
2008/4/15,2317,0169,17,1252300,398,52100,59,652200,2321,26000
2008/4/16,2318,5846,28,1033800,425,43000,94,538400,2015,21500
2008/4/17,2319,8423,55,738300,501,30700,115,384500,2593,15300
2008/4/18,2320,8341,38,847800,467,35300,117,441500,2482,17600
2008/4/21,2321,6648,26,1061900,286,88400,96,575100,1362,44200
2008/4/22,2322,6870,18,1460000,301,60800,58,760400,1609,30400
2008/4/23,2323,2635,54,792400,451,33000,102,412700,2408,16500
2008/4/24,2324,1106,90,484200,245,40300,238,262200,1135,20100
2008/4/25,2325,9434,16,1547400,150,128900,58,838100,904,64400
2008/4/28,2326,8137,32,1019000,638,42400,98,530700,2821,21200
2008/4/29,2327,5048,42,871500,359,36300,98,453900,1679,18100
2008/4/30,2328,5249,36,1060000,379,44100,80,552000,1969,22000
2008/5/1,2329,7524,34,886200,568,36900,96,461500,2670,18400
2008/5/2,2330,5818,39,1002800,243,83500,90,543100,1079,41700
2008/5/5,2331,4684,50,801700,274,66800,111,434200,1116,33400
2008/5/6,2332,1759,23,1065700,370,44400,77,555000,1732,22200
2008/5/7,2333,4749,32,1052700,160,87700,80,570200,858,43800
2008/5/8,2334,0230,31,1263600,124,105300,62,684400,841,52600
2008/5/9,2335,2348,61,604700,563,25100,198,314900,2567,12500
2008/5/12,2336,5003,21,1631400,156,135900,49,883600,952,67900
2008/5/13,2337,3255,49,711200,206,59200,120,385200,1279,29600
2008/5/14,2338,5651,21,1102900,176,91900,83,597400,961,45900
2008/5/15,2339,7723,58,675700,218,56300,154,366000,1085,28100
2008/5/16,2340,5291,27,1067000,445,44400,66,555700,2674,22200
2008/5/19,2341,4487,36,1060600,259,88300,77,574400,1133,44100
2008/5/20,2342,2947,23,863500,448,35900,114,449700,2262,17900
2008/5/21,2343,4441,24,1107100,75,276700,73,691900,244,138300
2008/5/22,2344,8423,38,807100,487,33600,105,420300,2438,16800
2008/5/23,2345,3466,43,844100,237,70300,106,457200,1169,35100
2008/5/26,2346,9665,40,1210700,192,100800,72,655700,822,50400
2008/5/27,2347,8904,25,1158900,315,48200,76,603500,1685,24100
2008/5/28,2348,6424,47,854200,186,71100,97,462600,968,35500
2008/5/29,2349,5471,24,999600,412,41600,89,520600,2161,20800
2008/5/30,2350,6180,23,1026100,363,42700,112,534400,2044,21300
2008/6/2,2351,7044,38,1146000,178,95500,87,620700,835,47700
2008/6/3,2352,6579,15,1336000,264,55600,69,695800,1533,27800
2008/6/4,2353,2332,54,858800,93,143100,92,500900,387,71500
2008/6/5,2354,8885,18,1185900,73,296400,71,741100,240,148200
2008/6/6,2355,8585,55,477500,258,79500,201,278500,942,39700
2008/6/9,2356,8117,24,1130800,211,94200,71,612500,1271,47100
2008/6/10,2357,6702,18,1070600,349,44600,92,557600,1933,22300
2008/6/11,2358,1997,30,1018500,169,84800,83,551600,885,42400
2008/6/12,2359,6404,26,1233300,133,102700,69,668000,782,51300
2008/6/13,2360,0799,16,1633100,153,136000,50,884500,809,68000
2008/6/16,2361,2620,25,942200,326,78500,105,510300,1534,39200
2008/6/17,2362,2159,29,926000,424,38500,94,482200,2194,19200
2008/6/18,2363,4429,54,675300,227,56200,142,365700,1099,28100
2008/6/19,2364,6759,29,1030700,350,42900,99,536800,1728,21400
2008/6/20,2365,9492,14,1318800,217,109900,63,714300,1012,54900
2008/6/23,2366,7408,29,1151300,489,47900,82,599600,2283,23900
2008/6/24,2367,4696,61,482200,342,40100,201,261100,1872,20000
2008/6/25,2368,7856,33,728700,627,30300,149,379500,2618,15100
2008/6/26,2369,4553,31,1218300,178,101500,63,659900,870,50700
2008/6/27,2370,5527,40,920700,216,76700,118,498700,1008,38300
2008/6/30,2371,4913,65,805100,549,33500,142,419300,2369,16700
2008/7/1,2372,7575,42,956000,94,159300,87,557600,438,79600
2008/7/2,2373,1507,22,1101500,435,45800,83,573600,2169,22900
2008/7/3,2374,0233,29,1027200,219,85600,84,556400,1106,42800
2008/7/4,2375,5748,49,811200,497,33800,119,422500,2523,16900
2008/7/7,2376,5070,44,802500,376,66800,128,434600,1494,33400
2008/7/8,2377,7573,29,765400,325,63700,109,414500,1432,31800
2008/7/9,2378,8066,28,1343300,132,111900,62,727600,729,55900
2008/7/10,2379,0883,32,939300,175,78200,108,508700,1151,39100
2008/7/11,2380,3189,45,662800,587,27600,170,345200,3209,13800
2008/7/14,2381,8051,26,1014200,588,42200,91,528200,2861,21100
2008/7/15,2382,4689,37,749900,377,31200,157,390500,2046,15600
2008/7/16,2383,4919,38,634200,310,52800,160,343500,1448,26400
2008/7/17,2384,6042,13,1259500,421,52400,60,655900,2191,26200
2008/7/18,2385,2311,59,647000,311,53900,126,350400,1539,26900
2008/7/21,2386,5968,41,1035100,372,43100,72,539100,1843,21500
2008/7/22,2387,5290,26,896500,422,37300,89,466900,2386,18600
2008/7/23,2388,9822,22,1023100,169,85200,90,554100,953,42600
2008/7/24,2389,8798,27,1022100,191,85100,73,553600,1057,42500
2008/7/25,2390,6136,29,1034800,198,86200,84,560500,1043,43100
2008/7/28,2391,0705,55,806300,188,67100,158,436700,817,33500
2008/7/29,2392,9354,13,1494600,315,62200,48,778400,1629,31100
2008/7/30,2393,2676,25,1234800,144,102900,71,668800,740,51400
2008/7/31,2394,0794,23,1152500,375,48000,69,600200,2034,24000
2008/8/1,2395,2146,43,939900,439,39100,84,489500,2277,19500
2008/8/4,2396,4786,42,834600,617,34700,111,434600,2657,17300
2008/8/5,2397,3241,20,1011700,546,42100,71,526900,2192,21000
2008/8/6,2398,5210,43,851700,375,35400,88,443500,2240,17700
2008/8/7,2399,4811,37,813100,233,67700,110,440400,1078,33800
2008/8/8,2400,4137,25,915100,438,38100,110,476600,2383,19000
2008/8/11,2401,7410,34,907900,495,37800,106,472800,2548,18900
2008/8/12,2402,0650,15,1672600,130,139300,36,905900,678,69600
2008/8/13,2403,6829,38,818800,346,34100,104,426400,1810,17000
2008/8/14,2404,5494,20,1094800,166,91200,72,593000,896,45600
2008/8/15,2405,3461,38,903700,443,37600,83,470600,2200,18800
2008/8/18,2406,6897,39,721200,929,30000,126,375600,3679,15000
2008/8/19,2407,3733,32,921900,74,230400,87,576100,276,115200
2008/8/20,2408,6877,36,909200,233,75700,71,492400,1210,37800
2008/8/21,2409,6622,27,1414800,88,235800,40,825300,378,117900
2008/8/22,2410,6610,23,1098500,173,91500,95,595000,982,45700
2008/8/25,2411,6281,33,1036200,590,43100,79,539600,2805,21500
2008/8/26,2412,7235,37,838500,526,34900,95,436700,2544,17400
2008/8/27,2413,9507,43,840300,397,35000,127,437600,1938,17500
2008/8/28,2414,3663,39,1054700,113,175700,73,615200,397,87800
2008/8/29,2415,3013,37,750900,320,62500,129,406700,1603,31200
2008/9/1,2416,3447,49,734600,300,61200,173,397900,1374,30600
2008/9/2,2417,3672,65,614200,559,25500,150,319800,2572,12700
2008/9/3,2418,8997,38,873200,215,72700,99,472900,1164,36300
2008/9/4,2419,9659,23,1184200,209,98600,72,641400,943,49300
2008/9/5,2420,9379,35,1121000,217,93400,76,607200,913,46700
2008/9/8,2421,5173,42,882600,796,36700,94,459600,3001,18300
2008/9/9,2422,2716,66,670700,418,27900,148,349300,1986,13900
2008/9/10,2423,5128,59,758900,450,31600,109,395200,2228,15800
2008/9/11,2424,4803,25,1218100,356,50700,70,634400,1861,25300
2008/9/12,2425,8696,35,949700,222,79100,93,514400,1213,39500
2008/9/15,2426,2968,31,1042800,429,43400,91,543100,2010,21700
2008/9/16,2427,8679,39,474500,1044,19700,193,247100,4004,9800
2008/9/17,2428,3930,24,1256200,146,104600,66,680400,846,52300
2008/9/18,2429,6122,27,896100,250,74600,82,485300,1374,37300
2008/9/19,2430,8512,25,1144700,430,47600,68,596100,2096,23800
2008/9/22,2431,9230,35,1061900,457,44200,86,553000,2433,22100
2008/9/23,2432,2031,36,669700,647,27900,94,348800,3031,13900
2008/9/24,2433,5802,22,1198100,366,49900,62,624000,1938,24900
2008/9/25,2434,7929,42,967900,205,80600,85,524200,914,40300
2008/9/26,2435,8947,32,1064000,444,44300,71,554100,2349,22100
2008/9/29,2436,1408,37,999400,503,41600,96,520500,2418,20800
2008/9/30,2437,6848,64,619800,276,51600,124,335700,1334,25800
2008/10/1,2438,0520,40,953300,121,79400,117,516300,699,39700
2008/10/2,2439,4338,29,1151700,153,95900,74,623800,833,47900
2008/10/3,2440,8486,37,788800,257,65700,118,427200,1419,32800
2008/10/6,2441,8782,45,1041300,204,86700,94,564000,940,43300
2008/10/7,2442,1481,22,995200,286,82900,64,539000,1258,41400
2008/10/8,2443,7829,32,982100,400,40900,84,511500,1960,20400
2008/10/9,2444,8803,23,1434700,127,119500,57,777100,696,59700
2008/10/10,2445,6330,37,1126600,173,93800,77,610200,824,46900
2008/10/13,2446,1980,62,636300,645,26500,146,331400,2925,13200
2008/10/14,2447,7339,33,1056400,146,88000,67,572200,734,44000
2008/10/15,2448,4748,39,758800,271,63200,138,411000,1096,31600
2008/10/16,2449,8539,32,1056500,411,44000,80,550200,2042,22000
2008/10/17,2450,0883,34,902200,286,75100,89,488600,1358,37500
2008/10/20,2451,3407,61,806300,519,33500,131,419900,2625,16700
2008/10/21,2452,5828,34,975800,204,81300,87,528500,939,40600
2008/10/22,2453,4672,34,879400,452,36600,108,458000,2161,18300
2008/10/23,2454,0313,56,632800,253,52700,161,342700,1197,26300
2008/10/24,2455,1183,29,1014200,226,84500,84,549300,1167,42200
2008/10/27,2456,9212,24,1077200,277,89700,88,583400,1467,44800
2008/10/28,2457,0967,17,1709900,204,71200,47,890500,1433,35600
2008/10/29,2458,7953,32,1014900,501,42200,71,528500,2253,21100
2008/10/30,2459,4896,46,712500,587,29600,136,371000,2859,14800
2008/10/31,2460,4107,40,911500,464,37900,113,474700,2277,18900
2008/11/3,2461,7347,32,717600,385,59800,154,388700,1505,29900
2008/11/4,2462,9566,25,1328700,135,110700,59,719700,771,55300
2008/11/5,2463,9053,17,1336400,292,55600,77,696000,1628,27800
2008/11/6,2464,6811,31,1012400,206,84300,90,548300,975,42100
2008/11/7,2465,9921,37,981600,273,81800,66,531700,1247,40900
2008/11/10,2466,6543,45,835500,722,34800,92,435100,3303,17400
2008/11/11,2467,3506,26,1129800,300,47000,85,588400,1665,23500
2008/11/12,2468,9838,20,981300,214,81700,75,531500,1336,40800
2008/11/13,2469,3479,42,754900,478,31400,139,393100,2209,15700
2008/11/14,2470,1716,26,1094500,163,91200,101,592800,895,45600
2008/11/17,2471,1271,28,913200,360,76100,70,494600,1895,38000
2008/11/18,2472,9804,26,1184500,324,49300,69,616900,1581,24600
2008/11/19,2473,5987,17,885300,461,36800,120,461000,2170,18400
2008/11/20,2474,4813,36,858500,399,35700,110,447100,2132,17800
2008/11/21,2475,9624,30,988300,395,41100,97,514700,2021,20500
2008/11/24,2476,5827,29,970800,465,40400,86,505600,2183,20200
2008/11/25,2477,3966,33,910600,211,75800,86,493200,1060,37900
2008/11/26,2478,4631,37,908800,440,37800,90,473300,2095,18900
2008/11/27,2479,1200,16,1144700,233,95300,56,620000,1232,47600
2008/11/28,2480,1059,64,689300,407,28700,148,359000,2254,14300
2008/12/1,2481,3893,35,969900,302,80800,90,525300,1392,40400
2008/12/2,2482,3860,24,1140600,390,47500,67,594000,1937,23700
2008/12/3,2483,6142,19,1141700,442,47500,66,594600,2215,23700
2008/12/4,2484,7740,22,1090600,188,90800,88,590700,1005,45400
2008/12/5,2485,2985,46,753200,461,31300,135,392200,2389,15600
2008/12/8,2486,5889,78,497600,370,41400,281,269500,1383,20700
2008/12/9,2487,0756,21,1508200,251,62800,46,785500,1397,31400
2008/12/10,2488,4161,21,1029700,270,85800,79,557700,1170,42900
2008/12/11,2489,5770,43,1067700,150,88900,75,578300,872,44400
2008/12/12,2490,1356,43,884000,452,36800,118,460400,2219,18400
2008/12/15,2491,1346,47,777500,649,32300,165,404900,2953,16100
2008/12/16,2492,2928,38,724700,317,60300,149,392500,1315,30100
2008/12/17,2493,0016,36,1209800,145,100800,53,655300,935,50400
2008/12/18,2494,3623,44,858200,211,71500,121,464800,1039,35700
2008/12/19,2495,1487,29,983500,587,40900,90,512200,2762,20400
2008/12/22,2496,3519,61,761300,599,31700,151,396500,2672,15800
2008/12/23,2497,7392,22,1063100,420,44200,67,553600,2206,22100
2008/12/24,2498,8114,30,894400,282,74500,87,484400,1440,37200
2008/12/25,2499,2405,36,1014100,454,42200,88,528100,2205,21100
2008/12/26,2500,0659,26,778300,671,32400,138,405300,3470,16200
2008/12/29,2501,7349,28,1011700,616,42100,118,526900,2584,21000
2008/12/30,2502,8544,19,1287000,189,107200,64,697100,976,53600
2009/1/5,2503,3248,43,835100,626,34700,129,434900,2954,17300
2009/1/6,2504,9538,30,859700,542,35800,111,447700,2497,17900
2009/1/7,2505,0516,75,570100,434,23700,209,296900,2507,11800
2009/1/8,2506,7823,41,663000,732,27600,142,345300,3023,13800
2009/1/9,2507,6545,22,1194100,222,99500,63,646800,1058,49700
2009/1/12,2508,3839,64,615100,356,51200,193,333100,1239,25600
2009/1/13,2509,4460,37,1093100,124,91000,84,592000,757,45500
2009/1/14,2510,7669,31,947800,193,78900,104,513300,1007,39400
2009/1/15,2511,0596,25,1008500,530,42000,69,525200,2698,21000
2009/1/16,2512,0669,45,700900,266,58400,164,379600,1308,29200
2009/1/19,2513,9534,25,1160600,523,48300,87,604400,2540,24100
2009/1/20,2514,1783,62,616900,648,25700,151,321300,2630,12800
2009/1/21,2515,9500,17,1515100,135,126200,48,820600,824,63100
2009/1/22,2516,2590,45,761600,555,31700,98,396600,2916,15800
2009/1/23,2517,2326,60,732400,187,61000,156,396700,1038,30500
2009/1/26,2518,0377,30,1186900,209,98900,89,642900,1100,49400
2009/1/27,2519,1489,33,726600,542,30200,153,378400,2536,15100
2009/1/28,2520,3722,53,893800,184,74400,93,484100,869,37200
2009/1/29,2521,1931,42,886600,209,73800,106,480200,1000,36900
2009/1/30,2522,3164,44,828600,526,34500,108,431500,2559,17200
2009/2/2,2523,7159,32,1166600,505,48600,82,607600,2302,24300
2009/2/3,2524,4705,40,963400,337,40100,97,501700,1732,20000
2009/2/4,2525,8671,19,1469200,279,61200,56,765200,1642,30600
2009/2/5,2526,6356,28,1155800,214,96300,78,626000,898,48100
2009/2/6,2527,6808,24,1090300,200,90800,86,590500,1187,45400
2009/2/9,2528,0472,40,1126300,469,46900,72,586600,2410,23400
2009/2/10,2529,8322,25,1126900,212,93900,62,610400,1080,46900
2009/2/11,2530,7913,36,778200,548,32400,99,405300,2505,16200
2009/2/12,2531,0806,34,1044000,174,87000,96,565500,821,43500
2009/2/13,2532,3752,41,851700,622,35400,110,443500,2719,17700
2009/2/16,2533,4663,47,892200,295,74300,124,483200,1220,37100
2009/2/17,2534,0605,27,1231500,157,102600,75,667000,711,51300
2009/2/18,2535,6361,25,1194400,154,99500,72,646900,896,49700
2009/2/19,2536,4877,21,1267000,151,105500,75,686200,890,52700
2009/2/20,2537,8523,56,668800,647,27800,143,348300,2933,13900
2009/2/23,2538,6557,28,1317200,219,109700,64,713400,1024,54800
2009/2/24,2539,2920,30,1097200,168,91400,74,594300,888,45700
2009/2/25,2540,5279,40,630800,643,26200,174,328500,3034,13100
2009/2/26,2541,5689,45,775600,436,32300,148,403900,2173,16100
2009/2/27,2542,2280,38,939700,218,78300,98,509000,1167,39100
2009/3/2,2543,9085,29,1264200,437,52600,83,658400,2109,26300
2009/3/3,2544,9065,33,558400,826,23200,159,290800,4293,11600
2009/3/4,2545,7020,30,1114600,189,92800,67,603700,976,46400
2009/3/5,2546,8962,14,1237300,382,51500,75,644400,2181,25700
2009/3/6,2547,6459,37,1022300,331,42500,91,532400,1921,21200
2009/3/9,2548,4947,58,796400,262,66300,146,431300,1143,33100
2009/3/10,2549,3865,55,652300,620,27100,119,339700,2988,13500
2009/3/11,2550,6685,30,963600,199,80300,85,521900,1124,40100
2009/3/12,2551,9910,38,910200,179,75800,96,493000,1170,37900
2009/3/13,2552,0758,16,1471700,331,61300,57,766500,1748,30600
2009/3/16,2553,4101,35,876100,290,73000,109,474500,1582,36500
2009/3/17,2554,2515,43,814300,213,67800,99,441000,1085,33900
2009/3/18,2555,5429,33,933900,428,38900,93,486400,2021,19400
2009/3/19,2556,3561,43,857100,444,35700,94,446400,2258,17800
2009/3/20,2557,8451,31,732700,491,30500,126,381600,2355,15200
2009/3/23,2558,8887,19,1592400,61,398100,49,995200,246,199000
2009/3/24,2559,6941,21,1010400,386,42100,81,526200,2127,21000
2009/3/25,2560,4776,35,968200,180,80600,81,524400,949,40300
2009/3/26,2561,3709,25,1162000,325,48400,87,605200,1609,24200
2009/3/27,2562,3669,62,586200,285,48800,192,317500,1275,24400
2009/3/30,2563,2849,25,1193200,473,49700,89,621400,2029,24800
2009/3/31,2564,4997,24,1026900,184,85500,92,556200,963,42700
2009/4/1,2565,4307,40,859400,408,35800,105,447600,2070,17900
2009/4/2,2566,0818,85,516200,200,43000,210,279600,1128,21500
2009/4/3,2567,9008,44,751600,293,62600,105,407100,1468,31300
2009/4/6,2568,8957,23,938600,624,39100,106,488800,2903,19500
2009/4/7,2569,9433,17,1230600,209,102500,58,666500,921,51200
2009/4/8,2570,9607,17,1330900,273,55400,66,693100,1609,27700
2009/4/9,2571,6667,26,1189200,59,297300,66,743200,231,148600
2009/4/10,2572,8190,46,690400,576,28700,129,359500,3105,14300
2009/4/13,2573,2876,38,1134300,370,47200,81,590700,1883,23600
2009/4/14,2574,9253,25,909900,337,37900,106,473900,1907,18900
2009/4/15,2575,4878,24,1023000,189,85200,103,554100,926,42600
2009/4/16,2576,9797,23,1286100,70,214300,76,750200,363,107100
2009/4/17,2577,9325,19,1367400,365,56900,57,712100,1957,28400
2009/4/20,2578,1530,43,935800,590,38900,85,487300,2886,19400
2009/4/21,2579,2122,38,711200,88,177800,117,444500,383,88900
2009/4/22,2580,3835,35,891700,212,74300,94,483000,1084,37100
2009/4/23,2581,9241,43,935600,411,38900,65,487200,2467,19400
2009/4/24,2582,9387,35,749200,503,31200,149,390200,2892,15600
2009/4/27,2583,5947,32,916900,629,38200,121,477500,2646,19100
2009/4/28,2584,3922,40,899500,181,74900,105,487200,977,37400
2009/4/29,2585,6189,39,785400,415,32700,98,409000,2280,16300
2009/4/30,2586,4806,23,1095200,416,45600,83,570400,2180,22800
2009/5/1,2587,5183,32,856100,604,35600,105,445800,2904,17800
2009/5/4,2588,3064,19,1406200,322,58500,73,732300,1381,29200
2009/5/5,2589,8287,19,1129200,102,94100,76,611600,752,47000
2009/5/6,2590,6795,25,1006200,390,41900,61,524000,2057,20900
2009/5/7,2591,5042,13,1327000,346,55200,59,691100,1873,27600
2009/5/8,2592,5456,50,841100,211,70000,117,455500,933,35000
2009/5/11,2593,2998,36,1051000,199,87500,102,569200,1026,43700
2009/5/12,2594,7056,24,1225100,291,51000,70,638000,1527,25500
2009/5/13,2595,9116,36,978800,186,81500,71,530100,1037,40700
2009/5/14,2596,5066,18,1222800,157,101900,78,662300,860,50900
2009/5/15,2597,7790,24,1278100,161,106500,68,692300,870,53200
2009/5/18,2598,8696,36,909700,315,75800,87,492700,1395,37900
2009/5/19,2599,4303,16,1225000,135,102000,77,663500,819,51000
2009/5/20,2600,6381,32,880000,552,36600,77,458300,2495,18300
2009/5/21,2601,8294,20,1091900,418,45400,79,568600,1926,22700
2009/5/22,2602,3595,20,1257500,170,104700,70,681100,864,52300
2009/5/25,2603,1865,31,1045900,572,43500,87,544700,2299,21700
2009/5/26,2604,6619,37,772300,237,64300,123,418300,1040,32100
2009/5/27,2605,1847,27,945500,436,39300,84,492400,2353,19600
2009/5/28,2606,1388,38,808500,221,67300,110,437900,1088,33600
2009/5/29,2607,7466,37,1062300,156,88500,77,575400,937,44200
2009/6/1,2608,5082,29,1024900,546,42700,94,533800,2441,21300
2009/6/2,2609,6765,20,1122900,167,93500,79,608200,860,46700
2009/6/3,2610,3153,44,892900,193,74400,83,483600,940,37200
2009/6/4,2611,3854,57,735500,416,30600,121,383000,1979,15300
2009/6/5,2612,8013,37,910500,404,37900,92,474200,2319,18900
2009/6/8,2613,8503,29,973900,599,40500,80,507200,2687,20200
2009/6/9,2614,4669,54,520500,298,43300,186,281900,1427,21600
2009/6/10,2615,9329,20,1129200,150,94100,76,611600,888,47000
2009/6/11,2616,3697,34,832500,507,34600,100,433500,2415,17300
2009/6/12,2617,4450,25,1085800,196,90400,86,588100,888,45200
2009/6/15,2618,5170,27,1112500,512,46300,87,579400,2212,23100
2009/6/16,2619,8910,34,732900,451,30500,133,381700,2546,15200
2009/6/17,2620,6785,38,799800,558,33300,96,416500,2560,16600
2009/6/18,2621,2936,45,785600,491,32700,104,409100,2429,16300
2009/6/19,2622,1370,25,1096100,442,45600,65,570800,2480,22800
2009/6/22,2623,0622,223,248400,424,20700,555,134500,1299,10300
2009/6/23,2624,1961,52,606200,276,50500,170,328300,967,25200
2009/6/24,2625,1999,33,845500,80,211300,101,528400,261,105600
2009/6/25,2626,7775,28,1324100,57,331000,57,827500,181,165500
2009/6/26,2627,0937,28,1473400,297,61300,45,767300,1568,30600
2009/6/29,2628,2509,29,839300,643,34900,136,437100,2845,17400
2009/6/30,2629,5376,32,952900,402,39700,92,496300,1986,19800
2009/7/1,2630,7596,24,937700,505,39000,85,488300,2510,19500
2009/7/2,2631,6615,25,1148900,160,95700,88,622300,815,47800
2009/7/3,2632,4681,29,858300,477,35700,125,447000,2572,17800
2009/7/6,2633,0325,86,614100,514,25500,193,319800,2222,12700
2009/7/7,2634,5441,42,980000,160,81600,68,530800,940,40800
2009/7/8,2635,8328,23,676000,326,56300,129,366100,1619,28100
2009/7/9,2636,8885,45,735000,84,183700,123,459300,274,91800
2009/7/10,2637,0448,22,1151800,152,95900,86,623800,905,47900
2009/7/13,2638,0564,24,1279900,423,53300,62,666600,2057,26600
2009/7/14,2639,7609,21,1108500,367,46100,63,577300,2011,23000
2009/7/15,2640,0644,17,1156000,167,96300,73,626100,932,48100
2009/7/16,2641,6970,24,1100200,357,45800,76,573000,1938,22900
2009/7/17,2642,6094,29,687600,714,28600,139,358100,3337,14300
2009/7/20,2643,9386,32,897500,548,37300,80,467400,2509,18600
2009/7/21,2644,4494,16,1329400,70,332300,47,830800,195,166100
2009/7/22,2645,1267,26,1095500,288,45600,83,570500,1566,22800
2009/7/23,2646,5106,22,978400,401,40700,94,509500,2010,20300
2009/7/24,2647,8834,27,834200,251,69500,116,451800,1223,34700
2009/7/27,2648,9256,32,834700,573,34700,134,434700,2473,17300
2009/7/28,2649,2989,43,831100,175,69200,107,450100,784,34600
2009/7/29,2650,0581,19,995700,501,41400,67,518500,2406,20700
2009/7/30,2651,2375,39,859300,470,35800,83,447500,2276,17900
2009/7/31,2652,3159,59,691900,476,28800,136,360300,2266,14400
2009/8/3,2653,2303,27,1164000,168,97000,88,630500,899,48500
2009/8/4,2654,3122,31,704600,227,58700,134,381600,1181,29300
2009/8/5,2655,0389,24,1045000,340,43500,85,544200,1721,21700
2009/8/6,2656,4532,31,1047600,430,43600,59,545600,1955,21800
2009/8/7,2657,2337,23,1072300,139,89300,93,580800,846,44600
2009/8/10,2658,2847,36,937000,526,39000,85,488000,2195,19500
2009/8/11,2659,7047,26,1024900,149,85400,79,555100,810,42700
2009/8/12,2660,8651,20,955800,397,39800,88,497800,1927,19900
2009/8/13,2661,9636,34,789300,259,65700,74,427500,1274,32800
2009/8/14,2662,7420,17,1122600,418,46700,76,584600,1945,23300
2009/8/17,2663,5513,38,915800,197,76300,110,496000,1126,38100
2009/8/18,2664,5602,20,1091000,349,45400,74,568200,1884,22700
2009/8/19,2665,8417,28,848400,536,35300,87,441800,2415,17600
2009/8/20,2666,0328,70,536300,451,22300,201,279300,2251,11100
2009/8/21,2667,7940,14,1075900,420,44800,90,560300,2195,22400
2009/8/24,2668,8729,53,898500,398,37400,99,467900,2128,18700
2009/8/25,2669,8912,28,875700,442,36400,103,456000,2175,18200
2009/8/26,2670,2693,28,993500,461,41300,72,517400,2240,20600
2009/8/27,2671,8367,29,869900,538,36200,96,453000,2504,18100
2009/8/28,2672,5564,17,1076100,186,89600,107,582800,950,44800
2009/8/31,2673,9892,20,924600,353,77000,69,500800,1697,38500
2009/9/1,2674,6522,28,1159300,164,96600,55,627900,916,48300
2009/9/2,2675,5580,35,1060000,127,88300,85,574100,726,44100
2009/9/3,2676,2781,31,1001700,382,41700,78,521700,2113,20800
2009/9/4,2677,6203,21,1255400,425,52300,55,653800,2044,26100
2009/9/7,2678,0979,31,1170200,197,97500,84,633800,890,48700
2009/9/8,2679,2099,18,1096600,171,91300,79,593900,913,45600
2009/9/9,2680,4746,16,1069200,152,89100,87,579100,1029,44500
2009/9/10,2681,3599,22,1294300,144,107800,73,701000,670,53900
2009/9/11,2682,9808,37,967600,206,80600,86,524100,1020,40300
2009/9/14,2683,2552,47,882600,155,147100,80,514800,595,73500
2009/9/15,2684,6784,13,1266000,333,52700,60,659300,1875,26300
2009/9/16,2685,9998,40,672100,103,168000,122,420000,363,84000
2009/9/17,2686,0861,16,1340300,400,55800,39,698000,2161,27900
2009/9/18,2687,4341,45,1079000,152,89900,56,584400,925,44900
2009/9/21,2688,8943,31,932500,470,38800,85,485600,2209,19400
2009/9/22,2689,0245,12,1311400,328,54600,44,683000,1669,27300
2009/9/23,2690,1329,32,914300,315,38000,71,476100,1908,19000
2009/9/24,2691,6953,35,777600,557,32400,89,405000,2793,16200
2009/9/25,2692,3932,26,851300,246,70900,125,461100,1183,35400
2009/9/28,2693,4652,79,623000,656,25900,167,324400,2522,12900
2009/9/29,2694,3768,40,778100,520,32400,101,405200,2109,16200
2009/9/30,2695,2786,26,1140600,360,47500,60,594000,1813,23700
2009/10/1,2696,3941,42,833700,421,34700,111,434200,2150,17300
2009/10/2,2697,4908,26,1045700,352,43500,81,544600,2029,21700
2009/10/5,2698,4422,42,1236300,87,206000,65,721100,336,103000
2009/10/6,2699,6425,59,753300,479,31300,75,392300,2099,15600
2009/10/7,2700,6643,39,784200,200,65300,105,424700,956,32600
2009/10/8,2701,1640,18,1219500,318,50800,62,635100,1752,25400
2009/10/9,2702,6182,37,986700,426,41100,74,513900,2095,20500
2009/10/12,2703,9002,26,1049700,232,87400,75,568500,1043,43700
2009/10/13,2704,0738,16,1066500,396,44400,71,555400,1891,22200
2009/10/14,2705,9080,43,691400,189,57600,142,374500,962,28800
2009/10/15,2706,8361,24,1003800,540,41800,70,522800,2456,20900
2009/10/16,2707,0621,63,618800,572,25700,157,322200,2804,12800
2009/10/19,2708,3355,75,695900,157,115900,134,405900,456,57900
2009/10/20,2709,4189,24,810600,420,33700,135,422100,2052,16800
2009/10/21,2710,0830,64,636200,167,53000,158,344600,843,26500
2009/10/22,2711,1408,22,905100,461,37700,106,471400,2193,18800
2009/10/23,2712,1832,27,937000,480,39000,89,488000,2560,19500
2009/10/26,2713,9157,23,1183000,439,49200,77,616100,2082,24600
2009/10/27,2714,0621,43,677600,552,28200,130,352900,2561,14100
2009/10/28,2715,7752,29,885800,209,73800,101,479800,1101,36900
2009/10/29,2716,7302,24,1135200,357,47300,67,591200,2043,23600
2009/10/30,2717,2104,37,731000,580,30400,128,380700,3009,15200
2009/11/2,2718,4865,23,1028700,546,42800,99,535700,2390,21400
2009/11/3,2719,4076,37,925700,292,38500,83,482100,1494,19200
2009/11/4,2720,3532,28,1104200,158,92000,69,598100,865,46000
2009/11/5,2721,8435,22,1095400,498,45600,58,570500,2245,22800
2009/11/6,2722,0134,19,1020700,469,42500,87,531600,2449,21200
2009/11/9,2723,0178,56,801700,525,33400,121,417500,2453,16700
2009/11/10,2724,0783,34,934900,375,38900,80,486900,1999,19400
2009/11/11,2725,0832,69,646000,411,26900,116,336400,2062,13400
2009/11/12,2726,4520,24,1035000,497,43100,72,539000,2184,21500
2009/11/13,2727,2784,54,686600,475,28600,148,357600,2263,14300
2009/11/16,2728,1264,22,980900,658,40800,92,510800,2715,20400
2009/11/17,2729,9093,9,1526500,106,127200,59,826800,649,63600
2009/11/18,2730,3508,37,811700,454,33800,104,422700,2123,16900
2009/11/19,2731,7982,18,1246500,299,51900,64,649200,1774,25900
2009/11/20,2732,2319,64,618800,422,25700,175,322200,2082,12800
2009/11/23,2733,9424,27,1183400,165,98600,69,641000,807,49300
2009/11/24,2734,9098,28,914300,161,76100,91,495200,950,38000
2009/11/25,2735,3690,38,775700,472,32300,114,404000,2243,16100
2009/11/26,2736,3111,16,1145000,90,286200,45,715600,385,143100
2009/11/27,2737,8732,36,781400,545,32500,104,406900,2890,16200
2009/11/30,2738,9413,41,957100,768,39800,92,498400,2745,19900
2009/12/1,2739,4225,36,1020800,205,85000,84,552900,861,42500
2009/12/2,2740,4851,45,835500,493,34800,95,435100,2366,17400
2009/12/3,2741,3148,39,699000,561,29100,137,364000,2677,14500
2009/12/4,2742,0053,17,1398400,224,116500,57,757400,902,58200
2009/12/7,2743,4108,52,737700,783,30700,145,384200,2845,15300
2009/12/8,2744,3232,28,1074400,125,179000,74,626700,370,89500
2009/12/9,2745,0439,26,1154500,369,48100,70,601300,1750,24000
2009/12/10,2746,9532,30,1004600,575,41800,60,523200,2615,20900
2009/12/11,2747,4407,36,990900,156,82500,99,536700,940,41200
2009/12/14,2748,4297,29,883300,797,36800,108,460000,3225,18400
2009/12/15,2749,1276,24,1140800,472,47500,69,594100,2112,23700
2009/12/16,2750,3791,36,908800,556,37800,86,473300,2520,18900
2009/12/17,2751,7001,20,1082200,225,90100,71,586100,1335,45000
2009/12/18,2752,1883,26,1223600,182,101900,63,662700,1050,50900
2009/12/21,2753,0233,20,1472300,248,122600,45,797400,1161,61300
2009/12/22,2754,5833,53,862000,177,71800,108,466900,881,35900
2009/12/23,2755,8366,35,826900,271,68900,87,447900,1152,34400
2009/12/24,2756,6913,28,810500,639,33700,114,422100,3210,16800
2009/12/25,2757,0965,38,618300,830,25700,190,322000,3912,12800
2009/12/28,2758,1262,37,883300,537,73600,69,478400,1899,36800
2009/12/29,2759,0306,57,824500,198,68700,110,446600,914,34300
2009/12/30,2760,5004,15,1454400,164,121200,66,787800,812,60600
2010/1/4,2761,7956,17,1219600,352,50800,86,635200,2004,25400
2010/1/5,2762,1453,42,787800,563,32800,98,410300,2809,16400
2010/1/6,2763,8855,25,1057200,85,176200,93,616700,362,88100
2010/1/7,2764,9312,24,1057800,452,44000,79,550900,2117,22000
2010/1/8,2765,4793,30,923400,512,38400,112,480900,2332,19200
2010/1/11,2766,1616,58,897300,122,149500,114,523400,380,74700
2010/1/12,2767,3172,45,864100,449,36000,73,450000,2402,18000
2010/1/13,2768,3403,21,1193300,191,99400,66,646300,872,49700
2010/1/14,2769,8115,30,1109800,179,92400,72,601100,896,46200
2010/1/15,2770,5734,29,913400,494,38000,116,475700,2184,19000
2010/1/18,2771,3647,51,782300,628,32500,142,407400,2811,16200
2010/1/19,2772,0451,22,1294700,350,53900,40,674300,2189,26900
2010/1/20,2773,6856,29,1372400,164,114300,42,743300,831,57100
2010/1/21,2774,3679,37,737600,459,30700,155,384100,2435,15300
2010/1/22,2775,8303,27,1142100,166,95100,86,618600,957,47500
2010/1/25,2776,5686,44,988300,283,82300,102,535300,1152,41100
2010/1/26,2777,2360,31,1109100,464,46200,62,577600,2079,23100
2010/1/27,2778,0639,38,770100,559,32000,126,401000,2638,16000
2010/1/28,2779,9954,17,1235900,183,102900,82,669400,930,51400
2010/1/29,2780,7335,29,1184100,205,98600,69,641300,1095,49300
2010/2/1,2781,3086,47,834900,697,34700,125,434800,2763,17300
2010/2/2,2782,9005,26,1206500,149,100500,75,653500,812,50200
2010/2/3,2783,9759,14,1319500,147,109900,81,714700,805,54900
2010/2/4,2784,0492,15,1372700,430,57100,50,714900,2074,28500
2010/2/5,2785,4410,82,620500,204,51700,159,336100,1188,25800
2010/2/8,2786,8441,54,992600,215,82700,79,537600,1149,41300
2010/2/9,2787,9874,14,1113800,400,46400,92,580100,2029,23200
2010/2/10,2788,4583,49,841800,481,35000,92,438400,2181,17500
2010/2/11,2789,4142,26,1086100,148,90500,83,588300,780,45200
2010/2/12,2790,8699,35,943500,238,78600,92,511000,1116,39300
2010/2/15,2791,2548,53,890800,631,37100,109,463900,2328,18500
2010/2/16,2792,2764,46,720800,670,30000,109,375400,2681,15000
2010/2/17,2793,8842,29,1019600,308,84900,61,552200,1079,42400
2010/2/18,2794,8683,35,1041100,195,86700,81,563900,947,43300
2010/2/19,2795,5904,34,966200,455,40200,89,503200,2462,20100
2010/2/22,2796,7899,48,943200,259,78600,114,510900,1110,39300
2010/2/23,2797,9408,33,821100,566,34200,88,427600,2897,17100
2010/2/24,2798,1573,28,843100,666,35100,100,439100,2568,17500
2010/2/25,2799,3971,29,970600,520,40400,84,505500,2525,20200
2010/2/26,2800,6338,52,677700,370,56400,114,367000,1657,28200
2010/3/1,2801,2120,30,856300,429,71300,87,463800,1924,35600
2010/3/2,2802,6142,21,967600,662,40300,72,503900,2545,20100
2010/3/3,2803,5205,19,1184400,159,98700,79,641500,972,49300
2010/3/4,2804,1836,33,664700,781,27600,131,346100,3380,13800
2010/3/5,2805,4316,42,712400,698,29600,135,371000,2995,14800
2010/3/8,2806,6221,32,884500,377,73700,96,479100,1559,36800
2010/3/9,2807,5083,26,842600,503,35100,102,438800,2223,17500
2010/3/10,2808,6538,22,712100,724,29600,117,370800,3300,14800
2010/3/11,2809,3159,41,669100,488,27800,180,348400,2412,13900
2010/3/12,2810,7250,51,760600,414,31600,134,396100,2295,15800
2010/3/15,2811,6436,25,1090400,294,90800,89,590600,1137,45400
2010/3/16,2812,2732,34,1081600,154,90100,76,585800,777,45000
2010/3/17,2813,2926,38,1102100,119,91800,78,596900,701,45900
2010/3/18,2814,0612,92,480900,641,20000,187,250400,3029,10000
2010/3/19,2815,7944,29,1012900,253,84400,78,548600,1082,42200
2010/3/22,2816,0633,29,1149900,207,95800,72,622800,850,47900
2010/3/23,2817,1338,34,932600,162,77700,85,505100,920,38800
2010/3/24,2818,1723,53,647400,499,26900,129,337100,2244,13400
2010/3/25,2819,3360,36,975700,193,81300,88,528500,832,40600
2010/3/26,2820,4705,21,1162400,437,48400,80,605400,1926,24200
2010/3/29,2821,2951,152,378800,558,15700,352,197200,2510,7800
2010/3/30,2822,7453,29,980900,470,40800,75,510800,2001,20400
2010/3/31,2823,2298,35,1023500,199,85200,72,554300,966,42600
2010/4/1,2824,6911,24,1025600,187,85400,94,555500,967,42700
2010/4/2,2825,9597,22,1322800,145,110200,73,716500,748,55100
2010/4/5,2826,0144,34,1008200,297,84000,75,546100,1307,42000
2010/4/6,2827,6232,19,1190100,193,99100,58,644600,1030,49500
2010/4/7,2828,7806,18,1445600,230,60200,63,752900,1328,30100
2010/4/8,2829,7900,18,1276700,172,106300,63,691500,922,53100
2010/4/9,2830,1926,34,842300,530,35000,110,438600,2455,17500
2010/4/12,2831,8657,41,959400,559,39900,83,499600,2300,19900
2010/4/13,2832,6817,22,1358300,252,56500,59,707400,1461,28200
2010/4/14,2833,9941,13,1166900,183,97200,70,632000,1066,48600
2010/4/15,2834,2539,46,785400,525,32700,112,409000,2522,16300
2010/4/16,2835,4551,36,1015900,176,84600,88,550200,975,42300
2010/4/19,2836,2402,39,1013600,279,84400,82,549000,1224,42200
2010/4/20,2837,9170,25,1105600,353,46000,68,575800,1987,23000
2010/4/21,2838,4838,26,836100,288,69600,102,452800,1276,34800
2010/4/22,2839,6889,31,904300,144,75300,112,489800,936,37600
2010/4/23,2840,0679,32,893300,500,37200,116,465200,2282,18600
2010/4/26,2841,5539,60,943600,210,78600,115,511100,793,39300
2010/4/27,2842,0046,13,1796100,127,149600,37,972800,662,74800
2010/4/28,2843,3450,34,995000,337,41400,96,518200,1741,20700
2010/4/29,2844,4079,28,870500,398,36200,110,453300,1965,18100
2010/4/30,2845,2254,41,1109200,211,92400,61,600800,949,46200
2010/5/3,2846,5148,41,712100,789,29600,111,370800,2982,14800
2010/5/4,2847,5522,41,737300,167,122800,59,430000,624,61400
2010/5/5,2848,6859,38,743900,323,30900,134,387400,1677,15400
2010/5/6,2849,7367,21,901800,206,75100,107,488400,1129,37500
2010/5/7,2850,4579,52,655000,524,27200,165,341100,2262,13600
2010/5/10,2851,2808,34,1158400,226,96500,75,627400,1023,48200
2010/5/11,2852,4795,20,1251300,357,52100,53,651700,1786,26000
2010/5/12,2853,1630,29,780300,451,32500,129,406400,2419,16200
2010/5/13,2854,6584,24,1013200,431,42200,84,527700,2046,21100
2010/5/14,2855,2831,48,898300,404,37400,91,467800,1952,18700
2010/5/17,2856,2367,47,746400,683,31100,144,388700,2625,15500
2010/5/18,2857,8490,21,1188500,361,49500,62,619000,1801,24700
2010/5/19,2858,6859,55,530900,449,22100,216,276500,2132,11000
2010/5/20,2859,5123,33,884300,446,36800,97,460500,2114,18400
2010/5/21,2860,5577,50,806000,86,134300,119,470100,419,67100
2010/5/24,2861,5234,34,898700,593,37400,96,468000,2430,18700
2010/5/25,2862,5992,17,1432300,171,119300,47,775800,762,59600
2010/5/26,2863,9800,34,833900,225,69400,103,451600,1076,34700
2010/5/27,2864,6405,21,1201400,354,50000,71,625700,1804,25000
2010/5/28,2865,9478,18,1237000,392,51500,58,644200,2225,25700
2010/5/31,2866,3305,34,1147100,207,95500,88,621300,860,47700
2010/6/1,2867,1270,30,1011200,411,42100,60,526600,2313,21000
2010/6/2,2868,4399,25,1003800,163,83600,102,543700,830,41800
2010/6/3,2869,8944,33,843000,219,70200,108,456600,1058,35100
2010/6/4,2870,8117,28,916600,257,76300,92,496400,1197,38100
2010/6/7,2871,3502,34,1036800,484,43200,76,540000,2306,21600
2010/6/8,2872,2888,13,1591600,42,397900,56,994700,145,198900
2010/6/9,2873,5468,26,942500,432,39200,79,490800,2107,19600
2010/6/10,2874,4256,65,673500,406,28000,129,350700,2018,14000
2010/6/11,2875,5532,37,658300,338,54800,139,356500,1474,27400
2010/6/14,2876,8890,42,1037700,167,86400,96,562000,712,43200
2010/6/15,2877,1105,81,521700,218,43400,186,282500,1025,21700
2010/6/16,2878,9249,20,1399500,155,116600,46,758000,774,58300
2010/6/17,2879,6219,38,931300,393,38800,86,485000,2050,19400
2010/6/18,2880,2360,21,1014100,469,42200,79,528100,2297,21100
2010/6/21,2881,8982,32,1067000,247,88900,84,577900,1063,44400
2010/6/22,2882,3636,58,736900,105,122800,106,429800,388,61400
2010/6/23,2883,6700,22,1098300,128,91500,89,594900,741,45700
2010/6/24,2884,9105,22,993300,436,41300,85,517300,2212,20600
2010/6/25,2885,9305,12,1509900,333,62900,54,786400,1742,31400
2010/6/28,2886,8864,57,638700,311,53200,198,345900,1120,26600
2010/6/29,2887,9367,29,991800,405,41300,73,516500,2048,20600
2010/6/30,2888,3725,61,616500,589,25600,138,321000,2580,12800
2010/7/1,2889,8421,42,893800,444,37200,72,465500,2358,18600
2010/7/2,2890,1963,78,530200,443,22000,209,276100,2468,11000
2010/7/5,2891,6989,61,609400,260,50700,206,330000,1194,25300
2010/7/6,2892,2815,35,870600,386,36200,101,453400,1850,18100
2010/7/7,2893,3886,33,948800,229,79000,70,513900,959,39500
2010/7/8,2894,8936,54,454500,783,18900,205,236700,4271,9400
2010/7/9,2895,2731,45,824400,410,34300,102,429300,2182,17100
2010/7/12,2896,2328,51,759600,250,63300,126,411400,1257,31600
2010/7/13,2897,8907,31,840400,306,35000,110,437700,2020,17500
2010/7/14,2898,3382,33,786400,233,65500,98,425900,1125,32700
2010/7/15,2899,0247,18,1204300,344,50100,65,627200,1914,25000
2010/7/16,2900,9841,43,750800,426,31200,125,391000,2307,15600
2010/7/19,2901,1429,44,807400,409,33600,95,420500,2248,16800
2010/7/20,2902,0863,14,1279300,345,53300,51,666300,1736,26600
2010/7/21,2903,1577,25,1048800,146,87400,70,568100,900,43700
2010/7/22,2904,5193,32,857600,465,35700,83,446600,2203,17800
2010/7/23,2905,1458,24,771600,476,32100,140,401800,2412,16000
2010/7/26,2906,9098,24,1166500,183,97200,68,631800,1076,48600
2010/7/27,2907,7879,34,745000,200,62000,119,403500,1010,31000
2010/7/28,2908,5722,32,924700,178,77000,76,500800,970,38500
2010/7/29,2909,5482,31,892600,440,37100,81,464800,2061,18500
2010/7/30,2910,9371,26,916900,548,38200,72,477500,2611,19100
2010/8/2,2911,3192,40,811900,617,33800,94,422800,2736,16900
2010/8/3,2912,3342,12,1317400,154,109700,54,713500,813,54800
2010/8/4,2913,1316,39,817300,155,68100,102,442700,895,34000
2010/8/5,2914,0590,11,1679400,153,139900,32,909600,740,69900
2010/8/6,2915,5077,22,1288500,120,107300,67,697900,680,53600
2010/8/9,2916,7936,36,934600,470,38900,86,486700,2154,19400
2010/8/10,2917,6203,15,1104000,342,46000,69,575000,1862,23000
2010/8/11,2918,1590,32,930100,362,38700,74,484400,1863,19300
2010/8/12,2919,5896,20,877300,412,36500,90,456900,2382,18200
2010/8/13,2920,4177,39,837600,181,69800,94,453700,1139,34900
2010/8/16,2921,4514,25,1085000,201,90400,95,587700,881,45200
2010/8/17,2922,3995,29,1018700,188,84800,75,551700,738,42400
2010/8/18,2923,7900,25,1231200,134,102600,50,666900,800,51300
2010/8/19,2924,3537,38,816800,199,68000,112,442400,890,34000
2010/8/20,2925,2392,24,1091500,212,90900,67,591200,1021,45400
2010/8/23,2926,0540,16,1727000,177,143900,33,935400,830,71900
2010/8/24,2927,6578,25,930200,471,38700,79,484400,2065,19300
2010/8/25,2928,4370,17,979400,493,40800,76,510100,2433,20400
2010/8/26,2929,7233,51,882600,168,73500,82,478000,900,36700
2010/8/27,2930,9407,46,792700,412,33000,118,412800,2052,16500
2010/8/30,2931,9851,20,1097600,534,45700,75,571600,2443,22800
2010/8/31,2932,7063,25,1275700,288,53100,45,664400,1701,26500
2010/9/1,2933,6703,20,1031800,379,42900,86,537300,1877,21400
2010/9/2,2934,3251,31,963100,420,40100,81,501600,2016,20000
2010/9/3,2935,8461,27,930500,478,38700,90,484600,2324,19300
2010/9/6,2936,6155,28,1097400,202,91400,83,594400,993,45700
2010/9/7,2937,4369,26,824700,408,34300,112,429500,2067,17100
2010/9/8,2938,2052,21,1122200,162,93500,56,607800,910,46700
2010/9/9,2939,9533,27,1086400,196,90500,56,588400,1014,45200
2010/9/10,2940,0669,33,903300,185,75200,102,489200,956,37600
2010/9/13,2941,8285,18,1232600,230,102700,59,667600,1079,51300
2010/9/14,2942,0056,22,938000,180,78100,97,508000,833,39000
2010/9/15,2943,4195,23,913600,436,38000,87,475800,2106,19000
2010/9/16,2944,8544,15,1248100,203,104000,60,676000,776,52000
2010/9/17,2945,2120,14,1009000,262,84000,63,546500,1401,42000
2010/9/20,2946,8055,38,946500,143,78800,96,512600,750,39400
2010/9/21,2947,9409,18,1178600,154,98200,64,638400,763,49100
2010/9/22,2948,0434,13,1643400,130,136900,35,890100,692,68400
2010/9/23,2949,3651,25,899500,363,37400,77,468400,1929,18700
2010/9/24,2950,5075,13,1309600,139,109100,77,709300,789,54500
2010/9/27,2951,2081,26,959600,564,39900,78,499700,2771,19900
2010/9/28,2952,5200,11,1135000,183,94500,63,614700,1004,47200
2010/9/29,2953,1619,37,736200,189,61300,128,398700,1023,30600
2010/9/30,2954,5641,23,1102400,384,45900,68,574100,1721,22900
2010/10/1,2955,1515,77,519000,182,86500,163,302700,591,43200
2010/10/4,2956,7486,27,1097700,354,45700,92,571700,1905,22800
2010/10/5,2957,2645,23,969700,431,40400,82,505000,1921,20200
2010/10/6,2958,2278,29,914200,172,76100,97,495100,876,38000
2010/10/7,2959,4295,27,1048900,391,43700,71,546300,1805,21800
2010/10/8,2960,2948,22,1095500,392,45600,77,570500,1890,22800
2010/10/11,2961,5940,22,1064500,389,44300,85,554400,1897,22100
2010/10/12,2962,3597,38,712700,403,29600,120,371100,1964,14800
2010/10/13,2963,8623,64,493400,628,20500,161,256900,3085,10200
2010/10/14,2964,0847,16,1335200,293,55600,56,695400,1566,27800
2010/10/15,2965,1986,49,674500,479,28100,148,351300,2598,14000
2010/10/18,2966,3088,64,753500,268,62700,117,408100,1120,31300
2010/10/19,2967,4782,23,923200,404,38400,92,480800,1975,19200
2010/10/20,2968,3027,30,955900,322,39800,87,497800,1745,19900
2010/10/21,2969,4211,41,810200,233,67500,77,438800,1191,33700
2010/10/22,2970,7691,21,1162200,303,48400,73,605300,1891,24200
2010/10/25,2971,7343,19,1340800,182,111700,63,726200,932,55800
2010/10/26,2972,6094,20,1235700,294,51400,58,643500,1630,25700
2010/10/27,2973,7770,19,1340200,44,335000,55,837600,209,167500
2010/10/28,2974,9928,17,1088700,171,90700,78,589700,876,45300
2010/10/29,2975,5361,23,1014000,490,42200,74,528100,2339,21100
2010/11/1,2976,4955,29,1074900,181,89500,97,582200,907,44700
2010/11/2,2977,0300,18,1631600,36,407900,34,1019700,209,203900
2010/11/3,2978,6856,22,884800,205,73700,90,479200,913,36800
2010/11/4,2979,1390,21,1126900,361,46900,54,586900,2201,23400
2010/11/5,2980,5402,32,916600,498,38100,76,477300,2432,19000
2010/11/8,2981,2618,65,708800,551,29500,129,369100,2381,14700
2010/11/9,2982,1248,28,862900,345,35900,100,449400,1910,17900
2010/11/10,2983,4192,92,435700,400,18100,246,226900,1952,9000
2010/11/11,2984,5120,45,743700,576,30900,82,387300,2716,15400
2010/11/12,2985,4135,26,966400,488,40200,84,503300,2069,20100
2010/11/15,2986,7222,38,1173400,63,293300,60,733300,236,146600
2010/11/16,2987,6872,15,1157100,353,48200,70,602600,1653,24100
2010/11/17,2988,9125,29,776600,448,32300,107,404400,2214,16100
2010/11/18,2989,7098,19,1066500,369,44400,78,555400,1886,22200
2010/11/19,2990,6119,40,731100,334,60900,117,396000,1048,30400
2010/11/22,2991,7718,35,910200,210,75800,119,493000,866,37900
2010/11/23,2992,6635,14,1304000,163,108600,49,706300,651,54300
2010/11/24,2993,0696,16,1392200,113,116000,57,754100,671,58000
2010/11/25,2994,9856,47,627500,520,26100,154,326800,2451,13000
2010/11/26,2995,7975,13,1251200,148,104200,79,677700,854,52100
2010/11/29,2996,9615,29,1026500,493,42700,77,534600,2449,21300
2010/11/30,2997,4144,31,757600,90,189400,105,473500,331,94700
2010/12/1,2998,0866,19,1349200,123,112400,61,730800,715,56200
2010/12/2,2999,1056,44,718600,355,29900,143,374200,1977,14900
2010/12/3,3000,7931,17,1110800,468,46200,62,578500,2280,23100
2010/12/6,3001,0035,29,1078600,249,89800,73,584200,1167,44900
2010/12/7,3002,8915,27,977200,333,40700,84,508900,1745,20300
2010/12/8,3003,5223,28,922300,183,76800,88,499500,956,38400
2010/12/9,3004,6044,22,1089700,139,90800,83,590200,814,45400
2010/12/10,3005,4376,45,738500,483,30700,124,384600,2416,15300
2010/12/13,3006,1440,40,851900,209,70900,116,461400,1105,35400
2010/12/14,3007,7323,19,1113800,179,92800,67,603300,906,46400
2010/12/15,3008,0854,19,1282800,371,53400,61,668100,1703,26700
2010/12/16,3009,5643,44,690300,681,28700,100,359500,3206,14300
2010/12/17,3010,8416,42,777900,525,32400,132,405100,2184,16200
2010/12/20,3011,0942,75,881400,530,36700,59,459000,2444,18300
2010/12/21,3012,6022,30,931900,161,77600,88,504700,1068,38800
2010/12/22,3013,2743,29,937900,419,39000,90,488400,2112,19500
2010/12/23,3014,0112,50,501200,422,41700,133,271400,2133,20800
2010/12/24,3015,8651,19,966500,508,40200,113,503300,2271,20100
2010/12/27,3016,1402,25,971500,750,40400,62,505900,3328,20200
2010/12/28,3017,3713,31,889400,214,74100,102,481700,1023,37000
2010/12/29,3018,4575,35,987500,178,82200,81,534800,903,41100
2010/12/30,3019,8265,16,1146200,444,47700,62,596900,2344,23800
2011/1/4,3020,0999,31,853700,93,213400,95,533500,341,106700
2011/1/5,3021,2361,47,762500,459,31700,80,397100,2291,15800
2011/1/6,3022,0652,9,1498300,390,62400,38,780300,1788,31200
2011/1/7,3023,8779,14,1234000,226,102800,63,668400,925,51400
2011/1/10,3024,3874,40,790600,591,32900,123,411700,2574,16400
2011/1/11,3025,9902,21,1199800,150,99900,71,649800,789,49900
2011/1/12,3026,3414,35,994100,149,82800,77,538400,820,41400
2011/1/13,3027,5716,19,1026900,337,42700,100,534800,1742,21300
2011/1/14,3028,3132,30,1063000,168,88500,71,575700,987,44200
2011/1/17,3029,5485,15,1335800,195,111300,70,723500,929,55600
2011/1/18,3030,9165,23,1163200,382,48400,50,605800,1872,24200
2011/1/19,3031,3380,38,1020900,167,85000,68,552900,737,42500
2011/1/20,3032,9941,18,1107000,170,92200,78,599600,936,46100
2011/1/21,3033,0632,31,917000,520,38200,79,477600,2473,19100
2011/1/24,3034,2044,37,985500,237,82100,102,533800,928,41000
2011/1/25,3035,9238,29,944800,420,39300,73,492000,2243,19600
2011/1/26,3036,7316,22,862500,454,35900,115,449200,2081,17900
2011/1/27,3037,7389,14,1276900,398,53200,56,665000,1965,26600
2011/1/28,3038,1111,436,307100,0,0,0,0,0,0
2011/1/31,3039,7816,21,1330300,392,55400,69,692800,1730,27700
2011/2/1,3040,3043,17,1094700,209,91200,68,592900,1004,45600
2011/2/2,3041,5138,55,670200,537,27900,115,349000,2461,13900
2011/2/3,3042,2632,45,797600,238,66400,87,432000,1235,33200
2011/2/4,3043,7098,17,1111800,401,46300,81,579000,2132,23100
2011/2/7,3044,7719,64,688200,244,57300,163,372700,1149,28600
2011/2/8,3045,6841,29,971400,477,40400,65,505900,2042,20200
2011/2/9,3046,2109,29,801600,489,33400,87,417500,2769,16700
2011/2/10,3047,5777,17,1685300,59,421300,44,1053300,131,210600
2011/2/11,3048,8941,29,825800,406,34400,86,430100,2162,17200
2011/2/14,3049,3718,67,587600,599,24400,178,306000,2675,12200
2011/2/15,3050,7532,38,743600,611,30900,98,387200,2778,15400
2011/2/16,3051,8555,44,810600,79,202600,102,506600,262,101300
2011/2/17,3052,6133,27,1042600,183,86800,83,564700,915,43400
2011/2/18,3053,8077,32,1051500,174,87600,101,569500,665,43800
2011/2/21,3054,8751,36,893300,638,37200,109,465200,2583,18600
2011/2/22,3055,7371,12,1116800,219,93000,72,604900,1074,46500
2011/2/23,3056,4123,48,628200,582,26100,146,327100,2591,13000
2011/2/24,3057,9171,17,1152500,175,96000,73,624200,967,48000
2011/2/25,3058,6824,33,800900,628,33300,111,417100,2801,16600
2011/2/28,3059,6530,34,1068600,470,44500,86,556500,2114,22200
2011/3/1,3060,3044,28,929000,166,77400,108,503200,808,38700
2011/3/2,3061,8064,24,1172700,316,48800,65,610700,1734,24400
2011/3/3,3062,3324,49,740400,257,61700,115,401000,1037,30800
2011/3/4,3063,8533,39,962500,186,80200,82,521300,947,40100
2011/3/7,3064,4769,44,778100,531,32400,126,405200,2690,16200
2011/3/8,3065,3986,18,875300,494,36400,100,455800,2400,18200
2011/3/9,3066,7218,37,792300,368,33000,115,412600,2010,16500
2011/3/10,3067,4518,42,703100,499,29200,127,366100,2503,14600
2011/3/11,3068,6406,26,1102900,148,91900,52,597400,787,45900
2011/3/14,3069,7189,30,810600,361,33700,103,422100,1886,16800
2011/3/15,3070,3768,27,684400,426,28500,116,356400,2044,14200
2011/3/16,3071,9903,15,1037200,139,86400,84,561800,606,43200
2011/3/17,3072,3990,21,949800,188,79100,63,514400,897,39500
2011/3/18,3073,1350,21,899900,384,37400,76,468600,2287,18700
2011/3/21,3074,8301,27,934200,413,38900,67,486500,2074,19400
2011/3/22,3075,7424,33,896100,162,74600,73,485300,767,37300
2011/3/23,3076,2848,25,949700,168,79100,79,514400,804,39500
2011/3/24,3077,4380,20,1112400,370,46300,60,579300,1739,23100
2011/3/25,3078,7680,19,1281200,283,53300,70,667200,1417,26600
2011/3/28,3079,2663,37,1039300,228,86600,65,562900,1098,43300
2011/3/29,3080,5616,27,1157300,128,96400,61,626800,697,48200
2011/3/30,3081,2072,28,901500,147,75100,90,488300,997,37500
2011/3/31,3082,3778,32,989700,127,82400,89,536000,739,41200
2011/4/1,3083,5558,26,1024800,60,256200,90,640500,215,128100
2011/4/4,3084,2391,34,866300,521,36000,98,451100,2403,18000
2011/4/5,3085,3332,38,847300,69,211800,83,529500,212,105900
2011/4/6,3086,8975,14,1087200,430,45300,59,566200,2059,22600
2011/4/7,3087,2413,35,857100,550,35700,65,446400,2217,17800
2011/4/8,3088,1055,28,909600,164,75800,100,492700,888,37900
2011/4/11,3089,7546,28,920600,626,38300,84,479400,2252,19100
2011/4/12,3090,2643,29,917000,396,38200,67,477600,1890,19100
2011/4/13,3091,2908,24,811400,404,33800,110,422600,2042,16900
2011/4/14,3092,7620,15,1245500,345,51800,50,648600,1816,25900
2011/4/15,3093,5284,25,1036600,410,43100,83,539800,1943,21500
2011/4/18,3094,4068,44,932100,493,38800,93,485400,1893,19400
2011/4/19,3095,0605,25,976500,180,81300,85,528900,705,40600
2011/4/20,3096,0364,15,1288000,302,53600,61,670800,1570,26800
2011/4/21,3097,6900,32,843700,269,70300,88,457000,1010,35100
2011/4/22,3098,6280,24,935600,422,38900,91,487200,2113,19400
2011/4/25,3099,4945,18,1453300,161,121100,60,787200,776,60500
2011/4/26,3100,1620,26,857400,463,35700,79,446500,2415,17800
2011/4/27,3101,5491,20,1025400,395,42700,72,534000,2031,21300
2011/4/28,3102,9607,14,1230600,325,51200,73,640900,1748,25600
2011/4/29,3103,4199,24,878700,217,73200,84,475900,1083,36600
2011/5/2,3104,0720,67,728700,173,60700,145,394700,761,30300
2011/5/3,3105,0801,36,813100,152,67700,71,440400,833,33800
2011/5/4,3106,4012,28,750700,481,31200,85,390900,2153,15600
2011/5/5,3107,0912,58,485100,496,20200,167,252600,2548,10100
2011/5/6,3108,1768,15,1467500,307,61100,41,764300,1560,30500
2011/5/9,3109,1567,38,936300,435,39000,99,487600,1720,19500
2011/5/10,3110,2991,47,825900,176,68800,75,447300,729,34400
2011/5/11,3111,7725,29,939100,151,78200,79,508600,742,39100
2011/5/12,3112,9345,18,939600,408,39100,90,489300,1909,19500
2011/5/13,3113,8446,30,1218300,149,101500,45,659900,800,50700
2011/5/16,3114,8653,35,771000,584,32100,115,401500,2577,16000
2011/5/17,3115,6353,15,1187200,155,98900,42,643000,956,49400
2011/5/18,3116,4392,33,974900,314,40600,65,507700,1708,20300
2011/5/19,3117,8032,25,1071100,361,44600,56,557800,1837,22300
2011/5/20,3118,7289,19,904400,382,37600,116,471000,1836,18800
2011/5/23,3119,3107,44,742800,506,30900,114,386800,2269,15400
2011/5/24,3120,7497,11,1074000,164,89500,74,581700,838,44700
2011/5/25,3121,4970,80,465700,484,19400,203,242500,2058,9700
2011/5/26,3122,0580,14,1167000,190,97200,58,632100,917,48600
2011/5/27,3123,3311,29,1021900,106,170300,64,596100,415,85100
2011/5/30,3124,8029,34,927600,384,38600,90,483100,1963,19300
2011/5/31,3125,9937,17,1299200,139,108200,55,703700,645,54100
2011/6/1,3126,6533,33,1035000,196,86200,54,560600,757,43100
2011/6/2,3127,7713,37,822500,193,68500,88,445500,925,34200
2011/6/3,3128,8964,26,896600,431,37300,96,466900,2122,18600
2011/6/6,3129,9497,27,1013500,231,84400,77,548900,1006,42200
2011/6/7,3130,2708,28,841200,366,35000,97,438100,1668,17500
2011/6/8,3131,5193,16,967800,470,40300,67,504000,2185,20100
2011/6/9,3132,6408,15,810500,550,33700,106,422100,2226,16800
2011/6/10,3133,0085,12,1207000,204,100500,61,653700,895,50200
2011/6/13,3134,0496,25,1203900,425,50100,49,627000,1877,25000
2011/6/14,3135,6853,42,695200,478,28900,94,362000,2130,14400
2011/6/15,3136,6925,27,1021900,417,42500,68,532200,1867,21200
2011/6/16,3137,8709,19,807800,468,33600,104,420700,2653,16800
2011/6/17,3138,2169,45,838300,435,34900,85,436600,2049,17400
2011/6/20,3139,6935,34,748300,837,31100,96,389700,3165,15500
2011/6/21,3140,2732,21,1028600,186,85700,64,557100,959,42800
2011/6/22,3141,3067,31,1034600,249,43100,78,538800,1392,21500
2011/6/23,3142,6096,20,921600,233,76800,77,499200,1078,38400
2011/6/24,3143,5040,29,936000,202,78000,91,507000,891,39000
2011/6/27,3144,6641,17,1243400,156,103600,84,673500,814,51800
2011/6/28,3145,7981,16,1140800,368,47500,60,594100,1681,23700
2011/6/29,3146,4068,34,666500,458,27700,143,347100,2108,13800
2011/6/30,3147,8662,20,1323700,144,110300,50,717000,744,55100
2011/7/1,3148,7513,40,646500,736,26900,111,336700,3031,13400
2011/7/4,3149,1117,121,393000,86,98200,263,245600,259,49100
2011/7/5,3150,7230,18,1032500,362,43000,66,537700,1848,21500
2011/7/6,3151,1182,20,850800,240,70900,73,460800,1299,35400
2011/7/7,3152,1173,53,544600,264,45300,165,294900,1197,22600
2011/7/8,3153,8515,18,1065900,189,88800,85,577300,869,44400
2011/7/11,3154,3332,33,1227400,52,306800,64,767100,163,153400
2011/7/12,3155,3180,39,793600,337,33000,86,413300,1841,16500
2011/7/13,3156,7879,33,801000,260,66700,82,433800,938,33300
2011/7/14,3157,6224,18,1162000,153,96800,61,629400,810,48400
2011/7/15,3158,6420,25,838600,479,34900,85,436700,2533,17400
2011/7/18,3159,2510,52,707600,456,29400,96,368500,2042,14700
2011/7/19,3160,9422,6,1633200,124,136100,31,884600,640,68000
2011/7/20,3161,3221,29,895500,185,74600,67,485000,963,37300
2011/7/21,3162,3270,34,891300,362,37100,78,464200,1842,18500
2011/7/22,3163,6491,63,540200,489,22500,172,281300,2254,11200
2011/7/25,3164,8965,22,891600,527,37100,98,464300,2459,18500
2011/7/26,3165,8651,35,709800,367,29500,127,369600,1757,14700
2011/7/27,3166,7815,26,949100,420,39500,80,494300,1635,19700
2011/7/28,3167,4874,17,985400,248,82100,76,533700,928,41000
2011/7/29,3168,7675,24,1103400,141,91900,74,597600,855,45900
2011/8/1,3169,1177,72,563700,184,93900,134,328800,652,46900
2011/8/2,3170,9437,32,929300,359,38700,65,484000,1683,19300
2011/8/3,3171,0945,21,1072200,419,44600,50,558400,1841,22300
2011/8/4,3172,9904,37,673800,200,56100,142,364900,909,28000
2011/8/5,3173,3388,83,432400,141,72000,218,252200,415,36000
2011/8/8,3174,8275,11,1199600,458,49900,64,624700,1966,24900
2011/8/9,3175,8499,38,731800,280,60900,54,396300,1194,30400
2011/8/10,3176,5889,13,1168300,139,97300,72,632800,687,48600
2011/8/11,3177,8479,26,693700,535,28900,110,361300,2526,14400
2011/8/12,3178,8516,19,1034600,381,43100,73,538800,1772,21500
2011/8/15,3179,7823,57,625200,565,26000,139,325600,2320,13000
2011/8/16,3180,5637,32,895200,467,37300,65,466200,1755,18600
2011/8/17,3181,2330,36,813200,169,67700,96,440400,912,33800
2011/8/18,3182,5425,14,1181300,163,98400,66,639800,814,49200
2011/8/19,3183,5489,33,636100,488,26500,168,331300,2193,13200
2011/8/22,3184,1556,20,1133100,194,94400,82,613700,884,47200
2011/8/23,3185,8710,34,838100,331,34900,90,436500,1639,17400
2011/8/24,3186,0571,27,1036800,316,43200,51,540000,1910,21600
2011/8/25,3187,8785,32,974100,187,81100,66,527600,922,40500
2011/8/26,3188,1661,20,1416700,88,236100,41,826400,329,118000
2011/8/29,3189,2695,24,1204300,425,50100,60,627200,1963,25000
2011/8/30,3190,8103,41,767200,436,31900,86,399500,2017,15900
2011/8/31,3191,0319,63,521700,594,21700,168,271700,2400,10800
2011/9/1,3192,6995,10,1298800,192,108200,63,703500,745,54100
2011/9/2,3193,5394,12,1040700,435,43300,80,542000,2081,21600
2011/9/5,3194,7314,27,805800,655,33500,107,419600,2667,16700
2011/9/6,3195,2817,31,830800,385,34600,88,432700,1967,17300
2011/9/7,3196,1586,27,752000,819,31300,69,391600,2790,15600
2011/9/8,3197,3397,23,1110700,164,92500,64,601600,844,46200
2011/9/9,3198,9286,22,1136300,415,47300,61,591800,1857,23600
2011/9/12,3199,8899,52,799000,107,133100,107,466000,460,66500
2011/9/13,3200,2439,21,1181400,262,49200,63,615300,1362,24600
2011/9/14,3201,8673,20,877000,444,36500,90,456700,2090,18200
2011/9/15,3202,8381,14,1230100,160,102500,60,666300,862,51200
2011/9/16,3203,0527,59,617200,413,25700,151,321400,1966,12800
2011/9/19,3204,1207,113,417500,460,17300,214,217400,2067,8600
2011/9/20,3205,8039,33,796300,286,33100,97,414700,1539,16500
2011/9/21,3206,4834,15,1377300,97,114700,36,746000,654,57300
2011/9/22,3207,4076,14,1225100,297,51000,78,638000,1303,25500
2011/9/23,3208,3754,22,792800,369,33000,117,412900,1887,16500
2011/9/26,3209,0198,23,871200,583,36300,86,453700,2907,18100
2011/9/27,3210,6041,37,966700,330,40200,54,503400,1602,20100
2011/9/28,3211,0796,20,1081100,362,45000,57,563000,1903,22500
2011/9/29,3212,5809,15,1296300,308,54000,64,675100,1373,27000
2011/9/30,3213,0181,11,1010000,269,84100,46,547000,1495,42000
2011/10/3,3214,2189,43,677800,656,28200,136,353000,2831,14100
2011/10/4,3215,3494,17,1311900,118,109300,54,710600,642,54600
2011/10/5,3216,0793,16,1362900,287,56700,40,709800,1464,28300
2011/10/6,3217,0089,31,600600,324,50000,142,325300,1389,25000
2011/10/7,3218,8430,20,1072100,448,44600,62,558300,2002,22300
2011/10/10,3219,9611,26,1004200,253,83600,54,543900,1062,41800
2011/10/11,3220,1809,31,577200,733,24000,85,300600,3499,12000
2011/10/12,3221,3792,34,823700,392,34300,81,429000,1981,17100
2011/10/13,3222,0731,54,586000,437,24400,136,305200,2320,12200
2011/10/14,3223,3861,24,792200,596,33000,94,412600,2814,16500
2011/10/17,3224,9858,26,1375400,164,114600,55,745000,758,57300
2011/10/18,3225,4442,17,1723300,37,430800,29,1077000,160,215400
2011/10/19,3226,4586,19,846200,540,35200,89,440700,2185,17600
2011/10/20,3227,2257,37,820900,183,68400,92,444600,1015,34200
2011/10/21,3228,5904,45,714500,354,29700,136,372100,1803,14800
2011/10/24,3229,9592,14,1475800,242,122900,42,799300,836,61400
2011/10/25,3230,1269,19,923000,422,38400,86,480700,1961,19200
2011/10/26,3231,8697,19,780100,610,32500,102,406300,2593,16200
2011/10/27,3232,6281,19,1030400,415,42900,74,536600,2060,21400
2011/10/28,3233,2141,27,889500,261,74100,78,481800,1231,37000
2011/10/31,3234,7217,29,1017400,241,84700,83,551000,1058,42300
2011/11/1,3235,6848,28,870800,217,72500,79,471600,984,36200
2011/11/2,3236,8316,39,653700,680,27200,118,340400,2501,13600
2011/11/3,3237,1873,35,778600,602,32400,63,405500,2337,16200
2011/11/4,3238,0721,95,469400,452,19500,212,244400,2099,9700
2011/11/7,3239,6926,20,1259300,178,104900,70,682100,861,52400
2011/11/8,3240,2312,39,844700,172,70300,78,457500,808,35100
2011/11/9,3241,2392,43,775000,163,64500,102,419700,843,32200
2011/11/10,3242,2613,27,749800,521,31200,105,390500,2515,15600
2011/11/11,3243,7935,20,987400,416,41100,78,514200,2066,20500
2011/11/14,3244,7276,21,1388200,146,115600,65,751900,685,57800
2011/11/15,3245,4292,25,1145300,125,95400,65,620300,623,47700
2011/11/16,3246,4934,34,855900,164,71300,95,463600,804,35600
2011/11/17,3247,2554,21,1172900,157,97700,63,635300,738,48800
2011/11/18,3248,7880,21,1391500,116,115900,53,753700,643,57900
2011/11/21,3249,5433,30,1064500,205,88700,70,576600,928,44300
2011/11/22,3250,8032,19,1000400,457,41600,62,521000,1825,20800
2011/11/23,3251,9951,29,817000,168,68000,97,442500,694,34000
2011/11/24,3252,0012,19,875100,224,72900,80,474000,1154,36400
2011/11/25,3253,0740,5,1843600,152,153600,39,998600,651,76800
2011/11/28,3254,7704,29,884100,276,73600,100,478800,1148,36800
2011/11/29,3255,8172,22,998300,387,41500,71,519900,1732,20700
2011/11/30,3256,3126,32,868300,382,36100,85,452200,2051,18000
2011/12/1,3257,3792,26,786500,473,32700,111,409600,2260,16300
2011/12/2,3258,2505,37,1038000,150,86500,59,562200,866,43200
2011/12/5,3259,6196,15,775200,469,64600,80,419900,1896,32300
2011/12/6,3260,4347,21,987000,174,82200,82,534600,716,41100
2011/12/7,3261,6447,30,1069400,162,89100,60,579200,775,44500
2011/12/8,3262,9298,11,1319300,158,109900,56,714600,760,54900
2011/12/9,3263,3974,29,800700,574,33300,103,417000,2351,16600
2011/12/12,3264,8475,31,938900,467,39100,103,489000,2142,19500
2011/12/13,3265,0704,54,782900,155,65200,91,424000,723,32600
2011/12/14,3266,1434,19,1242100,133,103500,60,672800,765,51700
2011/12/15,3267,6098,17,1185100,316,49300,75,617200,1900,24600
2011/12/16,3268,7188,30,978400,192,81500,92,529900,903,40700
2011/12/19,3269,7040,35,858900,289,71500,116,465200,1174,35700
2011/12/20,3270,8191,28,919400,240,76600,66,498000,1092,38300
2011/12/21,3271,3653,46,814300,219,67800,88,441000,1020,33900
2011/12/22,3272,1746,25,1055000,395,43900,77,549400,1953,21900
2011/12/23,3273,6377,16,1219600,169,101600,62,660600,831,50800
2011/12/26,3274,5394,21,1256000,408,52300,75,654100,1843,26100
2011/12/27,3275,4371,35,615700,748,25600,114,320600,3404,12800
2011/12/28,3276,7470,28,762200,335,63500,101,412800,1405,31700
2011/12/29,3277,1716,33,960000,194,80000,98,520000,850,40000
2011/12/30,3278,4134,30,917000,220,76400,99,496700,1066,38200
2012/1/4,3279,6545,20,1420300,152,118300,40,769300,725,59100
2012/1/5,3280,6156,32,712100,257,59300,141,385700,1067,29600
2012/1/6,3281,4050,18,1073700,206,89400,86,581500,955,44700
2012/1/9,3282,2258,42,784900,259,65400,137,425100,1127,32700
2012/1/10,3283,2610,36,768800,510,32000,95,400400,2567,16000
2012/1/11,3284,0167,23,1089500,302,45300,75,567400,1762,22600
2012/1/12,3285,7409,15,1015100,427,42200,86,528600,2051,21100
2012/1/13,3286,1777,38,903500,61,225800,95,564600,238,112900
2012/1/16,3287,4868,29,951100,300,79200,102,515100,1053,39600
2012/1/17,3288,1196,27,825100,289,68700,78,446900,1170,34300
2012/1/18,3289,2771,21,1020000,190,85000,80,552500,881,42500
2012/1/19,3290,5755,12,1387600,67,346900,56,867200,178,173400
2012/1/20,3291,7219,37,834700,386,34700,96,434700,2088,17300
2012/1/23,3292,8179,25,922600,585,38400,95,480500,2551,19200
2012/1/24,3293,6386,31,979400,146,81600,73,530500,754,40800
2012/1/25,3294,3886,38,585900,321,48800,158,317300,1323,24400
2012/1/26,3295,2408,37,825600,389,34400,109,430000,1837,17200
2012/1/27,3296,9617,30,882900,448,36700,96,459800,2213,18300
2012/1/30,3297,5743,24,1035200,500,43100,90,539100,2157,21500
2012/1/31,3298,5923,30,735700,421,30600,128,383100,2071,15300
2012/2/1,3299,4522,27,872800,210,72700,97,472700,918,36300
2012/2/2,3300,1909,23,1045900,181,87100,70,566500,874,43500
2012/2/3,3301,1647,26,963100,465,40100,70,501600,2262,20000
2012/2/6,3302,6911,37,612800,386,51000,160,331900,1641,25500
2012/2/7,3303,3792,60,509300,415,21200,182,265200,2044,10600
2012/2/8,3304,3862,35,737700,460,30700,99,384200,2369,15300
2012/2/9,3305,8611,40,840800,173,70000,87,455400,870,35000
2012/2/10,3306,2127,37,692600,242,57700,121,375100,1318,28800
2012/2/13,3307,0872,20,1389800,408,57900,46,723800,1723,28900
2012/2/14,3308,5310,26,943600,359,39300,60,491400,1903,19600
2012/2/15,3309,1513,44,755700,218,62900,100,409300,995,31400
2012/2/16,3310,1424,37,730000,224,60800,120,395400,1066,30400
2012/2/17,3311,1241,56,507700,461,42300,126,275000,1992,21100
2012/2/20,3312,3510,68,620700,704,25800,136,323200,2741,12900
2012/2/21,3313,4355,36,774200,175,64500,117,419300,777,32200
2012/2/22,3314,3807,22,981400,319,40800,95,511100,1686,20400
2012/2/23,3315,4156,29,950900,287,39600,92,495200,1564,19800
2012/2/24,3316,9779,18,1594100,49,265600,53,929800,276,132800
2012/2/27,3317,2019,35,836200,637,34800,98,435500,2782,17400
2012/2/28,3318,9131,13,1183200,212,98600,47,640900,970,49300
2012/2/29,3319,0971,18,1167200,386,48600,40,607900,2099,24300
2012/3/1,3320,2814,41,823400,360,34300,104,428800,1972,17100
2012/3/2,3321,1369,34,754800,567,31400,102,393100,2495,15700
2012/3/5,3322,8964,21,1120800,414,46700,80,583700,1989,23300
2012/3/6,3323,4988,21,1123600,159,93600,66,608600,756,46800
2012/3/7,3324,1357,49,492500,620,20500,215,256500,2463,10200
2012/3/8,3325,0223,61,593500,130,49400,177,321400,811,24700
2012/3/9,3326,5470,32,1045500,284,43500,69,544500,1551,21700
2012/3/12,3327,5112,53,653700,349,54400,106,354000,1550,27200
2012/3/13,3328,7057,23,1301200,116,108400,40,704800,677,54200
2012/3/14,3329,5240,18,880200,448,36600,92,458400,2143,18300
2012/3/15,3330,2863,29,944600,407,39300,62,491900,2026,19600
2012/3/16,3331,4916,34,710300,544,29500,115,369900,2420,14700
2012/3/19,3332,8604,23,817000,556,34000,129,425500,2224,17000
2012/3/20,3333,2628,30,762200,167,63500,103,412800,710,31700
2012/3/21,3334,9569,23,1207400,131,100600,53,654000,653,50300
2012/3/22,3335,0758,21,1099600,324,45800,71,572700,1439,22900
2012/3/23,3336,4369,17,996500,386,41500,87,519000,1748,20700
2012/3/26,3337,0981,21,885200,662,36800,73,461000,3035,18400
2012/3/27,3338,6705,40,778200,265,32400,111,405300,1373,16200
2012/3/28,3339,3089,28,1053900,246,43900,74,548900,1422,21900
2012/3/29,3340,0948,17,1009000,456,42000,67,525500,2054,21000
2012/3/30,3341,6521,21,1114200,413,46400,58,580300,2086,23200
2012/4/2,3342,9940,17,1457800,166,121400,58,789600,734,60700
2012/4/3,3343,1220,117,319800,305,26600,199,173200,1466,13300
2012/4/4,3344,0634,32,1017000,250,42300,76,529600,1274,21100
2012/4/5,3345,1182,19,1006500,246,83800,47,545100,1187,41900
2012/4/6,3346,8152,19,992900,435,41300,74,517100,2092,20600
2012/4/9,3347,0011,34,771100,177,128500,77,449800,743,64200
2012/4/10,3348,3057,19,940400,373,39100,78,489700,1759,19500
2012/4/11,3349,2879,26,946900,273,39400,84,493100,1471,19700
2012/4/12,3350,6017,29,1081500,286,45000,66,563200,1446,22500
2012/4/13,3351,8596,28,870400,524,36200,80,453300,2496,18100
2012/4/16,3352,1234,125,359500,795,14900,347,187200,2604,7400
2012/4/17,3353,3019,17,907500,377,37800,94,472600,1917,18900
2012/4/18,3354,8585,21,1168700,89,194700,56,681700,362,97300
2012/4/19,3355,8947,23,1095400,308,45600,67,570500,1764,22800
2012/4/20,3356,4310,32,897300,446,37300,78,467300,2202,18600
2012/4/23,3357,7372,26,1168400,219,97300,58,632800,956,48600
2012/4/24,3358,8608,14,1390000,106,115800,50,752900,707,57900
2012/4/25,3359,4545,65,639400,93,106500,129,372900,361,53200
2012/4/26,3360,6200,12,1634900,134,136200,35,885500,728,68100
2012/4/27,3361,2044,15,1128300,190,94000,82,611100,864,47000
2012/4/30,3362,6767,50,847700,107,141200,89,494400,368,70600
2012/5/1,3363,5753,15,1129400,186,94100,66,611700,805,47000
2012/5/2,3364,8491,22,920700,440,38300,74,479500,2223,19100
2012/5/3,3365,9338,20,857600,155,71400,89,464500,988,35700
2012/5/4,3366,3733,32,650100,111,162500,100,406300,360,81200
2012/5/7,3367,9266,25,1398500,160,116500,48,757500,778,58200
2012/5/8,3368,3845,29,976500,332,40600,69,508500,1581,20300
2012/5/9,3369,7085,12,1508000,236,62800,46,785400,1375,31400
2012/5/10,3370,0750,21,931400,228,77600,67,504500,1156,38800
2012/5/11,3371,3046,22,1220800,282,50800,70,635800,1448,25400
2012/5/14,3372,5499,34,1016700,224,84700,78,550700,870,42300
2012/5/15,3373,1564,46,775900,307,32300,91,404100,1360,16100
2012/5/16,3374,0424,30,797600,123,66400,140,432000,550,33200
2012/5/17,3375,0025,17,1009800,170,84100,79,546900,917,42000
2012/5/18,3376,6285,14,1153100,317,48000,68,600500,1829,24000
2012/5/21,3377,1469,36,772200,600,32100,113,402100,2326,16000
2012/5/22,3378,4978,18,914100,316,38000,89,476000,1679,19000
2012/5/23,3379,9410,21,957000,332,39800,73,498400,1934,19900
2012/5/24,3380,9421,39,867900,429,36100,50,452000,2121,18000
2012/5/25,3381,4877,14,1472900,143,122700,48,797800,694,61300
2012/5/28,3382,3660,20,1362800,171,113500,55,738100,759,56700
2012/5/29,3383,7107,32,775200,133,64600,106,419900,803,32300
2012/5/30,3384,1134,37,810900,169,67500,89,439200,894,33700
2012/5/31,3385,9414,18,973700,250,81100,62,527400,1060,40500
2012/6/1,3386,0050,16,1548000,44,387000,46,967500,177,193500
2012/6/4,3387,9565,20,1170800,178,97500,75,634100,821,48700
2012/6/5,3388,8830,31,887900,143,73900,87,480900,716,36900
2012/6/6,3389,7486,19,1176700,309,49000,54,612800,1578,24500
2012/6/7,3390,5440,15,1234300,168,102800,58,668500,716,51400
2012/6/8,3391,9456,23,865800,437,36000,99,450900,2032,18000
2012/6/11,3392,6238,23,894200,535,37200,96,465700,2328,18600
2012/6/12,3393,7204,12,1157100,270,48200,59,602600,1597,24100
2012/6/13,3394,3109,25,840500,322,35000,100,437700,1767,17500
2012/6/14,3395,3987,46,682800,409,28400,110,355600,1919,14200
2012/6/15,3396,6374,19,984100,448,41000,80,512500,2239,20500
2012/6/18,3397,4695,17,1093100,499,45500,78,569300,2153,22700
2012/6/19,3398,9505,14,1063600,169,88600,63,576100,830,44300
2012/6/20,3399,8101,26,716700,306,59700,87,388200,1504,29800
2012/6/21,3400,9082,14,1062000,379,44200,63,553100,2074,22100
2012/6/22,3401,9768,14,967000,526,40200,75,503600,2388,20100
2012/6/25,3402,2179,40,901200,526,37500,90,469300,2129,18700
2012/6/26,3403,8106,23,879800,416,36600,86,458200,2069,18300
2012/6/27,3404,7532,31,738300,622,30700,92,384500,2474,15300
2012/6/28,3405,2996,38,867300,171,72200,94,469700,792,36100
2012/6/29,3406,2557,19,1109100,179,92400,81,600700,838,46200
2012/7/2,3407,5203,20,1208000,511,50300,57,629100,2009,25100
2012/7/3,3408,0598,9,1410900,314,58700,49,734800,1348,29300
2012/7/4,3409,5744,15,1374500,150,114500,49,744500,696,57200
2012/7/5,3410,7474,27,794500,140,132400,96,463400,489,66200
2012/7/6,3411,8008,106,378400,141,63000,246,220700,526,31500
2012/7/9,3412,6348,33,783300,543,32600,123,407900,2326,16300
2012/7/10,3413,2454,23,1276500,103,106300,51,691400,599,53100
2012/7/11,3414,1590,28,941400,367,39200,65,490300,1937,19600
2012/7/12,3415,3927,57,447300,720,18600,196,232900,2697,9300
2012/7/13,3416,1709,29,964900,403,40200,71,502500,1832,20100
2012/7/16,3417,5393,29,1170000,148,97500,51,633700,723,48700
2012/7/17,3418,9570,18,956800,339,39800,74,498300,1757,19900
2012/7/18,3419,9909,43,652500,91,163100,99,407800,281,81500
2012/7/19,3420,8441,15,1312600,143,109300,43,710900,749,54600
2012/7/20,3421,1506,18,1181900,322,49200,55,615500,1687,24600
2012/7/23,3422,4120,39,773600,614,32200,85,402900,2536,16100
2012/7/24,3423,4440,16,884700,77,221100,79,552900,248,110500
2012/7/25,3424,1892,26,816300,407,34000,91,425100,1926,17000
2012/7/26,3425,8311,25,1029300,183,85700,53,557500,876,42800
2012/7/27,3426,7534,19,968800,429,40300,77,504500,1873,20100
2012/7/30,3427,7921,21,976500,496,40600,76,508500,2057,20300
2012/7/31,3428,4058,30,819600,301,34100,97,426800,1495,17000
2012/8/1,3429,7571,23,1109800,142,92400,52,601100,780,46200
2012/8/2,3430,2905,14,802800,352,33400,121,418100,1999,16700
2012/8/3,3431,3394,15,1201500,115,100100,71,650800,717,50000
2012/8/6,3432,9818,26,1148600,199,95700,61,622100,722,47800
2012/8/7,3433,2813,29,866000,282,36000,74,451000,1670,18000
2012/8/8,3434,9794,14,1247100,127,103900,48,675500,762,51900
2012/8/9,3435,4889,23,1033500,135,86100,66,559800,763,43000
2012/8/10,3436,7222,12,1443400,43,360800,49,902100,191,180400
2012/8/13,3437,9738,17,1068300,462,44500,59,556400,1955,22200
2012/8/14,3438,5573,31,970100,135,80800,52,525400,654,40400
2012/8/15,3439,9179,16,1196100,149,99600,62,647800,678,49800
2012/8/16,3440,3707,25,1078900,107,89900,78,584400,662,44900
2012/8/17,3441,0234,16,1322200,290,55000,50,688600,1682,27500
2012/8/20,3442,8344,31,1158700,172,96500,59,627600,844,48200
2012/8/21,3443,9572,13,983900,349,40900,80,512400,1797,20400
2012/8/22,3444,4337,17,1027500,190,85600,65,556500,910,42800
2012/8/23,3445,8665,19,778900,219,64900,102,421900,1176,32400
2012/8/24,3446,0189,25,625800,722,26000,120,325900,3450,13000
2012/8/27,3447,6354,23,828800,652,34500,99,431600,2583,17200
2012/8/28,3448,9226,24,981000,168,81700,69,531300,795,40800
2012/8/29,3449,4040,26,1226400,59,204400,45,715400,320,102200
2012/8/30,3450,4698,16,1000200,378,41600,75,520900,1896,20800
2012/8/31,3451,0984,34,828600,503,34500,81,431500,2213,17200
2012/9/3,3452,8742,25,1165800,439,48500,57,607100,1919,24200
2012/9/4,3453,5965,21,1077000,138,89700,72,583300,642,44800
2012/9/5,3454,9560,27,645500,676,26800,97,336100,3127,13400
2012/9/6,3455,4989,163,230800,352,19200,473,125000,900,9600
2012/9/7,3456,0577,14,1267800,168,105600,56,686700,814,52800
2012/9/10,3457,1093,45,785500,493,32700,101,409100,2251,16300
2012/9/11,3458,8440,23,1116800,144,93000,56,604900,663,46500
2012/9/12,3459,5765,18,1254300,148,104500,54,679400,626,52200
2012/9/13,3460,7954,28,769700,471,32000,89,400800,2335,16000
2012/9/14,3461,6969,33,782400,115,130400,111,456400,360,65200
2012/9/17,3462,9427,69,686900,401,28600,79,357700,1897,14300
2012/9/18,3463,2305,23,1172800,258,48800,46,610800,1290,24400
2012/9/19,3464,1477,24,747300,231,62200,102,404700,1001,31100
2012/9/20,3465,2947,25,803000,445,33400,100,418200,1848,16700
2012/9/21,3466,8887,37,906200,65,226500,73,566300,204,113200
2012/9/24,3467,5755,32,822400,97,205600,96,514000,260,102800
2012/9/25,3468,5368,55,675800,370,28100,86,351900,1857,14000
2012/9/26,3469,0386,16,1196100,309,49800,56,622900,1543,24900
2012/9/27,3470,3029,30,870500,340,36200,86,453300,1761,18100
2012/9/28,3471,4835,26,911200,364,37900,98,474500,1709,18900
2012/10/1,3472,2268,42,910800,191,75900,85,493300,844,37900
2012/10/2,3473,2970,15,1018100,291,42400,69,530200,1815,21200
2012/10/3,3474,4161,15,1067900,179,88900,57,578400,913,44400
2012/10/4,3475,8382,27,791900,258,65900,70,428900,1188,32900
2012/10/5,3476,8560,31,908300,369,37800,78,473000,1833,18900
2012/10/8,3477,6216,26,973500,174,81100,78,527300,825,40500
2012/10/9,3478,4338,14,1055300,151,87900,69,571600,714,43900
2012/10/10,3479,9522,21,1172500,133,97700,52,635100,721,48800
2012/10/11,3480,3712,42,703800,341,29300,112,366500,1782,14600
2012/10/12,3481,4571,26,911700,339,37900,81,474800,1928,18900
2012/10/15,3482,5796,20,1104400,405,46000,79,575200,2000,23000
2012/10/16,3483,7159,22,926300,366,38500,78,482400,1810,19200
2012/10/17,3484,8493,15,1068200,351,44500,63,556300,1826,22200
2012/10/18,3485,3110,63,410400,306,34200,183,222300,1911,17100
2012/10/19,3486,9133,15,1026400,186,85500,71,555900,1049,42700
2012/10/22,3487,0711,63,561000,293,46700,144,303800,1517,23300
2012/10/23,3488,6265,16,1057200,135,88100,73,572600,645,44000
2012/10/24,3489,5903,35,970700,292,40400,68,505500,1386,20200
2012/10/25,3490,8554,24,1208900,147,100700,44,654800,777,50300
2012/10/26,3491,1546,16,1310700,283,54600,53,682600,1623,27300
2012/10/29,3492,5994,27,948600,209,79000,96,513800,988,39500
2012/10/30,3493,6599,19,1064700,197,88700,53,576700,829,44300
2012/10/31,3494,9002,16,1159700,126,96600,70,628100,770,48300
2012/11/1,3495,1841,31,766100,249,63800,84,414900,1169,31900
2012/11/2,3496,9454,10,981900,222,81800,90,531800,970,40900
2012/11/5,3497,7646,17,1281900,178,106800,63,694300,834,53400
2012/11/6,3498,0820,44,658100,138,54800,136,356400,588,27400
2012/11/7,3499,5474,18,1246600,149,103800,48,675200,705,51900
2012/11/8,3500,9360,20,1319100,310,54900,35,687000,1576,27400
2012/11/9,3501,4167,27,805100,410,33500,120,419300,1806,16700
2012/11/12,3502,7995,22,1158700,237,96500,57,627600,898,48200
2012/11/13,3503,9034,11,1257400,275,52300,62,654800,1271,26100
2012/11/14,3504,5879,13,886200,423,36900,90,461500,1963,18400
2012/11/15,3505,5395,19,1233500,178,102700,45,668100,749,51300
2012/11/16,3506,5194,22,879000,592,36600,65,457800,2348,18300
2012/11/19,3507,8660,29,1193800,135,99400,65,646600,686,49700
2012/11/20,3508,7922,21,972100,153,81000,70,526500,773,40500
2012/11/21,3509,8477,18,1083500,164,90200,60,586800,816,45100
2012/11/22,3510,1467,34,919800,333,38300,76,479000,1633,19100
2012/11/23,3511,2868,24,873700,176,72800,80,473200,821,36400
2012/11/26,3512,4900,15,1307200,154,108900,58,708000,811,54400
2012/11/27,3513,4767,27,912000,144,76000,77,494000,743,38000
2012/11/28,3514,2859,26,866100,345,36000,90,451000,1665,18000
2012/11/29,3515,6004,19,1323600,132,110300,43,716900,678,55100
2012/11/30,3516,9170,20,1154000,315,48000,63,601000,1648,24000
2012/12/3,3517,4762,24,906200,524,37700,99,471900,2098,18800
2012/12/4,3518,9607,31,864400,306,36000,83,450200,1514,18000
2012/12/5,3519,8897,12,972400,209,81000,68,526700,1099,40500
2012/12/6,3520,2952,19,1067600,138,88900,81,578200,676,44400
2012/12/7,3521,7067,9,1387800,143,115600,57,751700,741,57800
2012/12/10,3522,1171,29,743800,139,185900,72,464800,504,92900
2012/12/11,3523,5549,16,1022500,176,85200,63,553800,894,42600
2012/12/12,3524,5952,15,1285200,148,107100,50,696100,749,53500
2012/12/13,3525,3608,31,792700,454,33000,101,412800,1992,16500
2012/12/14,3526,7356,23,1137800,379,47400,71,592600,1629,23700
2012/12/17,3527,9395,25,1213800,214,101100,54,657400,958,50500
2012/12/18,3528,3778,20,1157700,125,96400,73,627000,630,48200
2012/12/19,3529,9582,19,1161400,340,48300,58,604800,1751,24100
2012/12/20,3530,1982,17,897400,366,37300,117,467300,1958,18600
2012/12/21,3531,9632,18,1076200,463,44800,63,560500,2198,22400
2012/12/24,3532,0273,18,1247000,366,51900,58,649400,1891,25900
2012/12/25,3533,1332,35,936900,169,78000,69,507400,820,39000
2012/12/26,3534,9073,26,1090900,319,45400,66,568100,1593,22700
2012/12/27,3535,7531,34,746000,550,31000,109,388500,2521,15500
2012/12/28,3536,3273,36,745200,302,62100,116,403600,1427,31000
2013/1/4,3537,2052,20,1081800,255,90100,66,585900,1143,45000
2013/1/7,3538,3148,49,786500,537,32700,124,409600,2262,16300
2013/1/8,3539,3464,12,1308900,144,109000,54,708900,796,54500
2013/1/9,3540,3405,11,1234600,315,51400,69,643000,1632,25700
2013/1/10,3541,8512,29,911200,418,37900,89,474500,1975,18900
2013/1/11,3542,2531,43,723700,513,30100,102,376900,2410,15000
2013/1/14,3543,0783,32,916400,351,38100,91,477200,1643,19000
2013/1/15,3544,7773,19,986000,56,246500,74,616200,219,123200
2013/1/16,3545,1595,14,1179500,183,98200,52,638800,861,49100
2013/1/17,3546,8791,26,951400,422,39600,74,495500,1828,19800
2013/1/18,3547,9383,14,1116900,190,93000,67,604900,925,46500
2013/1/21,3548,3980,26,861000,556,35800,112,448400,2268,17900
2013/1/22,3549,7064,7,1253600,303,52200,63,652900,1504,26100
2013/1/23,3550,5638,29,793800,452,33000,103,413400,1933,16500
2013/1/24,3551,3847,28,757600,485,31500,101,394500,2354,15700
2013/1/25,3552,3019,30,779100,384,32400,125,405700,2224,16200
2013/1/28,3553,0624,57,665300,450,27700,168,346500,1961,13800
2013/1/29,3554,9444,23,1145400,53,286300,61,715800,173,143100
2013/1/30,3555,6262,32,933500,90,155500,65,544500,425,77700
2013/1/31,3556,3911,43,750600,192,62500,113,406500,826,31200
2013/2/1,3557,9159,19,1023200,206,85200,78,554200,965,42600
2013/2/4,3558,6708,18,1316900,350,54800,74,685800,1553,27400
2013/2/5,3559,3397,30,841100,242,70000,74,455500,948,35000
2013/2/6,3560,9375,23,787900,558,32800,75,410300,2419,16400
2013/2/7,3561,6964,35,748200,226,62300,106,405200,1018,31100
2013/2/8,3562,3092,22,1024900,364,42700,79,533800,1760,21300
2013/2/11,3563,3402,32,1131400,398,47100,52,589200,1604,23500
2013/2/12,3564,5888,40,587800,109,146900,102,367300,329,73400
2013/2/13,3565,6258,28,877800,416,36500,76,457100,1741,18200
2013/2/14,3566,2340,18,1295000,282,53900,51,674400,1432,26900
2013/2/15,3567,2376,22,1017400,471,42300,67,529800,2118,21100
2013/2/18,3568,0673,25,1150300,529,47900,52,599100,2056,23900
2013/2/19,3569,2821,37,783100,183,65200,80,424100,989,32600
2013/2/20,3570,5777,41,700000,85,175000,118,437500,214,87500
2013/2/21,3571,7329,48,552600,594,23000,151,287800,2608,11500
2013/2/22,3572,5647,15,1167200,350,48600,72,607900,1747,24300
2013/2/25,3573,3178,41,764600,546,31800,127,398200,2284,15900
2013/2/26,3574,9585,13,1075700,195,89600,74,582600,824,44800
2013/2/27,3575,3433,13,1185100,67,296200,65,740600,208,148100
2013/2/28,3576,9333,45,712500,101,178100,90,445300,320,89000
2013/3/1,3577,8222,37,740900,125,185200,86,463000,317,92600
2013/3/4,3578,7303,28,1259300,211,104900,51,682100,895,52400
2013/3/5,3579,4295,13,1365800,283,56900,52,711300,1412,28400
2013/3/6,3580,5893,8,1033400,482,43000,73,538200,2150,21500
2013/3/7,3581,2887,19,1162700,133,96800,65,629700,835,48400
2013/3/8,3582,4424,17,980100,109,245000,72,612500,282,122500
2013/3/11,3583,4379,27,733400,589,30500,150,381900,2404,15200
2013/3/12,3584,8471,30,879000,324,36600,74,457800,1920,18300
2013/3/13,3585,4465,17,1304500,119,108700,50,706600,674,54300
2013/3/14,3586,3417,32,774000,404,32200,97,403100,2084,16100
2013/3/15,3587,2105,18,1048600,389,43600,66,546100,2153,21800
2013/3/18,3588,2935,20,1004200,549,41800,67,523000,2267,20900
2013/3/19,3589,4327,38,654000,458,27200,115,340600,2097,13600
2013/3/20,3590,1105,47,479100,183,39900,192,259500,935,19900
2013/3/21,3591,1564,50,676100,371,28100,119,352100,1666,14000
2013/3/22,3592,3575,35,776000,235,64600,92,420300,1039,32300
2013/3/25,3593,0241,17,1155300,534,48100,45,601700,2334,24000
2013/3/26,3594,0181,15,1134700,200,94500,30,614600,1065,47200
2013/3/27,3595,9740,17,1091000,351,45400,54,568200,1859,22700
2013/3/28,3596,5985,24,1263100,157,105200,43,684100,652,52600
2013/3/29,3597,3191,21,1300200,154,108300,47,704200,732,54100
2013/4/1,3598,5997,25,1084700,224,90300,60,587500,1001,45100
2013/4/2,3599,9493,13,1210700,146,100800,55,655700,656,50400
2013/4/3,3600,4896,19,921300,336,38300,86,479800,1643,19100
2013/4/4,3601,6938,28,785500,455,32700,78,409100,2333,16300
2013/4/5,3602,5022,20,963800,151,80300,78,522000,910,40100
2013/4/8,3603,3315,45,765600,217,63800,106,414700,901,31900
2013/4/9,3604,8104,14,1061300,298,44200,67,552700,1547,22100
2013/4/10,3605,5359,12,921600,233,76800,80,499200,907,38400
2013/4/11,3606,3002,21,1032300,235,86000,54,559100,750,43000
2013/4/12,3607,6717,34,893800,185,74400,60,484100,834,37200
2013/4/15,3608,1460,21,1117100,438,46500,66,581800,1971,23200
2013/4/16,3609,2390,17,1067500,365,44400,62,555900,1620,22200
2013/4/17,3610,4868,21,785900,206,65400,108,425600,972,32700
2013/4/18,3611,6775,22,1150400,170,95800,47,623100,791,47900
2013/4/19,3612,0799,14,1264600,114,105300,59,684900,761,52600
2013/4/22,3613,6253,29,1017600,463,42400,58,530000,2145,21200
2013/4/23,3614,5970,12,1070100,402,44500,65,557300,1574,22200
2013/4/24,3615,2600,18,1302200,125,108500,45,705300,627,54200
2013/4/25,3616,7793,22,1011100,179,84200,71,547600,800,42100
2013/4/26,3617,1056,24,941200,294,39200,96,490200,1497,19600
2013/4/29,3618,3416,36,776400,451,32300,109,404300,1722,16100
2013/4/30,3619,1114,49,521900,78,130400,160,326100,244,65200
2013/5/1,3620,7895,11,1235800,370,51400,46,643600,1765,25700
2013/5/2,3621,0095,9,1122500,184,93500,58,608000,1007,46700
2013/5/3,3622,4237,21,1131400,287,47100,47,589200,1398,23500
2013/5/6,3623,4569,36,749500,378,31200,126,390300,1738,15600
2013/5/7,3624,6554,14,1035700,163,86300,67,561000,733,43100
2013/5/8,3625,3307,16,1146200,142,95500,70,620800,621,47700
2013/5/9,3626,7372,11,964100,227,80300,72,522200,946,40100
2013/5/10,3627,8503,15,1165800,312,48500,55,607100,1649,24200
2013/5/13,3628,6836,27,1055600,165,87900,77,571700,822,43900
2013/5/14,3629,1295,8,1249400,324,52000,34,650700,1955,26000
2013/5/15,3630,9604,16,1183500,319,49300,52,616400,1504,24600
2013/5/16,3631,6985,9,911400,471,37900,73,474600,2248,18900
2013/5/17,3632,1667,18,1201700,125,100100,66,650900,588,50000
2013/5/20,3633,7209,12,1225300,419,51000,60,638100,1729,25500
2013/5/21,3634,9991,30,732500,102,183100,80,457800,235,91500
2013/5/22,3635,8226,9,1269200,147,105700,57,687400,663,52800
2013/5/23,3636,7760,22,1156200,135,96300,58,626200,570,48100
2013/5/24,3637,7173,24,1020900,132,85000,56,552900,922,42500
2013/5/27,3638,1364,19,1150700,464,47900,54,599300,1879,23900
2013/5/28,3639,1676,10,1444900,121,120400,50,782600,520,60200
2013/5/29,3640,9957,15,987000,185,82200,76,534600,813,41100
2013/5/30,3641,7251,21,1024800,317,42700,63,533700,1630,21300
2013/5/31,3642,6418,20,834200,395,34700,101,434400,1890,17300
2013/6/3,3643,9892,22,1276000,191,106300,53,691100,707,53100
2013/6/4,3644,0544,23,1018600,128,84800,66,551700,733,42400
2013/6/5,3645,5587,14,1114300,160,92800,60,603500,801,46400
2013/6/6,3646,4637,28,798000,438,33200,88,415600,1964,16600
2013/6/7,3647,2565,17,1055600,128,87900,83,571700,661,43900
2013/6/10,3648,8479,12,997900,455,41500,90,519700,2076,20700
2013/6/11,3649,3016,29,778800,346,32400,88,405600,1764,16200
2013/6/12,3650,4697,19,790400,383,32900,92,411600,2110,16400
2013/6/13,3651,2403,19,1092000,269,45500,64,568700,1329,22700
2013/6/14,3652,9706,16,1108300,385,46100,60,577200,1774,23000
2013/6/17,3653,2033,32,957500,216,79700,73,518600,989,39800
2013/6/18,3654,1426,28,762900,390,31700,101,397300,1725,15800
2013/6/19,3655,3997,18,1066500,175,88800,61,577600,708,44400
2013/6/20,3656,7547,22,1104800,182,92000,42,598400,786,46000
2013/6/21,3657,3996,19,985600,164,82100,81,533800,714,41000
2013/6/24,3658,8096,27,1284700,296,53500,49,669100,1503,26700
2013/6/25,3659,0784,14,1287900,296,53600,46,670700,1444,26800
2013/6/26,3660,1929,19,968700,129,80700,100,524700,527,40300
2013/6/27,3661,4730,21,934000,391,38900,69,486400,2137,19400
2013/6/28,3662,0934,14,1207900,338,50300,66,629100,1457,25100
2013/7/1,3663,6550,26,1196200,160,99600,63,647900,803,49800
2013/7/2,3664,2940,42,758600,285,31600,100,395100,1450,15800
2013/7/3,3665,3141,35,830600,198,69200,71,449900,909,34600
2013/7/4,3666,5412,23,914300,334,38000,81,476100,1733,19000
2013/7/5,3667,8387,11,1092400,167,91000,65,591700,920,45500
2013/7/8,3668,8655,36,828800,202,69000,94,448900,958,34500
2013/7/9,3669,1550,22,1131100,148,94200,44,612600,676,47100
2013/7/10,3670,4791,31,749500,446,31200,78,390300,2254,15600
2013/7/11,3671,2588,24,791800,167,65900,108,428800,789,32900
2013/7/12,3672,4156,33,849200,271,35300,87,442200,1563,17600
2013/7/15,3673,2101,30,728000,298,60600,59,394300,1489,30300
2013/7/16,3674,0951,21,1107900,298,46100,32,577000,1788,23000
2013/7/17,3675,2342,12,1262600,122,105200,51,683900,709,52600
2013/7/18,3676,1886,14,1289600,118,107400,53,698500,608,53700
2013/7/19,3677,9916,13,914700,193,76200,78,495400,1019,38100
2013/7/22,3678,3529,31,808500,439,33600,103,421000,1989,16800
2013/7/23,3679,8697,19,920000,355,38300,65,479100,1718,19100
2013/7/24,3680,1780,20,995200,288,41400,63,518300,1650,20700
2013/7/25,3681,9012,28,653900,478,27200,118,340500,2356,13600
2013/7/26,3682,1296,18,844700,440,35100,84,439900,2057,17500
2013/7/29,3683,3728,41,684800,498,28500,119,356600,2165,14200
2013/7/30,3684,1674,16,1032600,360,43000,54,537800,1674,21500
2013/7/31,3685,4076,38,845600,217,35200,95,440400,1254,17600
2013/8/1,3686,0681,16,1234000,300,51400,41,642700,1610,25700
2013/8/2,3687,0612,40,550100,488,22900,150,286500,2489,11400
2013/8/5,3688,6284,25,892900,540,37200,71,465000,2171,18600
2013/8/6,3689,2695,14,1031800,338,42900,61,537300,1622,21400
2013/8/7,3690,5970,12,888600,318,37000,107,462800,1559,18500
2013/8/8,3691,7708,19,1031000,120,85900,74,558400,672,42900
2013/8/9,3692,5536,10,1165500,157,97100,65,631300,673,48500
2013/8/12,3693,6124,26,837000,481,34800,92,435900,1801,17400
2013/8/13,3694,2983,32,674200,292,28000,114,351100,1438,14000
2013/8/14,3695,0230,14,1328400,137,110700,33,719500,614,55300
2013/8/15,3696,0245,23,893300,338,37200,73,465200,1758,18600
2013/8/16,3697,7941,14,1096100,432,45600,40,570800,1919,22800
2013/8/19,3698,6333,29,1335600,49,333900,42,834700,173,166900
2013/8/20,3699,8299,13,1394900,134,116200,33,755500,671,58100
2013/8/21,3700,0540,16,940700,203,78300,70,509500,866,39100
2013/8/22,3701,2009,22,1098700,141,91500,53,595100,723,45700
2013/8/23,3702,7788,70,375500,173,62500,226,219000,578,31200
2013/8/26,3703,1219,137,298800,426,24900,309,161800,1491,12400
2013/8/27,3704,6233,10,1175100,132,97900,56,636500,787,48900
2013/8/28,3705,3274,17,1033200,346,43000,66,538100,1661,21500
2013/8/29,3706,0742,15,1145500,337,47700,48,596600,1746,23800
2013/8/30,3707,5395,10,1152500,172,96000,68,624200,708,48000
2013/9/2,3708,0752,29,1066600,416,44400,47,555500,1916,22200
2013/9/3,3709,6731,6,1326200,301,55200,48,690700,1465,27600
2013/9/4,3710,6879,34,777200,422,32300,74,404700,1881,16100
2013/9/5,3711,3391,19,1025200,159,85400,74,555300,675,42700
2013/9/6,3712,3070,29,992400,157,82700,52,537500,864,41300
2013/9/9,3713,3255,32,896200,204,74600,81,485400,963,37300
2013/9/10,3714,1362,35,868700,307,36100,56,452400,1764,18000
2013/9/11,3715,1091,33,556300,326,46300,100,301300,1653,23100
2013/9/12,3716,5772,22,1022300,145,85100,58,553700,793,42500
2013/9/13,3717,2404,15,1070300,159,89100,71,579700,700,44500
2013/9/16,3718,3579,57,466000,558,19400,188,242700,1940,9700
2013/9/17,3719,8766,27,1054500,120,87800,45,571100,672,43900
2013/9/18,3720,1454,14,1210500,116,100800,57,655600,645,50400
2013/9/19,3721,7518,15,1204400,258,50100,57,627200,1284,25000
2013/9/20,3722,6012,14,882400,456,36700,66,459500,2254,18300
2013/9/23,3723,0189,25,577300,594,24000,140,300600,3003,12000
2013/9/24,3724,4118,25,887900,167,73900,59,480900,820,36900
2013/9/25,3725,7219,20,916900,326,38200,73,477500,1713,19100
2013/9/26,3726,0895,11,1685800,234,70200,28,878000,1201,35100
2013/9/27,3727,7604,15,994000,291,41400,89,517700,1463,20700
2013/9/30,3728,0028,13,1299600,179,108300,54,703900,812,54100
2013/10/1,3729,6182,21,954500,319,39700,57,497100,1806,19800
2013/10/2,3730,4230,15,1055400,361,43900,59,549600,1670,21900
2013/10/3,3731,4341,19,1007800,164,83900,64,545800,800,41900
2013/10/4,3732,2642,34,945000,184,78700,50,511800,775,39300
2013/10/7,3733,6332,29,866800,235,72200,76,469500,1033,36100
2013/10/8,3734,7739,18,941800,132,78400,89,510100,553,39200
2013/10/9,3735,1823,47,769400,263,32000,74,400700,1424,16000
2013/10/10,3736,1385,22,962800,347,40100,54,501400,1865,20000
2013/10/11,3737,7471,27,916500,160,76300,59,496400,884,38100
2013/10/14,3738,2204,25,1015200,168,84600,54,549900,834,42300
2013/10/15,3739,3840,23,1005300,247,41800,62,523500,1249,20900
2013/10/16,3740,9865,10,925800,424,38500,64,482100,2189,19200
2013/10/17,3741,6581,7,1058300,415,44000,59,551100,1993,22000
2013/10/18,3742,1711,18,813500,98,203300,73,508400,315,101600
2013/10/21,3743,2698,20,1006000,376,41900,87,523900,1669,20900
2013/10/22,3744,8025,30,791500,297,32900,88,412200,1641,16400
2013/10/23,3745,7352,31,706600,442,29400,89,368000,2137,14700
2013/10/24,3746,4114,23,814400,83,135700,88,475000,393,67800
2013/10/25,3747,8632,15,952200,389,39600,66,495900,1909,19800
2013/10/28,3748,8075,22,1118700,332,46600,76,582600,1499,23300
2013/10/29,3749,2930,28,741000,304,30800,109,385900,1543,15400
2013/10/30,3750,9172,17,1095300,368,45600,48,570400,1668,22800
2013/10/31,3751,2569,30,822100,333,34200,97,428100,1523,17100
2013/11/1,3752,3453,26,913100,152,76000,87,494500,673,38000
2013/11/4,3753,7771,39,685200,97,171300,108,428200,219,85600
2013/11/5,3754,8511,21,1107000,121,92200,49,599600,688,46100
2013/11/6,3755,9382,23,856200,407,35600,73,445900,1835,17800
2013/11/7,3756,0461,22,1055000,326,43900,48,549400,1558,21900
2013/11/8,3757,9354,22,1017800,342,42400,60,530100,1550,21200
2013/11/11,3758,0590,15,1188200,191,99000,60,643600,805,49500
2013/11/12,3759,3599,24,750200,187,62500,97,406300,776,31200
2013/11/13,3760,2140,14,934400,502,38900,48,486600,2114,19400
2013/11/14,3761,4612,49,573600,468,23900,118,298700,1938,11900
2013/11/15,3762,9001,14,1039600,163,86600,62,563100,812,43300
2013/11/18,3763,6282,29,955400,218,79600,68,517500,854,39800
2013/11/19,3764,5781,15,1170800,295,48700,45,609700,1345,24300
2013/11/20,3765,8362,25,819500,409,34100,71,426800,1886,17000
2013/11/21,3766,1811,35,507400,147,126800,86,317100,536,63400
2013/11/22,3767,2052,16,936300,167,78000,71,507100,877,39000
2013/11/25,3768,2830,41,833300,377,34700,74,434000,1844,17300
2013/11/26,3769,1166,6,1547000,79,257800,38,902400,242,128900
2013/11/27,3770,7523,22,824900,458,34300,71,429600,1992,17100
2013/11/28,3771,8549,14,1106400,334,46100,58,576200,1544,23000
2013/11/29,3772,0206,23,902400,136,75200,97,488800,646,37600
2013/12/2,3773,7161,17,1160600,193,96700,62,628600,821,48300
2013/12/3,3774,2265,38,823200,182,68600,55,445900,858,34300
2013/12/4,3775,8330,42,882200,145,73500,52,477800,771,36700
2013/12/5,3776,7448,11,827600,271,68900,80,448200,1130,34400
2013/12/6,3777,1047,25,883500,316,36800,84,460100,1845,18400
2013/12/9,3778,2455,38,889700,173,74100,85,481900,786,37000
2013/12/10,3779,4508,31,957400,316,39800,59,498600,1305,19900
2013/12/11,3780,0870,19,1208800,134,100700,46,654700,738,50300
2013/12/12,3781,9758,13,1081400,444,45000,46,563200,1946,22500
2013/12/13,3782,4333,26,1193900,68,298400,47,746100,164,149200
2013/12/16,3783,6547,26,1126800,466,46900,58,586800,1728,23400
2013/12/17,3784,1034,18,1005800,359,41900,66,523800,1737,20900
2013/12/18,3785,2986,23,841300,325,35000,101,438100,1687,17500
2013/12/19,3786,3731,33,749800,184,62400,113,406100,726,31200
2013/12/20,3787,9500,27,892700,150,74300,87,483500,765,37100
2013/12/23,3788,5291,16,991800,486,41300,66,516500,2178,20600
2013/12/24,3789,3059,27,829600,382,34500,95,432000,1549,17200
2013/12/25,3790,4111,30,764500,92,191100,90,477800,291,95500
2013/12/26,3791,4162,17,855100,546,35600,76,445300,2322,17800
2013/12/27,3792,3671,23,1038400,372,43200,72,540800,1758,21600
2013/12/30,3793,8856,29,857500,188,71400,123,464400,952,35700
2014/1/6,3794,5729,31,821200,610,34200,130,427700,2370,17100
2014/1/7,3795,0389,15,1260400,343,52500,51,656400,1594,26200
2014/1/8,3796,9512,24,900100,482,37500,67,468800,2137,18700
2014/1/9,3797,3940,25,1010400,384,42100,77,526200,1545,21000
2014/1/10,3798,3659,34,724800,558,30200,93,377500,2336,15100
2014/1/13,3799,8000,61,635600,91,158900,140,397200,199,79400
2014/1/14,3800,8887,40,750800,67,187700,91,469200,212,93800
2014/1/15,3801,5251,11,1203600,167,100300,61,651900,830,50100
2014/1/16,3802,6960,30,981800,133,81800,76,531800,773,40900
2014/1/17,3803,1165,26,961600,212,80100,68,520800,902,40000
2014/1/20,3804,7689,28,838400,675,34900,96,436600,2378,17400
2014/1/21,3805,2764,20,976700,386,40600,71,508600,1707,20300
2014/1/22,3806,8066,10,1795700,110,149600,39,972600,500,74800
2014/1/23,3807,6892,36,924500,370,38500,64,481500,1659,19200
2014/1/24,3808,4472,25,1090800,153,90900,67,590800,794,45400
2014/1/27,3809,6191,25,779000,369,64900,96,421900,1510,32400
2014/1/28,3810,0005,33,953000,72,238200,59,595600,213,119100
2014/1/29,3811,3750,30,813600,351,33900,118,423700,1612,16900
2014/1/30,3812,4051,25,875500,384,36400,88,455900,1894,18200
2014/1/31,3813,7285,17,1046700,417,43600,71,545100,1883,21800
2014/2/3,3814,2963,68,587400,716,24400,145,305900,2550,12200
2014/2/4,3815,9894,30,895000,154,74500,84,484700,703,37200
2014/2/5,3816,1218,130,284300,233,23600,365,153900,1012,11800
2014/2/6,3817,1895,14,1270800,311,52900,45,661800,1637,26400
2014/2/7,3818,5111,27,634900,130,158700,102,396800,409,79300
2014/2/10,3819,0118,76,505000,270,42000,155,273500,1267,21000
2014/2/11,3820,4800,15,1091000,124,90900,60,590900,698,45400
2014/2/12,3821,0687,11,1632300,319,68000,29,850100,1198,34000
2014/2/13,3822,9531,30,796500,508,33100,66,414800,2251,16500
2014/2/14,3823,1856,16,804400,399,33500,109,418900,1961,16700
2014/2/17,3824,9372,28,809500,698,33700,74,421600,2842,16800
2014/2/18,3825,8749,16,985700,372,41000,65,513300,1907,20500
2014/2/19,3826,3045,24,1097500,266,45700,74,571600,1221,22800
2014/2/20,3827,3380,27,992400,155,82700,77,537500,679,41300
2014/2/21,3828,2395,28,879500,486,36600,63,458000,2133,18300
2014/2/24,3829,3624,54,793600,472,33000,88,413300,1937,16500
2014/2/25,3830,5427,23,830600,512,34600,77,432600,2137,17300
2014/2/26,3831,1856,18,814500,489,33900,111,424200,2005,16900
2014/2/27,3832,3147,24,821800,440,34200,93,428000,2099,17100
2014/2/28,3833,7516,21,1107400,320,46100,75,576700,1586,23000
2014/3/3,3834,5946,19,1206500,401,50200,72,628300,1690,25100
2014/3/4,3835,6662,20,1180700,53,295100,57,737900,191,147500
2014/3/5,3836,8631,31,734700,505,30600,84,382600,2356,15300
2014/3/6,3837,4305,23,1253000,298,52200,49,652600,1296,26100
2014/3/7,3838,2118,21,930400,190,77500,73,503900,1074,38700
2014/3/10,3839,3373,36,655800,138,163900,116,409800,411,81900
2014/3/11,3840,2705,17,972800,332,40500,87,506600,1516,20200
2014/3/12,3841,6485,12,1145800,393,47700,52,596700,1921,23800
2014/3/13,3842,4001,61,689300,184,57400,55,373300,1028,28700
2014/3/14,3843,1697,30,946400,389,39400,64,492900,1689,19700
2014/3/17,3844,7836,31,830300,527,34500,98,432400,2247,17200
2014/3/18,3845,5877,14,1194600,134,99500,63,647000,601,49700
2014/3/19,3846,7811,28,879500,212,73200,63,476300,1012,36600
2014/3/20,3847,8484,10,1621700,49,270200,37,945900,287,135100
2014/3/21,3848,0342,6,1305600,407,54400,26,680000,1825,27200
2014/3/24,3849,2491,40,820100,503,34100,81,427100,2271,17000
2014/3/25,3850,8191,7,1319800,180,109900,36,714800,904,54900
2014/3/26,3851,6831,17,812800,558,33800,82,423300,2349,16900
2014/3/27,3852,5824,29,899200,352,37400,76,468300,1748,18700
2014/3/28,3853,1875,39,774000,484,32200,86,403100,1935,16100
2014/3/31,3854,6980,28,1039400,324,43300,91,541300,1536,21600
2014/4/1,3855,7734,24,900600,144,75000,86,487800,764,37500
2014/4/2,3856,0521,51,618100,428,25700,117,321900,2139,12800
2014/4/3,3857,9592,16,1072100,161,89300,56,580700,863,44600
2014/4/4,3858,8401,16,1103300,378,45900,56,574600,1768,22900
2014/4/7,3859,4556,37,970000,140,80800,89,525400,693,40400
2014/4/8,3860,7260,17,984100,355,41000,74,512500,1572,20500
2014/4/9,3861,7218,22,788300,439,32800,94,410500,2058,16400
2014/4/10,3862,9507,20,967400,290,40300,90,503800,1459,20100
2014/4/11,3863,5747,13,1341700,134,111800,56,726700,631,55900
2014/4/14,3864,2218,37,795200,215,66200,102,430700,1065,33100
2014/4/15,3865,1247,30,750700,471,31200,97,390900,2151,15600
2014/4/16,3866,7440,16,1132400,163,94300,66,613300,800,47100
2014/4/17,3867,5148,29,706400,525,29400,110,367900,2322,14700
2014/4/18,3868,2454,26,1204700,121,100300,58,652500,583,50100
2014/4/21,3869,9681,23,913500,548,38000,77,475700,2459,19000
2014/4/22,3870,2554,25,1142900,150,95200,48,619000,683,47600
2014/4/23,3871,1358,51,560900,505,23300,150,292100,2124,11600
2014/4/24,3872,9910,17,1130900,151,94200,64,612500,745,47100
2014/4/25,3873,7815,24,816200,496,34000,96,425100,2091,17000
2014/4/28,3874,0318,76,547700,583,22800,172,285200,2186,11400
2014/4/29,3875,8590,17,1244400,288,51800,40,648100,1330,25900
2014/4/30,3876,0538,18,1003600,446,41800,63,522700,1963,20900
2014/5/1,3877,7594,24,938500,422,39100,71,488800,1995,19500
2014/5/2,3878,5221,40,757900,195,63100,89,410500,1129,31500
2014/5/5,3879,9967,18,1209400,138,100700,59,655000,750,50300
2014/5/6,3880,3870,17,987700,351,41100,59,514400,1663,20500
2014/5/7,3881,4471,29,712300,212,59300,101,385800,1092,29600
2014/5/8,3882,4449,18,1046700,75,261600,62,654100,205,130800
2014/5/9,3883,9740,15,835000,489,34700,88,434800,2281,17300
2014/5/12,3884,5164,24,886800,432,36900,99,461800,2142,18400
2014/5/13,3885,1542,15,1045600,428,43500,50,544500,1806,21700
2014/5/14,3886,9317,27,780400,445,32500,84,406400,2154,16200
2014/5/15,3887,9361,12,1063100,411,44200,55,553600,1956,22100
2014/5/16,3888,5946,15,1037400,336,43200,79,540300,1642,21600
2014/5/19,3889,0594,28,855700,533,35600,86,445600,2289,17800
2014/5/20,3890,4491,19,990100,165,82500,67,536300,818,41200
2014/5/21,3891,5433,16,1224200,135,102000,61,663100,601,51000
2014/5/22,3892,7401,19,1068500,330,44500,62,556500,1619,22200
2014/5/23,3893,2217,20,934400,177,77800,77,506100,989,38900
2014/5/26,3894,9374,21,1014400,488,42200,64,528300,2181,21100
2014/5/27,3895,8486,28,779800,225,64900,85,422300,958,32400
2014/5/28,3896,7436,24,909800,455,37900,60,473800,2007,18900
2014/5/29,3897,6269,10,1072300,187,89300,75,580800,797,44600
2014/5/30,3898,3753,39,708100,172,59000,118,383500,847,29500
2014/6/2,3899,8041,25,951400,527,39600,69,495500,2080,19800
2014/6/3,3900,3161,18,1183500,128,98600,47,641000,719,49300
2014/6/4,3901,2574,25,698300,511,29000,113,363600,2118,14500
2014/6/5,3902,5574,21,915600,181,76300,79,495900,767,38100
2014/6/6,3903,8616,19,1189400,114,99100,55,644200,677,49500
2014/6/9,3904,7601,15,1195000,396,49700,62,622300,1603,24800
2014/6/10,3905,1691,20,653000,278,54400,99,353700,1344,27200
2014/6/11,3906,9444,12,1163300,59,290800,61,727000,174,145400
2014/6/12,3907,5173,14,881500,462,36700,74,459100,2080,18300
2014/6/13,3908,5578,19,1053400,159,87700,86,570500,665,43800
2014/6/16,3909,0069,33,859600,232,71600,98,465600,982,35800
2014/6/17,3910,3792,90,406900,465,16900,193,211900,1940,8400
2014/6/18,3911,7660,18,1393500,97,116100,52,754800,519,58000
2014/6/19,3912,8842,9,1338500,141,111500,63,725000,578,55700
2014/6/20,3913,1836,31,716500,554,29800,92,373100,2410,14900
2014/6/23,3914,0869,17,1225900,420,51000,56,638400,1735,25500
2014/6/24,3915,7130,28,776600,383,32300,83,404400,2023,16100
2014/6/25,3916,7936,26,791000,482,32900,85,411900,2163,16400
2014/6/26,3917,8636,23,1058000,172,88100,62,573000,753,44000
2014/6/27,3918,0313,64,505200,239,42100,157,273600,1223,21000
2014/6/30,3919,6041,22,1061200,439,44200,77,552700,1796,22100
2014/7/1,3920,4039,27,919700,303,38300,90,479000,1264,19100
2014/7/2,3921,3892,32,750600,428,31200,106,390900,1869,15600
2014/7/3,3922,7321,33,718100,384,29900,110,374000,1891,14900
2014/7/4,3923,5987,40,689400,423,28700,113,359000,2016,14300
2014/7/7,3924,7438,29,911500,498,37900,78,474700,2022,18900
2014/7/8,3925,5517,25,887400,128,73900,91,480600,678,36900
2014/7/9,3926,8605,19,1021500,333,42500,66,532000,1544,21200
2014/7/10,3927,9219,23,1175100,136,97900,46,636500,661,48900
2014/7/11,3928,3509,16,1124500,317,46800,66,585600,1483,23400
2014/7/14,3929,4786,27,824300,518,34300,98,429300,2150,17100
2014/7/15,3930,6933,21,878300,192,73100,70,475700,914,36500
2014/7/16,3931,3818,32,697100,180,58000,124,377500,781,29000
2014/7/17,3932,2068,9,1165000,336,48500,63,606700,1496,24200
2014/7/18,3933,7515,24,1146000,137,95500,48,620700,704,47700
2014/7/21,3934,7306,14,1328900,330,55300,48,692100,1352,27600
2014/7/22,3935,3811,51,664000,156,55300,91,359600,773,27600
2014/7/23,3936,4293,10,1044700,339,43500,67,544100,1708,21700
2014/7/24,3937,7684,23,985100,349,41000,56,513000,1590,20500
2014/7/25,3938,6859,32,586100,492,24400,146,305200,2340,12200
2014/7/28,3939,7078,18,1310600,149,109200,59,709900,625,54600
2014/7/29,3940,6192,20,907400,431,37800,54,472600,1937,18900
2014/7/30,3941,0593,11,1208600,395,50300,41,629400,1662,25100
2014/7/31,3942,2182,14,1193000,180,99400,35,646200,907,49700
2014/8/1,3943,4991,17,893800,184,74400,80,484100,981,37200
2014/8/4,3944,5109,33,690300,583,28700,114,359500,2305,14300
2014/8/5,3945,6919,38,633200,161,52700,123,342900,777,26300
2014/8/6,3946,0354,15,1243300,286,51800,53,647500,1242,25900
2014/8/7,3947,6579,14,1086000,313,45200,64,565600,1427,22600
2014/8/8,3948,1455,15,1143500,165,95200,58,619300,704,47600
2014/8/11,3949,1251,17,956800,280,79700,54,518200,1146,39800
2014/8/12,3950,8425,21,1073800,310,44700,52,559200,1306,22300
2014/8/13,3951,0529,57,488500,370,20300,165,254400,1796,10100
2014/8/14,3952,6205,29,965900,266,40200,56,503000,1305,20100
2014/8/15,3953,3723,26,867500,125,72200,96,469800,747,36100
2014/8/18,3954,0103,35,789000,233,65700,86,427300,1236,32800
2014/8/19,3955,3729,40,524700,424,21800,160,273200,2046,10900
2014/8/20,3956,2602,20,1106300,141,92100,44,599200,865,46000
2014/8/21,3957,5595,26,941900,71,235400,55,588600,235,117700
2014/8/22,3958,5668,18,933300,156,77700,82,505500,826,38800
2014/8/25,3959,8360,13,1167700,419,48600,64,608100,1859,24300
2014/8/26,3960,0307,25,975400,153,81200,71,528300,619,40600
2014/8/27,3961,9897,10,1186200,135,98800,61,642500,802,49400
2014/8/28,3962,0296,30,764300,396,31800,100,398000,1895,15900
2014/8/29,3963,0581,17,871200,481,36300,71,453700,2347,18100
2014/9/1,3964,2330,38,968400,182,80700,71,524500,769,40300
2014/9/2,3965,7748,16,1141800,149,95100,58,618400,677,47500
2014/9/3,3966,8547,28,836400,392,34800,82,435600,1839,17400
2014/9/4,3967,6122,37,826900,217,68900,56,447900,927,34400
2014/9/5,3968,7327,18,1009000,193,84000,67,546500,807,42000
2014/9/8,3969,3161,21,1171800,165,97600,61,634700,790,48800
2014/9/9,3970,4886,18,938600,204,78200,58,508400,938,39100
2014/9/10,3971,2026,13,1156600,143,96300,66,626400,686,48100
2014/9/11,3972,5146,26,813600,361,33900,90,423700,1787,16900
2014/9/12,3973,3045,20,1067800,334,44400,65,556100,1508,22200
2014/9/15,3974,9322,10,1428700,158,119000,43,773800,744,59500
2014/9/16,3975,1748,14,844400,376,35100,86,439700,1782,17500
2014/9/17,3976,0101,14,868700,107,144700,63,506700,573,72300
2014/9/18,3977,8102,19,735500,458,30600,85,383000,2527,15300
2014/9/19,3978,7409,19,917100,335,38200,79,477600,1816,19100
2014/9/22,3979,0113,53,516000,378,43000,117,279500,1869,21500
2014/9/23,3980,0402,32,763900,134,63600,84,413700,663,31800
2014/9/24,3981,8793,17,991500,354,41300,61,516400,1637,20600
2014/9/25,3982,6950,21,763100,439,31700,91,397400,2109,15800
2014/9/26,3983,6983,23,852100,419,35500,78,443800,1995,17700
2014/9/29,3984,5166,20,1175600,149,97900,77,636700,610,48900
2014/9/30,3985,7549,17,972400,339,40500,69,506400,1623,20200
2014/10/1,3986,4729,36,700000,410,29100,106,364500,1837,14500
2014/10/2,3987,9962,15,1002100,172,83500,65,542800,875,41700
2014/10/3,3988,4264,24,832900,139,69400,106,451100,732,34700
2014/10/6,3989,1482,29,860000,455,35800,81,447900,1860,17900
2014/10/7,3990,9948,15,990700,180,82500,69,536600,694,41200
2014/10/8,3991,7188,13,1139400,144,94900,63,617100,706,47400
2014/10/9,3992,4891,28,699700,532,29100,80,364400,2325,14500
2014/10/10,3993,7615,15,1341600,292,55900,41,698700,1352,27900
2014/10/13,3994,2604,21,984500,364,41000,64,512700,1530,20500
2014/10/14,3995,5163,22,807400,343,33600,79,420500,1692,16800
2014/10/15,3996,3549,15,915600,398,38100,88,476800,1778,19000
2014/10/16,3997,5051,15,1180200,153,98300,57,639200,726,49100
2014/10/17,3998,0134,15,1074500,422,44700,50,559600,1913,22300
2014/10/20,3999,1018,306,168000,439,14000,579,91000,1188,7000
2014/10/21,4000,0793,12,1234600,275,51400,48,643000,1440,25700
2014/10/22,4001,3915,26,776900,406,32300,80,404600,2048,16100
2014/10/23,4002,4784,11,1107100,149,92200,68,599600,737,46100
2014/10/24,4003,1542,15,1222900,358,50900,45,636900,1620,25400
2014/10/27,4004,7383,14,1265000,200,105400,50,685200,904,52700
2014/10/28,4005,9209,12,1300100,146,108300,41,704200,734,54100
2014/10/29,4006,4344,37,609100,90,152200,130,380600,243,76100
2014/10/30,4007,9124,14,984800,435,41000,62,512900,1886,20500
2014/10/31,4008,0621,68,411800,577,17100,209,214400,2691,8500
2014/11/3,4009,7893,24,915200,446,38100,74,476600,1849,19000
2014/11/4,4010,7457,12,1297000,148,108000,43,702500,661,54000
2014/11/5,4011,4851,27,781800,422,32500,80,407100,2156,16200
2014/11/6,4012,9739,12,1448200,134,120600,45,784400,531,60300
2014/11/7,4013,6584,18,1037500,334,43200,64,540300,1760,21600
2014/11/10,4014,3722,26,975000,201,81200,76,528100,899,40600
2014/11/11,4015,8598,13,1403200,118,116900,46,760000,530,58400
2014/11/12,4016,7780,26,1167800,109,97300,54,632500,534,48600
2014/11/13,4017,6326,21,903700,155,75300,74,489500,895,37600
2014/11/14,4018,1784,12,918000,431,38200,83,478100,1910,19100
2014/11/17,4019,0286,17,1340700,389,55800,37,698200,1635,27900
2014/11/18,4020,8704,14,1223700,264,50900,46,637300,1405,25400
2014/11/19,4021,3087,18,1062600,291,44200,61,553400,1579,22100
2014/11/20,4022,1976,39,768500,271,32000,94,400200,1464,16000
2014/11/21,4023,7807,11,1306500,146,108800,50,707600,686,54400
2014/11/24,4024,7728,10,1278000,148,106500,69,692200,610,53200
2014/11/25,4025,0006,20,1019100,51,254700,64,636900,171,127300
2014/11/26,4026,4498,23,1245000,114,103700,45,674300,548,51800
2014/11/27,4027,7381,34,757700,473,31500,81,394600,1933,15700
2014/11/28,4028,6799,24,1019600,113,84900,85,552200,600,42400
2014/12/1,4029,8954,21,1079800,477,44900,64,562300,1778,22400
2014/12/2,4030,9450,21,994400,366,41400,52,517900,1746,20700
2014/12/3,4031,6392,23,971900,374,40400,60,506100,1773,20200
2014/12/4,4032,7842,14,971600,444,40400,57,506000,1956,20200
2014/12/5,4033,2884,10,1158400,175,96500,68,627400,755,48200
2014/12/8,4034,3342,13,1340000,215,111600,42,725800,852,55800
2014/12/9,4035,9614,14,938600,395,39100,69,488800,1866,19500
2014/12/10,4036,8186,10,1568000,105,130600,45,849300,589,65300
2014/12/11,4037,1171,17,552200,185,138000,100,345100,515,69000
2014/12/12,4038,5533,29,928400,83,154700,76,541500,353,77300
2014/12/15,4039,4368,34,805900,534,33500,115,419700,2062,16700
2014/12/16,4040,9840,25,892800,415,37200,67,465000,1790,18600
2014/12/17,4041,1896,26,824500,471,34300,86,429400,1938,17100
2014/12/18,4042,1713,26,917800,204,76400,70,497100,871,38200
2014/12/19,4043,5686,30,911100,159,75900,87,493500,771,37900
2014/12/22,4044,3305,22,1397000,131,116400,57,756700,644,58200
2014/12/23,4045,4621,38,634800,554,26400,80,330600,2537,13200
2014/12/24,4046,4596,20,1031500,330,42900,74,537200,1702,21400
2014/12/25,4047,6120,47,683300,511,28400,94,355800,2332,14200
2014/12/26,4048,3281,22,1102000,366,45900,62,573900,1743,22900
2014/12/29,4049,8424,25,932400,232,77700,99,505000,1039,38800
2014/12/30,4050,8684,30,596400,349,49700,125,323000,1418,24800
2015/1/5,4051,0782,12,1484200,368,61800,45,773000,1801,30900
2015/1/6,4052,4931,23,857900,452,35700,72,446800,2144,17800
2015/1/7,4053,3058,29,815900,383,33900,102,424900,1908,16900
2015/1/8,4054,9946,20,974600,171,81200,80,527900,710,40600
2015/1/9,4055,4337,13,1200300,138,100000,63,650100,775,50000
2015/1/12,4056,2069,40,809600,383,33700,104,421600,1773,16800
2015/1/13,4057,5113,23,952300,171,79300,67,515800,822,39600
2015/1/14,4058,1284,20,824900,421,34300,98,429600,1985,17100
2015/1/15,4059,5810,33,825900,367,34400,76,430100,1660,17200
2015/1/16,4060,2142,12,993600,266,82800,49,538200,1168,41400
2015/1/19,4061,1918,41,846100,215,70500,89,458300,876,35200
2015/1/20,4062,1841,21,751800,208,62600,93,407200,1093,31300
2015/1/21,4063,0909,34,794300,98,132300,91,463300,329,66100
2015/1/22,4064,7802,22,1087700,283,45300,56,566500,1357,22600
2015/1/23,4065,3496,10,1003900,473,41800,67,522800,2093,20900
2015/1/26,4066,9353,28,977600,170,81400,95,529500,813,40700
2015/1/27,4067,7176,15,1201300,118,100100,59,650700,693,50000
2015/1/28,4068,3404,21,1194700,118,99500,60,647100,602,49700
2015/1/29,4069,2807,21,1061400,387,44200,50,552800,1750,22100
2015/1/30,4070,1666,18,1191700,56,297900,57,744800,163,148900
2015/2/2,4071,7941,31,771000,610,32100,95,401500,2594,16000
2015/2/3,4072,9935,16,1236400,133,103000,54,669700,638,51500
2015/2/4,4073,7281,27,923000,403,38400,61,480700,1930,19200
2015/2/5,4074,7028,25,535400,813,22300,119,278800,3398,11100
2015/2/6,4075,4228,18,926800,189,77200,94,502000,837,38600
2015/2/9,4076,1470,33,865900,450,36000,91,450900,1904,18000
2015/2/10,4077,8312,26,857900,362,35700,87,446800,1530,17800
2015/2/11,4078,2805,26,803400,419,33400,88,418400,1700,16700
2015/2/12,4079,6736,16,1357800,115,113100,49,735400,630,56500
2015/2/13,4080,5142,24,1082500,422,45100,52,563800,1754,22500
2015/2/16,4081,5096,20,1047400,494,43600,68,545500,2313,21800
2015/2/17,4082,9048,9,1184400,307,49300,67,616800,1487,24600
2015/2/18,4083,7739,30,805200,173,67100,113,436100,675,33500
2015/2/19,4084,7112,28,793900,258,66100,54,430000,1385,33000
2015/2/20,4085,2827,24,751300,289,62600,100,406900,1095,31300
2015/2/23,4086,2457,44,802600,485,33400,97,418000,2005,16700
2015/2/24,4087,6405,16,1231400,277,51300,50,641300,1454,25600
2015/2/25,4088,5180,32,926900,441,38600,60,482700,1846,19300
2015/2/26,4089,3516,35,705600,398,29400,116,367500,1827,14700
2015/2/27,4090,9524,29,981300,378,40800,68,511000,1707,20400
2015/3/2,4091,1096,24,947700,426,39400,94,493500,2077,19700
2015/3/3,4092,2654,23,972000,340,40500,66,506200,1676,20200
2015/3/4,4093,0519,57,630500,392,26200,118,328300,1804,13100
2015/3/5,4094,2166,14,1115000,146,92900,74,603900,740,46400
2015/3/6,4095,3539,22,1029900,186,85800,73,557800,724,42900
2015/3/9,4096,8573,29,898200,524,37400,70,467800,2262,18700
2015/3/10,4097,1191,19,740100,84,185000,82,462500,358,92500
2015/3/11,4098,9846,16,956000,392,39800,70,497900,1896,19900
2015/3/12,4099,2370,27,887800,425,36900,64,462300,1885,18400
2015/3/13,4100,7078,19,919500,203,76600,88,498000,892,38300
2015/3/16,4101,9154,17,932100,582,38800,71,485400,2502,19400
2015/3/17,4102,3533,18,1278800,49,319700,42,799200,175,159800
2015/3/18,4103,6459,13,1032300,377,43000,65,537600,1756,21500
2015/3/19,4104,2469,48,605000,402,25200,129,315100,1725,12600
2015/3/20,4105,7203,17,1025600,379,42700,61,534100,1910,21300
2015/3/23,4106,2371,50,754200,556,31400,73,392800,2273,15700
2015/3/24,4107,9007,9,1361600,117,113400,52,737500,610,56700
2015/3/25,4108,0175,14,1197100,352,49800,51,623400,1593,24900
2015/3/26,4109,8876,9,1150800,157,95900,71,623300,740,47900
2015/3/27,4110,0542,10,1314500,401,54700,27,684600,1989,27300
2015/3/30,4111,6776,36,1222500,96,203700,40,713100,298,101800
2015/3/31,4112,1770,14,1266000,130,105500,44,685700,765,52700
2015/4/1,4113,6223,15,1151600,144,95900,59,623700,769,47900
2015/4/2,4114,5046,16,1248600,267,52000,63,650300,1158,26000
2015/4/3,4115,9387,9,915000,439,38100,80,476500,2218,19000
2015/4/6,4116,9840,24,965600,526,40200,74,502900,1954,20100
2015/4/7,4117,6008,12,1360200,97,113300,46,736700,658,56600
2015/4/8,4118,2196,19,947500,383,39400,65,493400,1765,19700
2015/4/9,4119,5708,16,1095400,309,45600,57,570500,1666,22800
2015/4/10,4120,6739,31,557200,412,23200,195,290200,1810,11600
2015/4/13,4121,8620,26,950000,512,39500,74,494700,1758,19700
2015/4/14,4122,6990,13,1199000,125,99900,54,649400,667,49900
2015/4/15,4123,2584,23,917400,419,38200,78,477800,1913,19100
2015/4/16,4124,6779,34,935000,167,77900,74,506400,725,38900
2015/4/17,4125,8099,44,823300,192,68600,80,445900,762,34300
2015/4/20,4126,9314,26,952000,474,39600,83,495800,1861,19800
2015/4/21,4127,4788,19,1034900,125,86200,81,560500,677,43100
2015/4/22,4128,2864,23,742600,543,30900,106,386700,2098,15400
2015/4/23,4129,0563,13,1191000,444,49600,50,620300,1524,24800
2015/4/24,4130,1884,28,1065500,173,88700,59,577100,734,44300
2015/4/27,4131,3795,35,716700,716,29800,105,373200,2698,14900
2015/4/28,4132,6220,29,822700,179,68500,88,445600,866,34200
2015/4/29,4133,1166,12,1157700,101,192900,54,675300,297,96400
2015/4/30,4134,8474,16,1058000,233,88100,57,573000,854,44000
2015/5/1,4135,2794,27,756400,510,31500,109,393900,2004,15700
2015/5/4,4136,6637,11,1476300,124,123000,57,799600,546,61500
2015/5/5,4137,3953,19,879200,205,73200,62,476200,852,36600
2015/5/6,4138,0009,36,751400,65,187800,88,469600,173,93900
2015/5/7,4139,6758,12,940300,433,39100,72,489700,1883,19500
2015/5/8,4140,3215,38,818500,417,34100,75,426300,1769,17000
2015/5/11,4141,8615,49,696000,524,29000,109,362500,2220,14500
2015/5/12,4142,8657,11,1071000,376,44600,57,557800,1592,22300
2015/5/13,4143,3349,17,1152800,114,96000,66,624400,677,48000
2015/5/14,4144,3993,34,708600,126,118100,84,413300,468,59000
2015/5/15,4145,2222,402,265600,0,0,0,0,0,0
2015/5/18,4146,9778,16,1176500,167,98000,56,637200,928,49000
2015/5/19,4147,9904,23,1174300,112,97800,55,636000,517,48900
2015/5/20,4148,5864,20,938100,434,39000,65,488500,1798,19500
2015/5/21,4149,6950,18,1030300,388,42900,47,536600,1939,21400
2015/5/22,4150,6231,30,830100,397,34500,78,432300,1916,17200
2015/5/25,4151,7901,20,971100,412,40400,92,505700,1821,20200
2015/5/26,4152,6910,25,861500,334,35800,81,448600,1664,17900
2015/5/27,4153,6569,14,1177800,154,98100,62,637900,672,49000
2015/5/28,4154,6530,22,1158100,275,48200,56,603100,1282,24100
2015/5/29,4155,8492,33,759200,438,31600,97,395400,1895,15800
2015/6/1,4156,6637,51,873400,153,72700,86,473000,641,36300
2015/6/2,4157,6359,33,544800,633,22700,117,283700,2970,11300
2015/6/3,4158,2141,25,856900,241,71400,42,464100,1241,35700
2015/6/4,4159,7809,26,694300,449,28900,119,361600,1932,14400
2015/6/5,4160,3096,22,849700,453,35400,73,442500,2076,17700
2015/6/8,4161,8779,20,945500,203,78700,88,512100,912,39300
2015/6/9,4162,6770,40,851400,101,70900,81,461100,499,35400
2015/6/10,4163,7145,21,1040200,321,43300,59,541700,1631,21600
2015/6/11,4164,7819,22,814600,292,33900,102,424200,1708,16900
2015/6/12,4165,0335,12,1492200,101,124300,46,808200,597,62100
2015/6/15,4166,7433,19,1318600,186,109800,51,714200,760,54900
2015/6/16,4167,6898,17,1082100,136,90100,66,586100,783,45000
2015/6/17,4168,4023,19,961700,293,40000,89,500800,1629,20000
2015/6/18,4169,9177,14,1229600,137,102400,52,666000,770,51200
2015/6/19,4170,6426,31,1099300,163,91600,48,595400,682,45800
2015/6/22,4171,1990,61,681200,185,56700,126,368900,901,28300
2015/6/23,4172,8256,22,912900,362,38000,69,475400,1777,19000
2015/6/24,4173,2870,25,803700,478,33400,74,418500,2219,16700
2015/6/25,4174,7993,15,1099200,185,91600,69,595400,705,45800
2015/6/26,4175,4914,24,1008200,172,84000,64,546100,797,42000
2015/6/29,4176,3104,158,321600,491,13400,320,167500,1823,6700
2015/6/30,4177,3058,30,722700,392,30100,113,376400,1752,15000
2015/7/1,4178,8390,12,1239500,267,51600,58,645500,1515,25800
2015/7/2,4179,7965,14,983400,349,40900,85,512100,1720,20400
2015/7/3,4180,6100,13,1293800,153,107800,44,700800,828,53900
2015/7/6,4181,1568,29,820300,511,34100,98,427200,2204,17000
2015/7/7,4182,1690,13,981100,386,40800,63,510900,2008,20400
2015/7/8,4183,9461,10,1065500,404,44300,52,554900,2138,22100
2015/7/9,4184,1564,131,275700,509,11400,349,143500,2045,5700
2015/7/10,4185,5453,15,1184100,148,98600,59,641300,784,49300
2015/7/13,4186,5702,22,1055000,411,43900,60,549400,1971,21900
2015/7/14,4187,6834,22,988700,334,41100,58,514900,1548,20500
2015/7/15,4188,5341,19,775000,324,32200,132,403600,1567,16100
2015/7/16,4189,4105,21,839900,332,34900,86,437400,1855,17400
2015/7/17,4190,7124,24,865200,381,36000,77,450600,1906,18000
2015/7/20,4191,0963,17,1030000,488,42900,56,536400,1814,21400
2015/7/21,4192,6765,12,1141400,122,95100,68,618200,618,47500
2015/7/22,4193,2699,18,1054600,144,87800,66,571200,665,43900
2015/7/23,4194,8145,22,861300,448,35800,60,448500,2049,17900
2015/7/24,4195,2384,28,798100,360,33200,94,415600,1821,16600
2015/7/27,4196,0555,15,1265900,67,316400,59,791100,179,158200
2015/7/28,4197,2922,18,974900,63,243700,66,609300,181,121800
2015/7/29,4198,5235,19,1192700,129,99300,45,646000,699,49600
2015/7/30,4199,8063,19,1125700,252,46900,57,586300,1374,23400
2015/7/31,4200,7469,26,643400,499,26800,125,335100,2313,13400
2015/8/3,4201,4468,15,1124300,142,93600,82,608900,690,46800
2015/8/4,4202,9960,16,1140500,122,95000,52,617700,685,47500
2015/8/5,4203,9792,12,1468800,94,122400,45,795600,559,61200
2015/8/6,4204,9089,18,1014200,158,84500,73,549300,618,42200
2015/8/7,4205,0075,16,1293000,129,107700,40,700300,710,53800
2015/8/10,4206,3472,15,1071400,381,44600,70,558000,1770,22300
2015/8/11,4207,0553,13,1288200,119,107300,41,697700,683,53600
2015/8/12,4208,0029,26,1004700,165,83700,48,544200,744,41800
2015/8/13,4209,5872,12,1109900,317,46200,53,578000,1527,23100
2015/8/14,4210,8771,19,929400,185,77400,77,503400,866,38700
2015/8/17,4211,6383,18,1212300,174,101000,52,656600,841,50500
2015/8/18,4212,9878,18,831700,212,69300,70,450500,1115,34600
2015/8/19,4213,2956,33,665900,386,27700,131,346800,1739,13800
2015/8/20,4214,9259,27,841000,153,70000,91,455500,752,35000
2015/8/21,4215,9386,17,938000,470,39000,55,488500,2251,19500
2015/8/24,4216,5920,31,821900,502,34200,85,428000,2281,17100
2015/8/25,4217,1318,30,887000,142,73900,74,480400,675,36900
2015/8/26,4218,7426,25,854400,460,35600,71,445000,1917,17800
2015/8/27,4219,6677,24,1080500,81,180000,58,630200,297,90000
2015/8/28,4220,3364,25,1054800,144,87900,65,571300,683,43900
2015/8/31,4221,8399,25,1128500,180,94000,62,611200,791,47000
2015/9/1,4222,8377,10,1191700,126,99300,57,645500,768,49600
2015/9/2,4223,7859,16,855000,426,35600,94,445300,2000,17800
2015/9/3,4224,5037,16,1235500,297,51400,53,643400,1347,25700
2015/9/4,4225,1757,13,1056900,166,88000,74,572400,841,44000
2015/9/7,4226,5733,38,700400,330,58300,91,379300,1359,29100
2015/9/8,4227,3930,29,912500,100,76000,74,494200,667,38000
2015/9/9,4228,4554,14,1276100,82,212600,48,744300,253,106300
2015/9/10,4229,6425,19,859900,406,35800,88,447800,1657,17900
2015/9/11,4230,5109,25,796700,440,33100,96,414900,1898,16500
2015/9/14,4231,6255,27,1025300,172,85400,74,555300,796,42700
2015/9/15,4232,3545,31,948700,177,79000,54,513800,686,39500
2015/9/16,4233,6284,21,916000,487,38100,61,477000,1882,19000
2015/9/17,4234,7166,29,1023900,110,85300,64,554600,553,42600
2015/9/18,4235,8225,14,1219600,155,101600,50,660600,763,50800
2015/9/21,4236,5540,39,1069500,111,89100,46,579300,592,44500
2015/9/22,4237,0597,14,1169600,247,48700,46,609100,1310,24300
2015/9/23,4238,6231,10,1141000,316,47500,50,594200,1504,23700
2015/9/24,4239,5187,18,873500,360,36300,87,454900,1581,18100
2015/9/25,4240,6013,39,839200,274,34900,77,437000,1560,17400
2015/9/28,4241,3318,35,812000,197,67600,114,439800,818,33800
2015/9/29,4242,0661,6,1618400,133,134800,31,876600,665,67400
2015/9/30,4243,4099,24,1112200,140,92600,62,602400,593,46300
2015/10/1,4244,5442,15,1413000,134,117700,34,765300,637,58800
2015/10/2,4245,4056,13,1025700,284,42700,86,534200,1568,21300
2015/10/5,4246,4355,34,815100,291,67900,76,441500,1117,33900
2015/10/6,4247,4109,25,799900,323,33300,93,416600,1772,16600
2015/10/7,4248,5660,19,1081600,113,90100,80,585800,547,45000
2015/10/8,4249,1815,29,894300,180,74500,75,484400,676,37200
2015/10/9,4250,3847,21,1063400,342,44300,57,553800,1588,22100
2015/10/12,4251,4065,27,939100,350,39100,80,489100,1524,19500
2015/10/13,4252,7865,14,859400,407,35800,71,447600,1903,17900
2015/10/14,4253,2298,24,905900,191,75400,69,490600,776,37700
2015/10/15,4254,9074,12,974100,429,40500,72,507300,2059,20200
2015/10/16,4255,3209,19,979300,439,40800,68,510000,1762,20400
2015/10/19,4256,0989,14,1173300,223,97700,58,635500,938,48800
2015/10/20,4257,9437,17,1121100,376,46700,49,583900,1536,23300
2015/10/21,4258,1550,29,967800,177,80600,59,524200,819,40300
2015/10/22,4259,4750,14,934700,363,38900,91,486800,1626,19400
2015/10/23,4260,2603,30,948300,341,39500,64,493900,1812,19700
2015/10/26,4261,9030,20,919100,227,76500,88,497800,1099,38200
2015/10/27,4262,8880,26,924000,65,231000,59,577500,239,115500
2015/10/28,4263,1731,23,984300,175,82000,66,533100,782,41000
2015/10/29,4264,3433,14,1329600,63,332400,46,831000,156,166200
2015/10/30,4265,9043,29,953900,376,39700,67,496800,1610,19800
2015/11/2,4266,0416,56,574900,406,23900,173,299400,2011,11900
2015/11/3,4267,7706,9,1351900,114,112600,47,732200,584,56300
2015/11/4,4268,8741,14,982800,385,40900,70,511800,1844,20400
2015/11/5,4269,4121,20,880200,265,73300,58,476700,1082,36600
2015/11/6,4270,3748,25,830800,369,34600,102,432700,1644,17300
2015/11/9,4271,7522,18,1037500,194,86400,71,561900,941,43200
2015/11/10,4272,1702,22,858100,469,35700,50,446900,2215,17800
2015/11/11,4273,9395,13,1182500,208,98500,52,640500,695,49200
2015/11/12,4274,2819,21,918900,324,38200,81,478500,1580,19100
2015/11/13,4275,8000,61,526100,92,131500,141,328800,203,65700
2015/11/16,4276,2953,25,984700,400,41000,69,512800,1838,20500
2015/11/17,4277,3449,12,1156500,151,96300,43,626400,797,48100
2015/11/18,4278,6743,20,881500,425,36700,66,459100,1777,18300
2015/11/19,4279,3919,25,867800,156,72300,86,470000,745,36100
2015/11/20,4280,8620,13,1055600,364,43900,64,549700,1672,21900
2015/11/23,4281,5231,27,942600,414,39200,69,490900,1505,19600
2015/11/24,4282,9631,25,860600,361,35800,61,448200,1763,17900
2015/11/25,4283,0887,16,1106000,143,92100,64,599000,655,46000
2015/11/26,4284,9603,24,918800,348,38200,68,478500,1592,19100
2015/11/27,4285,3619,27,783100,451,32600,87,407800,1935,16300
2015/11/30,4286,1417,46,630800,221,52500,145,341600,1062,26200
2015/12/1,4287,1018,73,403200,222,33600,217,218400,945,16800
2015/12/2,4288,6170,26,1051700,276,43800,59,547700,1383,21900
2015/12/3,4289,1063,39,703700,421,29300,92,366500,1840,14600
2015/12/4,4290,2118,26,699200,292,58200,83,378700,1335,29100
2015/12/7,4291,1809,27,623000,655,25900,130,324400,3284,12900
2015/12/8,4292,1370,15,904700,430,37600,64,471100,2033,18800
2015/12/9,4293,2727,19,1028100,75,171300,74,599700,310,85600
2015/12/10,4294,1263,32,836300,351,34800,69,435500,1913,17400
2015/12/11,4295,7899,24,754400,155,62800,126,408600,860,31400
2015/12/14,4296,7409,37,828400,432,34500,96,431400,2015,17200
2015/12/15,4297,8937,22,877900,425,36500,78,457200,1997,18200
2015/12/16,4298,4078,51,675500,388,28100,118,351800,1745,14000
2015/12/17,4299,5866,16,975500,201,81200,70,528300,1021,40600
2015/12/18,4300,2901,24,825800,525,34400,78,430100,2390,17200
2015/12/21,4301,5306,17,1275500,428,53100,58,664300,1573,26500
2015/12/22,4302,7376,19,1060400,149,88300,52,574300,956,44100
2015/12/23,4303,5132,14,1123300,344,46800,58,585000,1490,23400
2015/12/24,4304,4690,24,833600,383,34700,113,434100,1629,17300
2015/12/25,4305,6790,34,898900,400,37400,71,468100,1995,18700
2015/12/28,4306,4468,27,1154100,225,96100,73,625100,721,48000
2015/12/29,4307,8354,28,939500,412,39100,70,489300,1787,19500
2015/12/30,4308,5496,23,891800,557,37100,78,464400,2209,18500
2016/1/4,4309,6778,36,783900,161,65300,123,424600,764,32600
2016/1/5,4310,5456,29,684000,218,57000,126,370500,1023,28500
2016/1/6,4311,3619,31,688100,465,28600,116,358300,2107,14300
2016/1/7,4312,5865,17,1240000,139,103300,51,671600,688,51600
2016/1/8,4313,6186,22,1065500,144,88700,67,577100,768,44300
2016/1/11,4314,5621,31,952000,444,39600,77,495800,1771,19800
2016/1/12,4315,2227,29,862500,67,215600,82,539000,184,107800
2016/1/13,4316,2956,24,906600,363,37700,80,472100,1640,18800
2016/1/14,4317,1944,55,636800,153,53000,120,344900,718,26500
2016/1/15,4318,8955,20,1109800,161,92400,70,601100,635,46200
2016/1/18,4319,4150,33,918700,426,38200,69,478400,1921,19100
2016/1/19,4320,8252,16,1305800,145,108800,36,707300,639,54400
2016/1/20,4321,8339,19,921500,187,76700,66,499100,932,38300
2016/1/21,4322,2489,25,983200,296,40900,76,512000,1351,20400
2016/1/22,4323,1492,38,714900,452,29700,98,372300,1975,14800
2016/1/25,4324,5696,21,1053500,128,87700,91,570600,689,43800
2016/1/26,4325,7323,15,1221400,140,101700,48,661500,697,50800
2016/1/27,4326,5526,24,988700,156,82300,75,535500,733,41100
2016/1/28,4327,4893,40,853300,316,35500,70,444400,1608,17700
2016/1/29,4328,0599,13,1192000,138,99300,64,645600,695,49600
2016/2/1,4329,9021,39,717700,649,29900,95,373800,2665,14900
2016/2/2,4330,0908,61,490100,229,40800,142,265400,994,20400
2016/2/3,4331,1499,18,1011700,167,84300,63,548000,900,42100
2016/2/4,4332,8845,39,600900,254,50000,119,325400,1119,25000
2016/2/5,4333,2339,39,748500,149,62300,109,405400,787,31100
2016/2/8,4334,9359,15,1264600,232,105300,47,684900,829,52600
2016/2/9,4335,3120,19,875100,402,36400,67,455700,1985,18200
2016/2/10,4336,3276,22,923700,391,38400,63,481000,1974,19200
2016/2/11,4337,8813,22,954700,158,79500,72,517100,652,39700
2016/2/12,4338,8365,12,978300,401,40700,70,509500,2069,20300
2016/2/15,4339,8458,18,1161700,183,96800,74,629200,798,48400
2016/2/16,4340,8329,34,508600,476,21100,205,264800,2153,10500
2016/2/17,4341,5738,26,878300,478,36500,69,457400,1991,18200
2016/2/18,4342,3157,40,661300,505,27500,112,344400,2176,13700
2016/2/19,4343,7027,21,947300,195,78900,79,513100,914,39400
2016/2/22,4344,8368,23,1088100,215,90600,67,589300,840,45300
2016/2/23,4345,2332,30,733700,140,122200,86,427900,423,61100
2016/2/24,4346,8831,27,886300,169,73800,87,480000,757,36900
2016/2/25,4347,1576,21,1030800,292,42900,84,536800,1349,21400
2016/2/26,4348,9766,9,1314700,150,109500,65,712100,675,54700
2016/2/29,4349,3730,37,996800,181,83000,70,539900,844,41500
2016/3/1,4350,9933,12,1131900,115,188600,43,660200,421,94300
2016/3/2,4351,2600,16,1184100,120,98600,69,641300,682,49300
2016/3/3,4352,5028,20,977900,335,40700,80,509300,1592,20300
2016/3/4,4353,4944,17,770800,135,192700,88,481700,288,96300
2016/3/7,4354,1975,43,745600,417,31000,126,388300,1652,15500
2016/3/8,4355,6429,14,1030000,338,42900,72,536400,1510,21400
2016/3/9,4356,0736,14,1242500,311,51700,43,647100,1462,25800
2016/3/10,4357,7486,35,898300,296,37400,67,467800,1565,18700
2016/3/11,4358,3876,27,764000,477,31800,91,397900,2122,15900
2016/3/14,4359,5252,23,753800,180,125600,74,439700,675,62800
2016/3/15,4360,0448,19,1328400,115,110700,42,719500,543,55300
2016/3/16,4361,7742,23,985000,193,82000,54,533500,861,41000
2016/3/17,4362,8126,24,922900,339,38400,73,480600,1567,19200
2016/3/18,4363,2293,23,1043500,145,86900,57,565200,821,43400
2016/3/21,4364,7711,28,767400,161,127900,68,447600,531,63900
2016/3/22,4365,0570,28,954300,131,79500,64,516900,606,39700
2016/3/23,4366,6375,19,1085200,369,45200,47,565200,1553,22600
2016/3/24,4367,8188,29,911400,72,227800,57,569600,201,113900
2016/3/25,4368,5148,23,884000,394,36800,79,460400,1718,18400
2016/3/28,4369,7777,485,238900,0,0,0,0,0,0
2016/3/29,4370,6861,10,1539100,124,128200,32,833600,575,64100
2016/3/30,4371,0551,15,1040300,201,86600,56,563400,897,43300
2016/3/31,4372,6585,15,1044400,183,87000,59,565700,857,43500
2016/4/1,4373,3823,14,879400,165,73200,101,476300,849,36600
2016/4/4,4374,4131,23,906200,220,75500,91,490800,901,37700
2016/4/5,4375,8622,16,856300,198,71300,85,463800,866,35600
2016/4/6,4376,4735,23,860300,381,35800,76,448000,1945,17900
2016/4/7,4377,3744,36,731200,160,60900,86,396000,780,30400
2016/4/8,4378,3642,28,919900,372,38300,69,479100,1581,19100
2016/4/11,4379,8525,21,996000,225,83000,68,539500,940,41500
2016/4/12,4380,7701,25,1059800,134,88300,51,574000,656,44100
2016/4/13,4381,1701,23,726200,260,60500,69,393300,1295,30200
2016/4/14,4382,7930,12,1239500,285,51600,53,645500,1340,25800
2016/4/15,4383,8459,14,909900,417,37900,102,473900,1776,18900
2016/4/18,4384,5781,15,976300,520,40600,83,508400,1986,20300
2016/4/19,4385,1084,25,971300,344,40400,54,505800,1690,20200
2016/4/20,4386,2994,19,967700,195,80600,75,524100,777,40300
2016/4/21,4387,3141,30,907600,120,75600,81,491600,624,37800
2016/4/22,4388,7439,41,743000,408,30900,91,386900,1809,15400
2016/4/25,4389,3778,45,776300,159,64600,119,420400,782,32300
2016/4/26,4390,4217,25,863300,363,35900,84,449600,1621,17900
2016/4/27,4391,8034,22,1164800,272,48500,59,606600,1295,24200
2016/4/28,4392,2335,32,808700,166,67300,91,438000,780,33600
2016/4/29,4393,6051,11,1042200,371,43400,63,542800,1687,21700
2016/5/2,4394,1548,22,943600,473,39300,78,491400,2106,19600
2016/5/3,4395,5906,18,810100,418,33700,68,421900,1932,16800
2016/5/4,4396,3942,22,1036500,274,43100,50,539800,1475,21500
2016/5/5,4397,9013,25,804200,407,33500,73,418800,1785,16700
2016/5/6,4398,4392,26,884900,337,36800,81,460800,1527,18400
2016/5/9,4399,1308,38,762400,534,31700,85,397000,2268,15800
2016/5/10,4400,4418,39,737300,148,61400,95,399300,688,30700
2016/5/11,4401,8132,22,863900,421,35900,78,449900,1749,17900
2016/5/12,4402,7482,26,933100,367,38800,58,485900,1748,19400
2016/5/13,4403,0483,12,1431800,289,59600,37,745700,1400,29800
2016/5/16,4404,0154,27,994900,531,41400,45,518100,2047,20700
2016/5/17,4405,7546,25,935700,304,38900,68,487300,1342,19400
2016/5/18,4406,6117,26,950900,159,79200,67,515000,738,39600
2016/5/19,4407,0869,8,1569300,276,65300,29,817300,1335,32600
2016/5/20,4408,1775,29,909100,151,75700,75,492400,763,37800
2016/5/23,4409,8403,20,1193800,361,49700,50,621700,1589,24800
2016/5/24,4410,8113,14,1160700,169,96700,44,628700,712,48300
2016/5/25,4411,9104,25,899700,343,37400,71,468500,1794,18700
2016/5/26,4412,3747,21,1144300,150,95300,49,619800,678,47600
2016/5/27,4413,7398,14,923300,445,38400,64,480800,2176,19200
2016/5/30,4414,1376,18,1028500,406,42800,73,535600,1811,21400
2016/5/31,4415,3940,26,914600,322,38100,76,476300,1354,19000
2016/6/1,4416,9082,26,1013200,327,42200,53,527700,1731,21100
2016/6/2,4417,7299,23,1091300,153,90900,53,591100,683,45400
2016/6/3,4418,1297,20,905200,494,37700,56,471400,2209,18800
2016/6/6,4419,3659,29,809900,516,33700,92,421800,2116,16800
2016/6/7,4420,3629,33,713100,373,29700,94,371400,1682,14800
2016/6/8,4421,2688,30,939900,156,78300,61,509100,730,39100
2016/6/9,4422,2401,21,876600,364,36500,61,456500,2023,18200
2016/6/10,4423,7530,20,1119200,320,46600,51,582900,1469,23300
2016/6/13,4424,1949,90,428700,207,35700,224,232200,665,17800
2016/6/14,4425,0411,38,551900,221,45900,120,298900,1155,22900
2016/6/15,4426,6150,59,543400,520,22600,131,283000,2218,11300
2016/6/16,4427,8976,11,891100,436,37100,83,464100,1964,18500
2016/6/17,4428,5942,22,1011300,394,42100,67,526700,1586,21000
2016/6/20,4429,9044,30,991500,182,82600,75,537000,785,41300
2016/6/21,4430,4406,20,1004000,107,83600,79,543800,592,41800
2016/6/22,4431,7028,25,846300,372,35200,84,440700,1697,17600
2016/6/23,4432,3567,24,906700,319,37700,80,472200,1512,18800
2016/6/24,4433,7935,28,706400,584,29400,96,367900,2191,14700
2016/6/27,4434,0643,20,1325700,356,55200,45,690400,1507,27600
2016/6/28,4435,0846,11,921200,394,38300,76,479700,1924,19100
2016/6/29,4436,7253,37,650100,494,27000,113,338500,2185,13500
2016/6/30,4437,8984,23,1142900,126,95200,68,619000,514,47600
2016/7/1,4438,8080,53,617000,136,102800,97,359900,483,51400
2016/7/4,4439,7318,36,679500,562,28300,122,353900,2202,14100
2016/7/5,4440,3014,45,695300,380,28900,81,362100,1809,14400
2016/7/6,4441,8872,16,1390900,109,115900,44,753400,590,57900
2016/7/7,4442,7982,23,754500,462,31400,96,392900,2032,15700
2016/7/8,4443,5179,28,962300,333,40000,68,501100,1500,20000
2016/7/11,4444,8392,21,954700,448,39700,82,497200,1932,19800
2016/7/12,4445,4315,22,1086500,271,45200,51,565800,1385,22600
2016/7/13,4446,8082,12,1212200,116,101000,62,656600,657,50500
2016/7/14,4447,2948,33,802700,310,33400,84,418000,1596,16700
2016/7/15,4448,4744,21,1028200,62,257000,62,642600,211,128500
2016/7/18,4449,7409,32,565700,603,23500,157,294600,2282,11700
2016/7/19,4450,3068,14,915300,325,38100,87,476700,1331,19000
2016/7/20,4451,5556,11,1311900,59,327900,52,819900,141,163900
2016/7/21,4452,4473,14,1214700,107,101200,62,657900,554,50600
2016/7/22,4453,4380,20,783000,498,32600,87,407800,2082,16300
2016/7/25,4454,4800,18,1152300,200,96000,54,624100,859,48000
2016/7/26,4455,9750,15,1134900,298,47200,52,591000,1398,23600
2016/7/27,4456,4277,21,1170600,152,97500,46,634000,702,48700
2016/7/28,4457,2024,18,1033100,144,86000,71,559500,677,43000
2016/7/29,4458,5956,11,1281600,125,106800,58,694200,672,53400
2016/8/1,4459,2913,45,742000,417,30900,96,386400,1922,15400
2016/8/2,4460,9083,25,842400,348,35100,77,438700,1557,17500
2016/8/3,4461,5813,29,737100,452,30700,87,383900,2003,15300
2016/8/4,4462,9995,16,1075200,52,268800,63,672000,178,134400
2016/8/5,4463,2008,34,850400,175,70800,71,460600,713,35400
2016/8/8,4464,9401,19,1158700,352,48200,48,603400,1658,24100
2016/8/9,4465,8391,21,662500,533,27600,80,345000,2508,13800
2016/8/10,4466,0668,14,1324600,112,110300,44,717400,633,55100
2016/8/11,4467,7869,19,778500,449,32400,71,405400,1910,16200
2016/8/12,4468,4605,12,1255800,254,52300,52,654000,1311,26100
2016/8/15,4469,8208,22,1258200,162,104800,43,681500,705,52400
2016/8/16,4470,0311,34,551900,258,45900,109,298900,1416,22900
2016/8/17,4471,1065,12,1038900,322,43200,67,541000,1693,21600
2016/8/18,4472,3838,52,566400,133,94400,108,330400,426,47200
2016/8/19,4473,5863,23,693000,617,28800,90,360900,2471,14400
2016/8/22,4474,1776,24,993200,145,82700,79,537900,705,41300
2016/8/23,4475,4097,22,762100,416,31700,83,396900,1964,15800
2016/8/24,4476,9484,18,1363800,132,113600,30,738700,643,56800
2016/8/25,4477,1904,10,1065000,397,44300,57,554600,1861,22100
2016/8/26,4478,8699,19,874000,181,72800,87,473400,910,36400
2016/8/29,4479,9929,13,1279300,60,319800,66,799500,165,159900
2016/8/30,4480,7736,12,1176000,125,98000,58,637000,646,49000
2016/8/31,4481,1355,23,930800,184,77500,73,504100,843,38700
2016/9/1,4482,0025,6,1474500,150,122800,39,798600,704,61400
2016/9/2,4483,0388,24,952300,188,79300,61,515800,873,39600
2016/9/5,4484,6869,34,766300,218,63800,109,415000,978,31900
2016/9/6,4485,9228,16,1239500,154,103200,36,671300,703,51600
2016/9/7,4486,6732,20,986800,344,41100,60,513900,1725,20500
2016/9/8,4487,7656,20,1247300,105,103900,52,675600,488,51900
2016/9/9,4488,3952,29,887600,403,36900,64,462200,1777,18400
2016/9/12,4489,6572,14,1089300,487,45300,59,567300,1889,22600
2016/9/13,4490,3537,37,697500,207,58100,79,377800,894,29000
2016/9/14,4491,2861,13,1155900,240,48100,63,602000,1445,24000
2016/9/15,4492,8220,16,1067800,145,88900,54,578300,837,44400
2016/9/16,4493,7281,20,848400,492,35300,82,441800,1740,17600
2016/9/19,4494,9024,30,891200,365,37100,69,464100,1658,18500
2016/9/20,4495,9109,19,784300,228,65300,67,424800,843,32600
2016/9/21,4496,8014,35,687500,466,28600,86,358000,2067,14300
2016/9/22,4497,7170,19,944400,151,78700,55,511500,793,39300
2016/9/23,4498,6765,33,890700,135,74200,81,482400,625,37100
2016/9/26,4499,4564,24,931100,212,77500,84,504300,813,38700
2016/9/27,4500,1362,13,1140800,335,47500,44,594100,1555,23700
2016/9/28,4501,1613,26,810300,194,67500,76,438900,903,33700
2016/9/29,4502,7015,20,1086800,271,45200,54,566000,1422,22600
2016/9/30,4503,8597,14,923200,456,38400,68,480800,2057,19200
2016/10/3,4504,2964,15,1017900,452,42400,81,530100,1610,21200
2016/10/4,4505,9427,16,891700,384,37100,73,464400,1705,18500
2016/10/5,4506,4439,15,946400,132,78800,99,512600,590,39400
2016/10/6,4507,1019,105,304500,221,25300,295,164900,885,12600
2016/10/7,4508,8786,31,902200,148,75100,72,488600,685,37500
2016/10/10,4509,8019,37,521200,703,21700,135,271400,2886,10800
2016/10/11,4510,1098,35,586600,550,24400,83,305500,2491,12200
2016/10/12,4511,0237,14,1234700,280,51400,39,643000,1563,25700
2016/10/13,4512,6838,12,1358300,132,113100,33,735700,696,56500
2016/10/14,4513,9384,20,1029800,453,42900,54,536300,1781,21400
2016/10/17,4514,1404,21,987700,225,82300,64,535000,1055,41100
2016/10/18,4515,3741,50,535600,453,22300,143,278900,1877,11100
2016/10/19,4516,0995,8,2037000,96,169700,23,1103300,509,84800
2016/10/20,4517,2277,17,1135300,69,189200,61,662200,292,94600
2016/10/21,4518,3081,22,995000,378,41400,54,518200,1814,20700
2016/10/24,4519,4820,24,924700,490,38500,76,481600,1894,19200
2016/10/25,4520,5930,24,951900,341,39600,68,495700,1333,19800
2016/10/26,4521,5030,25,884400,172,73700,77,479000,857,36800
2016/10/27,4522,5550,45,606100,113,151500,106,378800,227,75700
2016/10/28,4523,0494,14,1416900,125,118000,31,767400,707,59000
2016/10/31,4524,8953,34,885500,471,36800,74,461100,1846,18400
2016/11/1,4525,7543,16,1074200,359,44700,49,559400,1649,22300
2016/11/2,4526,2073,13,1258400,328,52400,45,655400,1510,26200
2016/11/3,4527,5404,15,1075200,98,89600,71,582400,614,44800
2016/11/4,4528,5831,18,947200,460,39400,69,493300,1760,19700
2016/11/7,4529,5314,34,884100,468,36800,78,460400,1792,18400
2016/11/8,4530,2645,17,982900,369,40900,62,511900,1512,20400
2016/11/9,4531,6433,20,996400,146,83000,70,539700,686,41500
2016/11/10,4532,3294,10,1348600,274,56100,39,702300,1501,28000
2016/11/11,4533,0371,16,977400,436,40700,55,509000,1997,20300
2016/11/14,4534,9771,19,1266000,169,105500,49,685700,715,52700
2016/11/15,4535,3756,34,847300,284,35300,75,441300,1331,17600
2016/11/16,4536,1097,13,1044100,313,43500,67,543800,1679,21700
2016/11/17,4537,0328,45,525900,372,21900,173,273900,1755,10900
2016/11/18,4538,3094,17,918500,433,38200,77,478300,1698,19100
2016/11/21,4539,8469,23,945200,445,39300,77,492200,1794,19600
2016/11/22,4540,9817,34,872100,269,36300,63,454200,1474,18100
2016/11/23,4541,5769,11,1121100,291,46700,56,583900,1437,23300
2016/11/24,4542,0990,69,721300,80,120200,41,420700,273,60100
2016/11/25,4543,1415,33,852500,169,71000,78,461700,705,35500
2016/11/28,4544,3695,28,843100,498,35100,80,439100,2124,17500
2016/11/29,4545,2150,18,955200,411,39800,49,497500,1934,19900
2016/11/30,4546,8573,14,995800,461,41400,58,518600,1893,20700
2016/12/1,4547,3057,20,862000,384,35900,88,448900,1724,17900
2016/12/2,4548,3669,78,588500,202,49000,93,318700,791,24500
2016/12/5,4549,0261,11,873600,850,36400,41,455000,3255,18200
2016/12/6,4550,0750,12,1277400,123,106400,52,691900,599,53200
2016/12/7,4551,4802,17,1015900,350,42300,71,529100,1511,21100
2016/12/8,4552,9583,28,830100,487,34500,62,432300,1955,17200
2016/12/9,4553,7633,23,915800,175,76300,83,496000,765,38100
2016/12/12,4554,4761,13,1173200,422,48800,58,611000,1879,24400
2016/12/13,4555,6612,15,1125000,151,93700,61,609300,591,46800
2016/12/14,4556,6007,15,1275900,135,106300,53,691100,595,53100
2016/12/15,4557,4796,16,902400,429,37600,88,470000,1911,18800
2016/12/16,4558,6121,32,546800,454,45500,87,296100,2000,22700
2016/12/19,4559,0420,40,833000,167,69400,125,451200,670,34700
2016/12/20,4560,8322,24,1092500,138,91000,52,591700,739,45500
2016/12/21,4561,3080,22,1028700,198,85700,57,557200,878,42800
2016/12/22,4562,6058,10,1178600,302,49100,75,613800,1375,24500
2016/12/23,4563,1018,102,335200,267,27900,263,181500,942,13900
2016/12/26,4564,4753,30,865000,486,36000,99,450500,1989,18000
2016/12/27,4565,0905,34,653500,206,54400,134,353900,807,27200
2016/12/28,4566,7703,18,1044200,171,87000,82,565600,702,43500
2016/12/29,4567,7546,14,977900,441,40700,78,509300,1827,20300
2016/12/30,4568,3598,15,1022000,444,42500,69,532200,1972,21200
2017/1/4,4569,4599,22,888300,168,74000,94,481100,749,37000
2017/1/5,4570,4823,23,943400,362,39300,71,491300,1515,19600
2017/1/6,4571,5575,15,1158500,69,289600,56,724000,184,144800
2017/1/9,4572,1241,23,841800,322,70100,67,455900,1299,35000
2017/1/10,4573,3799,26,933000,131,77700,91,505300,584,38800
2017/1/11,4574,0960,13,1352900,151,112700,35,732800,773,56300
2017/1/12,4575,3230,12,1188900,163,99000,54,643900,730,49500
2017/1/13,4576,4034,13,1181200,156,98400,54,639800,801,49200
2017/1/16,4577,0818,51,559800,278,46600,169,303200,975,23300
2017/1/17,4578,9459,11,1327800,123,110600,51,719200,583,55300
2017/1/18,4579,4863,21,921100,366,38300,82,479700,1607,19100
2017/1/19,4580,9032,16,1121900,331,46700,48,584300,1662,23300
2017/1/20,4581,7097,10,1217100,146,101400,60,659200,705,50700
2017/1/23,4582,6940,18,1274700,345,53100,47,663900,1565,26500
2017/1/24,4583,2054,10,1134300,327,47200,51,590700,1620,23600
2017/1/25,4584,2508,21,940100,343,39100,76,489600,1728,19500
2017/1/26,4585,9178,13,1331100,316,55400,41,693200,1398,27700
2017/1/27,4586,1300,16,1045300,208,87100,40,566200,1119,43500
2017/1/30,4587,1912,33,693000,331,57700,83,375300,1534,28800
2017/1/31,4588,6652,24,1234000,112,102800,38,668400,632,51400
2017/2/1,4589,6646,33,987900,57,246900,62,617400,157,123400
2017/2/2,4590,6109,15,913700,342,38000,77,475800,1881,19000
2017/2/3,4591,3402,7,1103400,397,45900,64,574600,1838,22900
2017/2/6,4592,3293,20,967900,232,80600,79,524200,895,40300
2017/2/7,4593,4787,13,1137200,122,94700,62,615900,677,47300
2017/2/8,4594,1702,13,847600,523,35300,64,441400,2508,17600
2017/2/9,4595,8785,11,1089700,120,90800,70,590200,672,45400
2017/2/10,4596,1320,27,764600,491,31800,72,398200,2308,15900
2017/2/13,4597,5571,27,1107800,169,92300,59,600000,712,46100
2017/2/14,4598,7837,16,1140700,132,95000,45,617800,748,47500
2017/2/15,4599,7985,14,869900,575,36200,74,453000,2327,18100
2017/2/16,4600,7499,24,934800,190,77900,72,506300,825,38900
2017/2/17,4601,3877,13,1120000,134,93300,70,606600,812,46600
2017/2/20,4602,7328,33,790900,538,32900,96,411900,2277,16400
2017/2/21,4603,4088,29,947400,125,78900,73,513100,644,39400
2017/2/22,4604,5256,23,1144000,128,95300,62,619600,624,47600
2017/2/23,4605,4671,14,1094200,305,45500,67,569800,1498,22700
2017/2/24,4606,5812,27,857800,404,35700,86,446700,1841,17800
2017/2/27,4607,2882,29,800100,140,133300,101,466700,490,66600
2017/2/28,4608,1347,29,764500,458,31800,96,398100,1667,15900
2017/3/1,4609,9139,26,948900,176,79000,77,513900,743,39500
2017/3/2,4610,1340,12,1037400,365,43200,61,540300,1858,21600
2017/3/3,4611,7925,16,1101800,415,45900,60,573800,1625,22900
2017/3/6,4612,0474,11,1197900,234,99800,61,648800,846,49900
2017/3/7,4613,6505,7,1436300,114,119600,51,777900,582,59800
2017/3/8,4614,8319,38,710100,420,29500,95,369800,1915,14700
2017/3/9,4615,4756,25,897900,381,37400,77,467600,1487,18700
2017/3/10,4616,1515,50,631500,105,105200,114,368300,390,52600
2017/3/13,4617,3806,26,1017900,350,42400,80,530100,1486,21200
2017/3/14,4618,3748,27,578600,487,24100,141,301300,2061,12000
2017/3/15,4619,5750,14,1479300,114,123200,34,801200,634,61600
2017/3/16,4620,9808,14,1240600,125,103300,58,671900,601,51600
2017/3/17,4621,0681,18,1228300,378,51100,33,639700,1563,25500
2017/3/20,4622,2898,20,1115800,140,92900,72,604300,545,46400
2017/3/21,4623,7959,15,1114900,136,92900,47,603900,695,46400
2017/3/22,4624,0289,11,1115500,382,46400,50,580900,1716,23200
2017/3/23,4625,4378,19,913600,436,38000,64,475800,1685,19000
2017/3/24,4626,8194,11,1089100,343,45300,64,567200,1703,22600
2017/3/27,4627,8576,29,800600,617,33300,69,416900,2415,16600
2017/3/28,4628,1709,18,1074200,298,44700,53,559400,1538,22300
2017/3/29,4629,4995,29,873600,198,72800,64,473200,876,36400
2017/3/30,4630,5793,27,817800,469,34000,76,425900,1750,17000
2017/3/31,4631,3491,26,862500,360,35900,76,449200,1750,17900
2017/4/3,4632,2581,31,949000,442,39500,66,494200,1741,19700
2017/4/4,4633,0924,75,526500,285,21900,129,274200,1280,10900
2017/4/5,4634,5971,15,894500,388,37200,86,465800,1658,18600
2017/4/6,4635,9800,17,901900,178,75100,75,488500,841,37500
2017/4/7,4636,8667,29,968800,136,80700,60,524700,711,40300
2017/4/10,4637,2519,23,915500,473,38100,69,476800,1951,19000
2017/4/11,4638,9742,10,1111800,359,46300,41,579000,1611,23100
2017/4/12,4639,5951,15,1060300,147,88300,58,574300,756,44100
2017/4/13,4640,7223,17,1121900,130,93400,51,607600,700,46700
2017/4/14,4641,8661,23,1235400,125,102900,51,669100,598,51400
2017/4/17,4642,0062,19,1357900,140,113100,40,735500,770,56500
2017/4/18,4643,5520,20,960600,149,80000,69,520300,730,40000
2017/4/19,4644,2966,17,1092500,133,91000,71,591700,573,45500
2017/4/20,4645,5881,12,1061400,133,88400,75,574900,734,44200
2017/4/21,4646,1307,26,869900,465,36200,69,453000,1868,18100
2017/4/24,4647,1315,29,879500,201,73200,89,476300,859,36600
2017/4/25,4648,2159,20,908600,418,37800,59,473200,1873,18900
2017/4/26,4649,3787,21,749500,185,62400,109,405900,868,31200
2017/4/27,4650,8402,17,1016600,368,42300,55,529400,1858,21100
2017/4/28,4651,6154,18,963900,394,40100,62,502000,2054,20000
2017/5/1,4652,5474,19,1084500,226,90300,62,587400,830,45100
2017/5/2,4653,4087,20,1114900,276,46400,57,580600,1304,23200
2017/5/3,4654,1919,57,519800,110,86600,128,303200,290,43300
2017/5/4,4655,6347,12,1075500,312,44800,57,560100,1346,22400
2017/5/5,4656,5696,10,1410000,133,117500,46,763700,476,58700
2017/5/8,4657,0202,21,881300,116,146800,90,514000,405,73400
2017/5/9,4658,1755,32,895000,148,74500,60,484700,611,37200
2017/5/10,4659,6841,15,1143500,355,47600,41,595500,1547,23800
2017/5/11,4660,5458,10,1339600,127,111600,54,725600,523,55800
2017/5/12,4661,2851,17,918600,417,38200,69,478400,1800,19100
2017/5/15,4662,5134,21,958900,385,39900,87,499400,1590,19900
2017/5/16,4663,3906,18,910200,370,37900,68,474000,1617,18900
2017/5/17,4664,9129,22,921500,181,76700,65,499100,746,38300
2017/5/18,4665,6423,16,1235700,268,51400,46,643500,1212,25700
2017/5/19,4666,8653,30,779600,505,32400,70,406000,1895,16200
2017/5/22,4667,7568,36,678300,571,28200,98,353200,2308,14100
2017/5/23,4668,6181,11,1219500,136,101600,52,660500,578,50800
2017/5/24,4669,0209,20,851300,163,70900,77,461100,826,35400
2017/5/25,4670,9017,17,927500,384,38600,65,483000,1730,19300
2017/5/26,4671,2238,34,854900,126,71200,85,463000,641,35600
2017/5/29,4672,5853,29,725200,277,60400,89,392800,1210,30200
2017/5/30,4673,6541,19,1046200,331,43500,36,544800,1706,21700
2017/5/31,4674,6806,7,1431300,114,119200,52,775200,525,59600
2017/6/1,4675,9483,19,1161700,236,48400,47,605000,1406,24200
2017/6/2,4676,5351,15,1194600,131,99500,49,647000,730,49700
2017/6/5,4677,9295,10,1322400,155,110200,58,716300,667,55100
2017/6/6,4678,9179,22,1069000,125,89000,55,579000,561,44500
2017/6/7,4679,4874,15,1014400,151,84500,62,549400,718,42200
2017/6/8,4680,3847,20,605600,577,25200,120,315400,2241,12600
2017/6/9,4681,3192,28,878600,319,36600,69,457600,1638,18300
2017/6/12,4682,6669,23,1090300,64,272500,63,681400,165,136200
2017/6/13,4683,2318,37,683900,255,28400,112,356100,1251,14200
2017/6/14,4684,4523,22,1004700,304,41800,56,523200,1332,20900
2017/6/15,4685,6003,18,1095600,137,91300,53,593400,823,45600
2017/6/16,4686,0823,53,596900,302,24800,147,310800,1425,12400
2017/6/19,4687,0795,15,1316000,353,54800,45,685400,1557,27400
2017/6/20,4688,9963,18,976400,164,81300,63,528800,765,40600
2017/6/21,4689,8627,30,912500,261,38000,68,475200,1212,19000
2017/6/22,4690,6554,16,1231300,139,102600,42,666900,693,51300
2017/6/23,4691,8239,29,730800,587,30400,87,380600,1975,15200
2017/6/26,4692,8766,20,1387300,147,115600,38,751400,699,57800
2017/6/27,4693,1171,33,489600,179,122400,101,306000,443,61200
2017/6/28,4694,8647,26,838000,318,34900,79,436400,1656,17400
2017/6/29,4695,0973,15,1277800,273,53200,43,665500,1333,26600
2017/6/30,4696,2450,20,951600,383,39600,70,495600,1716,19800
2017/7/3,4697,0551,19,915000,229,76200,77,495600,998,38100
2017/7/4,4698,6995,20,806300,183,67100,84,436700,765,33500
2017/7/5,4699,3997,39,608700,222,50700,125,329700,800,25300
2017/7/6,4700,6180,17,1121300,314,46700,57,584000,1376,23300
2017/7/7,4701,4348,41,774800,148,64500,86,419600,747,32200
2017/7/10,4702,0101,40,590000,210,98300,84,344100,729,49100
2017/7/11,4703,5169,19,925500,356,38500,59,482000,1626,19200
2017/7/12,4704,0096,4,1388300,169,115600,35,751900,741,57800
2017/7/13,4705,3233,15,1112400,63,278100,55,695200,152,139000
2017/7/14,4706,3600,24,986300,163,82100,56,534200,756,41000
2017/7/17,4707,4714,32,768100,184,64000,87,416000,828,32000
2017/7/18,4708,4993,13,1109200,147,92400,53,600800,605,46200
2017/7/19,4709,2966,15,1194400,127,99500,55,646900,537,49700
2017/7/20,4710,8855,15,815100,138,135800,74,475400,410,67900
2017/7/21,4711,1534,14,1277500,304,53200,43,665300,1261,26600
2017/7/24,4712,8462,20,933900,512,38900,63,486400,1865,19400
2017/7/25,4713,6297,15,1105700,313,46000,45,575800,1490,23000
2017/7/26,4714,7979,15,1002700,78,167100,68,584900,309,83500
2017/7/27,4715,1605,17,1038400,309,43200,57,540800,1491,21600
2017/7/28,4716,9114,28,848000,169,70600,73,459300,801,35300
2017/7/31,4717,6730,24,1148500,300,47800,59,598100,1245,23900
2017/8/1,4718,6985,10,881400,385,36700,71,459000,1899,18300
2017/8/2,4719,2429,36,788800,149,65700,85,427200,599,32800
2017/8/3,4720,8620,34,857500,267,35700,71,446600,1283,17800
2017/8/4,4721,5547,19,1186800,112,98900,51,642800,598,49400
2017/8/7,4722,1876,19,1091900,325,45400,56,568600,1495,22700
2017/8/8,4723,5851,20,950900,133,79200,62,515000,676,39600
2017/8/9,4724,7394,10,951300,388,39600,65,495400,1691,19800
2017/8/10,4725,7877,17,851900,80,212900,79,532400,182,106400
2017/8/11,4726,6631,19,915000,177,76200,59,495600,708,38100
2017/8/14,4727,9045,24,901500,381,37500,70,469500,1521,18700
2017/8/15,4728,5636,21,1163000,147,96900,39,629900,553,48400
2017/8/16,4729,7984,22,672600,354,28000,126,350300,1794,14000
2017/8/17,4730,6380,3,1189300,381,49500,56,619400,1577,24700
2017/8/18,4731,4540,11,1398100,106,116500,49,757300,604,58200
2017/8/21,4732,3219,25,916900,417,38200,80,477500,1750,19100
2017/8/22,4733,7511,19,1079900,165,89900,46,584900,647,44900
2017/8/23,4734,5200,6,1177300,182,98100,46,637700,784,49000
2017/8/24,4735,1743,23,970000,342,40400,49,505200,1592,20200
2017/8/25,4736,7385,16,947300,441,39400,62,493300,1904,19700
2017/8/28,4737,6729,31,1028400,321,42800,66,535600,1499,21400
2017/8/29,4738,3543,15,973900,138,81100,73,527500,721,40500
2017/8/30,4739,3702,20,979800,337,40800,59,510300,1597,20400
2017/8/31,4740,2738,22,875000,352,36400,75,455700,1728,18200
2017/9/1,4741,5194,14,877600,546,36500,67,457000,2153,18200
2017/9/4,4742,0053,14,1013000,308,84400,61,548700,917,42200
2017/9/5,4743,7614,13,1085600,341,45200,53,565400,1509,22600
2017/9/6,4744,0137,14,1116700,433,46500,27,581600,1882,23200
2017/9/7,4745,7259,20,872100,483,36300,65,454200,1663,18100
2017/9/8,4746,4538,20,914600,434,38100,67,476300,1776,19000
2017/9/11,4747,2023,36,924800,187,77000,67,500900,766,38500
2017/9/12,4748,7436,8,1096500,390,45600,49,571000,1537,22800
2017/9/13,4749,0490,6,1822100,106,151800,20,986900,643,75900
2017/9/14,4750,0531,51,500700,445,20800,139,260700,2218,10400
2017/9/15,4751,1936,33,658500,431,27400,112,342900,1976,13700
2017/9/18,4752,2682,12,1102900,178,91900,60,597400,736,45900
2017/9/19,4753,3613,9,1035000,127,86200,75,560600,641,43100
2017/9/20,4754,5012,24,833200,370,34700,64,433900,1863,17300
2017/9/21,4755,2100,12,953200,238,79400,39,516300,1068,39700
2017/9/22,4756,3162,22,771500,510,32100,71,401800,2037,16000
2017/9/25,4757,9810,29,725600,614,30200,89,377900,2522,15100
2017/9/26,4758,1431,20,1017200,183,84700,47,550900,737,42300
2017/9/27,4759,5224,23,953500,183,79400,49,516400,828,39700
2017/9/28,4760,0671,9,1493100,254,62200,29,777600,1339,31100
2017/9/29,4761,3236,19,908200,178,75600,77,491900,869,37800
2017/10/2,4762,6538,19,883500,496,36800,74,460100,2131,18400
2017/10/3,4763,3357,22,847900,173,70600,80,459200,694,35300
2017/10/4,4764,2135,31,765000,471,31800,68,398400,1826,15900
2017/10/5,4765,2524,27,965900,149,80400,63,523100,627,40200
2017/10/6,4766,9159,24,995800,137,82900,55,539300,755,41400
2017/10/9,4767,5859,28,874800,178,72900,78,473800,702,36400
2017/10/10,4768,7920,7,1203300,256,50100,50,626700,1464,25000
2017/10/11,4769,2699,16,998800,125,83200,68,541000,721,41600
2017/10/12,4770,8061,14,1042700,318,43400,57,543000,1524,21700
2017/10/13,4771,6856,33,776500,223,64700,76,420600,939,32300
2017/10/16,4772,6708,21,1105900,410,46000,65,575900,1285,23000
2017/10/17,4773,6863,24,1030500,153,85800,48,558100,678,42900
2017/10/18,4774,7187,18,1024900,173,85400,58,555100,734,42700
2017/10/19,4775,4615,22,806700,341,33600,83,420100,1707,16800
2017/10/20,4776,6897,17,709700,569,29500,104,369600,2155,14700
2017/10/23,4777,6135,26,863400,372,35900,78,449600,1898,17900
2017/10/24,4778,5359,12,1020400,190,85000,62,552700,703,42500
2017/10/25,4779,3309,34,860800,127,71700,77,466200,611,35800
2017/10/26,4780,6341,25,881700,342,36700,71,459200,1603,18300
2017/10/27,4781,6701,22,1111900,299,46300,57,579100,1275,23100
2017/10/30,4782,9542,21,1198800,427,49900,35,624300,1621,24900
2017/10/31,4783,4924,27,898800,141,74900,62,486800,793,37400
2017/11/1,4784,3880,13,1101700,174,91800,52,596700,755,45900
2017/11/2,4785,1343,5,1349800,118,112400,51,731100,689,56200
2017/11/3,4786,3185,28,719900,484,29900,73,374900,1973,14900
2017/11/6,4787,2533,19,1107900,208,92300,54,600100,796,46100
2017/11/7,4788,7893,17,821000,349,34200,85,427600,1736,17100
2017/11/8,4789,8560,7,1251200,281,52100,56,651600,1240,26000
2017/11/9,4790,2114,24,715300,304,59600,67,387400,1108,29800
2017/11/10,4791,6351,31,716100,477,29800,84,372900,1995,14900
2017/11/13,4792,4700,16,1217000,174,101400,46,659200,799,50700
2017/11/14,4793,9033,7,1533700,124,127800,34,830700,509,63900
2017/11/15,4794,5808,18,1151300,120,95900,52,623600,641,47900
2017/11/16,4795,5360,13,1212300,294,50500,49,631400,1261,25200
2017/11/17,4796,5863,21,577900,678,24000,128,300900,2557,12000
2017/11/20,4797,8642,22,834800,598,34700,83,434700,1864,17300
2017/11/21,4798,9840,19,871700,356,36300,75,454000,1516,18100
2017/11/22,4799,3598,22,853400,396,35500,68,444400,1711,17700
2017/11/23,4800,9182,14,1164300,270,48500,39,606400,1446,24200
2017/11/24,4801,7288,24,960700,123,80000,76,520300,677,40000
2017/11/27,4802,9698,11,1116200,176,93000,71,604600,832,46500
2017/11/28,4803,6229,21,1002600,139,83500,52,543000,753,41700
2017/11/29,4804,0740,31,950000,136,79100,54,514500,652,39500
2017/11/30,4805,6287,21,1117800,263,46500,51,582100,1270,23200
2017/12/1,4806,9035,9,1157600,356,48200,63,602900,1451,24100
2017/12/4,4807,1556,31,903500,163,75200,83,489300,779,37600
2017/12/5,4808,2348,19,936400,318,39000,71,487700,1377,19500
2017/12/6,4809,4974,20,783500,162,65200,102,424300,746,32600
2017/12/7,4810,4991,32,725800,197,60400,85,393100,880,30200
2017/12/8,4811,0382,8,1402800,335,58400,29,730600,1595,29200
2017/12/11,4812,3627,36,750400,436,31200,106,390800,1858,15600
2017/12/12,4813,8528,14,1075300,138,89600,59,582400,668,44800
2017/12/13,4814,1920,15,763500,451,31800,84,397600,2269,15900
2017/12/14,4815,8835,24,799000,175,66500,76,432700,921,33200
2017/12/15,4816,6907,10,1179700,291,49100,75,614400,1412,24500
2017/12/18,4817,0991,34,920500,267,76700,60,498600,957,38300
2017/12/19,4818,8318,13,1000400,158,83300,74,541800,741,41600
2017/12/20,4819,8333,28,900400,91,225100,55,562700,227,112500
2017/12/21,4820,9436,13,971500,388,40400,77,505900,1667,20200
2017/12/22,4821,0587,17,1134200,315,47200,58,590700,1537,23600
2017/12/25,4822,8894,13,1546800,161,128900,46,837800,629,64400
2017/12/26,4823,6933,24,778400,216,64800,85,421600,1046,32400
2017/12/27,4824,4543,27,784000,234,65300,92,424600,923,32600
2017/12/28,4825,9664,33,755100,207,62900,103,409000,839,31400
2017/12/29,4826,7789,44,507800,336,42300,186,275000,1276,21100
2018/1/4,4827,5319,39,752000,488,31300,86,391600,1896,15600
2018/1/5,4828,6489,16,933200,448,38800,64,486000,1936,19400
2018/1/8,4829,5346,36,644100,731,26800,107,335400,2598,13400
2018/1/9,4830,9751,15,1234400,334,51400,37,642900,1522,25700
2018/1/10,4831,1523,30,764900,379,31800,102,398300,1705,15900
2018/1/11,4832,5820,18,1079800,366,44900,51,562300,1547,22400
2018/1/12,4833,7751,23,912300,164,76000,86,494100,642,38000
2018/1/15,4834,6605,42,980900,149,81700,74,531300,561,40800
2018/1/16,4835,5564,22,770000,187,64100,92,417000,906,32000
2018/1/17,4836,3506,11,1351100,277,56200,48,703600,1136,28100
2018/1/18,4837,6110,11,976700,209,81300,50,529000,1081,40600
2018/1/19,4838,3027,23,788400,365,32800,107,410600,1654,16400
2018/1/22,4839,3146,28,956500,425,39800,64,498100,1683,19900
2018/1/23,4840,0341,28,698800,364,29100,95,363900,1747,14500
2018/1/24,4841,6443,13,1126600,153,93800,50,610200,701,46900
2018/1/25,4842,0517,63,537800,311,22400,145,280100,1293,11200
2018/1/26,4843,8334,6,1454200,138,121100,42,787600,669,60500
2018/1/29,4844,9016,28,877900,394,36500,85,457200,1913,18200
2018/1/30,4845,4945,18,1066900,163,88900,53,577900,665,44400
2018/1/31,4846,4148,18,1307400,132,108900,45,708100,534,54400
2018/2/1,4847,7163,24,1072500,324,44600,42,558500,1518,22300
2018/2/2,4848,8905,11,1240700,256,51600,62,646100,1256,25800
2018/2/5,4849,2859,23,947000,425,39400,80,493200,1720,19700
2018/2/6,4850,2666,14,1713700,30,428400,29,1071000,113,214200
2018/2/7,4851,2864,24,738400,515,30700,77,384500,2013,15300
2018/2/8,4852,2675,20,931700,318,38800,75,485200,1404,19400
2018/2/9,4853,9600,16,1083100,136,90200,65,586600,747,45100
2018/2/12,4854,9246,26,970000,362,40400,59,505200,1529,20200
2018/2/13,4855,1509,20,914700,308,38100,56,476400,1716,19000
2018/2/14,4856,6647,19,1100900,120,91700,58,596300,584,45800
2018/2/15,4857,3275,19,882300,509,36700,65,459500,2071,18300
2018/2/16,4858,1540,15,1149200,331,47800,51,598500,1702,23900
2018/2/19,4859,5550,25,1067500,75,266800,63,667100,197,133400
2018/2/20,4860,4687,26,942400,327,39200,62,490800,1432,19600
2018/2/21,4861,8987,12,1004400,167,83700,69,544000,804,41800
2018/2/22,4862,2979,14,1114100,130,92800,61,603400,698,46400
2018/2/23,4863,0757,9,1050100,166,87500,74,568800,863,43700
2018/2/26,4864,5510,28,696400,270,58000,126,377200,1177,29000
2018/2/27,4865,7336,16,1266100,138,105500,41,685800,648,52700
2018/2/28,4866,0626,54,693700,138,57800,106,375700,570,28900
2018/3/1,4867,5061,21,871300,446,36300,60,453800,1960,18100
2018/3/2,4868,1107,128,310700,222,25800,260,168200,1022,12900
2018/3/5,4869,6976,5,1643000,132,136900,48,889900,598,68400
2018/3/6,4870,3501,11,903100,393,37600,64,470300,2142,18800
2018/3/7,4871,8083,24,932000,135,77600,78,504800,638,38800
2018/3/8,4872,7475,23,1044200,104,87000,59,565600,575,43500
2018/3/9,4873,3159,32,673700,397,28000,120,350800,1745,14000
2018/3/12,4874,1028,169,262200,635,10900,356,136500,2413,5400
2018/3/13,4875,5193,24,1002700,325,41700,37,522200,1705,20800
2018/3/14,4876,5563,19,965000,152,80400,73,522700,665,40200
2018/3/15,4877,6566,10,1121200,63,280300,59,700700,186,140100
2018/3/16,4878,0015,21,725900,251,60400,85,393100,1120,30200
2018/3/19,4879,5637,23,861300,472,35800,100,448500,1733,17900
2018/3/20,4880,5593,20,1032900,170,86000,48,559400,722,43000
2018/3/21,4881,4378,20,736000,341,30600,95,383300,1731,15300
2018/3/22,4882,0662,10,1690600,110,140800,27,915700,559,70400
2018/3/23,4883,2752,32,835700,194,69600,75,452600,826,34800
2018/3/26,4884,9923,18,944900,216,78700,97,511800,788,39300
2018/3/27,4885,4445,9,1106900,62,276700,53,691800,216,138300
2018/3/28,4886,6562,14,1315200,142,109600,43,712400,573,54800
2018/3/29,4887,8823,114,245900,297,20400,400,133100,995,10200
2018/3/30,4888,5424,15,1247200,149,103900,46,675500,704,51900
2018/4/2,4889,9304,21,1240500,389,51600,47,646000,1419,25800
2018/4/3,4890,3794,30,828300,328,34500,73,431400,1457,17200
2018/4/4,4891,4950,26,880800,326,36700,71,458700,1562,18300
2018/4/5,4892,3940,37,675600,400,28100,108,351800,1603,14000
2018/4/6,4893,2896,58,655700,290,27300,98,341500,1405,13600
2018/4/9,4894,4115,22,1121900,156,93400,62,607600,702,46700
2018/4/10,4895,6359,30,571000,604,23700,109,297300,2431,11800
2018/4/11,4896,8549,13,985100,406,41000,59,513000,1666,20500
2018/4/12,4897,6818,18,1162300,140,96800,50,629500,617,48400
2018/4/13,4898,2560,18,1221000,298,50800,53,635900,1450,25400
2018/4/16,4899,9991,16,960900,100,240200,84,600500,232,120100
2018/4/17,4900,8323,30,998500,132,83200,46,540800,696,41600
2018/4/18,4901,0593,12,1237400,316,51500,46,644400,1450,25700
2018/4/19,4902,2166,12,1143800,167,95300,64,619500,619,47600
2018/4/20,4903,9161,17,743700,302,61900,74,402800,1327,30900
2018/4/23,4904,1125,132,324700,279,27000,286,175800,892,13500
2018/4/24,4905,0035,14,974500,181,81200,62,527800,755,40600
2018/4/25,4906,4198,24,822200,356,34200,97,428200,1413,17100
2018/4/26,4907,0796,6,1471300,275,61300,47,766300,1238,30600
2018/4/27,4908,9631,15,742900,523,30900,105,386900,2334,15400
2018/4/30,4909,9814,24,1066500,411,44400,46,555400,1679,22200
2018/5/1,4910,6951,24,711700,414,29600,104,370600,1869,14800
2018/5/2,4911,5135,17,858000,198,71500,78,464700,916,35700
2018/5/3,4912,6884,18,789400,221,65700,74,427500,939,32800
2018/5/4,4913,5507,21,1161700,104,96800,55,629200,482,48400
2018/5/7,4914,4336,30,973000,147,81000,79,527000,602,40500
2018/5/8,4915,5108,21,735600,363,30600,101,383100,1643,15300
2018/5/9,4916,8670,16,1447600,205,60300,38,753900,966,30100
2018/5/10,4917,7807,22,851100,207,70900,69,461000,870,35400
2018/5/11,4918,8659,27,807200,414,33600,70,420400,2046,16800
2018/5/14,4919,6485,28,899300,461,37400,74,468300,1751,18700
2018/5/15,4920,6515,19,1016300,141,84600,51,550400,802,42300
2018/5/16,4921,1143,27,878300,173,73100,72,475700,704,36500
2018/5/17,4922,8202,13,1290000,138,107500,32,698700,752,53700
2018/5/18,4923,5468,15,875700,411,36400,85,456000,1659,18200
2018/5/21,4924,3636,37,731600,99,121900,130,426700,243,60900
2018/5/22,4925,0612,67,446100,443,18500,143,232300,2139,9200
2018/5/23,4926,5297,16,1054300,315,43900,53,549100,1385,21900
2018/5/24,4927,8310,25,783300,377,32600,82,407900,1686,16300
2018/5/25,4928,0621,69,417100,484,17300,189,217200,2353,8600
2018/5/28,4929,9095,9,1328500,147,110700,59,719600,721,55300
2018/5/29,4930,4696,24,841700,121,70100,89,455900,640,35000
2018/5/30,4931,2307,20,978500,311,40700,60,509600,1478,20300
2018/5/31,4932,1641,23,1062900,150,88500,49,575700,654,44200
2018/6/1,4933,3031,29,712000,232,59300,82,385600,1135,29600
2018/6/4,4934,0411,45,464500,403,38700,148,251600,1846,19300
2018/6/5,4935,8009,13,1133200,164,94400,43,613800,730,47200
2018/6/6,4936,2374,23,939900,303,39100,64,489500,1350,19500
2018/6/7,4937,5382,32,712900,486,29700,72,371300,1960,14800
2018/6/8,4938,5935,13,1161500,189,96700,43,629100,745,48300
2018/6/11,4939,3076,15,1207700,359,50300,58,629000,1302,25100
2018/6/12,4940,6657,17,1131500,118,94200,50,612800,600,47100
2018/6/13,4941,7993,7,1339600,142,111600,45,725600,611,55800
2018/6/14,4942,5121,25,939300,167,78200,51,508700,782,39100
2018/6/15,4943,7711,10,1002100,149,167000,52,584500,451,83500
2018/6/18,4944,4113,24,912500,271,76000,70,494200,942,38000
2018/6/19,4945,1762,18,1118100,318,46500,45,582300,1438,23200
2018/6/20,4946,2309,41,776900,316,32300,70,404600,1446,16100
2018/6/21,4947,4698,16,889900,399,37000,82,463400,1642,18500
2018/6/22,4948,9473,13,1100100,420,45800,48,572900,1763,22900
2018/6/25,4949,2079,18,1164100,320,48500,66,606300,1583,24200
2018/6/26,4950,2154,16,1039600,367,43300,59,541400,1436,21600
2018/6/27,4951,0185,11,1433900,388,59700,16,746800,1558,29800
2018/6/28,4952,7693,11,1007400,434,41900,48,524600,2070,20900
2018/6/29,4953,7835,25,790600,493,32900,80,411700,1960,16400
2018/7/2,4954,6807,15,1278600,267,53200,71,665900,1253,26600
2018/7/3,4955,6830,10,1251300,310,52100,45,651700,1311,26000
2018/7/4,4956,6894,23,924400,391,38500,54,481400,1743,19200
2018/7/5,4957,8943,39,674700,395,28100,100,351400,1638,14000
2018/7/6,4958,7278,10,1587300,119,132200,29,859700,616,66100
2018/7/9,4959,5452,29,1054700,157,87800,60,571200,726,43900
2018/7/10,4960,3155,22,821100,165,68400,82,444700,781,34200
2018/7/11,4961,2336,33,832800,152,69400,64,451100,812,34700
2018/7/12,4962,0555,17,1025600,83,256400,50,641000,188,128200
2018/7/13,4963,1963,57,484700,468,20100,177,252400,1745,10000
2018/7/16,4964,6817,19,1058700,305,44100,62,551400,1364,22000
2018/7/17,4965,8652,15,928100,343,38600,63,483300,1612,19300
2018/7/18,4966,7908,12,1042900,306,43400,65,543100,1476,21700
2018/7/19,4967,0774,21,968300,141,80600,65,524400,644,40300
2018/7/20,4968,4061,25,881600,287,36700,72,459100,1630,18300
2018/7/23,4969,8827,18,1153800,125,96100,64,624900,651,48000
2018/7/24,4970,3127,27,801400,321,33300,74,417300,1502,16600
2018/7/25,4971,2850,26,916300,335,38100,62,477200,1421,19000
2018/7/26,4972,9125,22,833900,380,34700,64,434300,1942,17300
2018/7/27,4973,7015,20,935300,353,38900,72,487100,1515,19400
2018/7/30,4974,2120,39,643700,509,53600,97,348600,1383,26800
2018/7/31,4975,7706,14,1427200,101,118900,45,773000,532,59400
2018/8/1,4976,1776,23,1106800,172,92200,47,599500,690,46100
2018/8/2,4977,2323,51,649000,119,108100,103,378500,298,54000
2018/8/3,4978,8989,42,743600,99,123900,89,433700,355,61900
2018/8/6,4979,1265,16,1225600,490,51000,42,638300,1731,25500
2018/8/7,4980,8946,12,874600,418,36400,85,455500,1660,18200
2018/8/8,4981,0278,8,1166300,446,48500,37,607400,1747,24200
2018/8/9,4982,7212,33,851000,208,70900,44,460900,950,35400
2018/8/10,4983,2355,34,707000,192,58900,112,382900,785,29400
2018/8/13,4984,6376,18,1143700,143,95300,67,619500,654,47600
2018/8/14,4985,6563,30,825300,151,68700,71,447000,626,34300
2018/8/15,4986,7870,25,904900,172,75400,75,490100,736,37700
2018/8/16,4987,7395,13,1041100,444,43300,55,542200,1765,21600
2018/8/17,4988,4838,14,1053600,186,87800,60,570700,920,43900
2018/8/20,4989,5136,36,724400,640,30100,105,377200,2336,15000
2018/8/21,4990,4411,16,1163700,83,193900,44,678800,341,96900
2018/8/22,4991,4651,36,646100,551,26900,89,336500,2269,13400
2018/8/23,4992,4820,17,923800,430,38400,72,481100,1623,19200
2018/8/24,4993,6673,6,1420100,139,118300,55,769200,615,59100
2018/8/27,4994,5950,26,983800,179,81900,88,532800,763,40900
2018/8/28,4995,3646,24,912900,171,76000,67,494400,750,38000
2018/8/29,4996,7005,13,1023200,205,85200,64,554200,793,42600
2018/8/30,4997,5464,19,1059900,178,88300,57,574100,689,44100
2018/8/31,4998,7319,24,802700,452,33400,93,418000,1817,16700
2018/9/3,4999,0659,14,856700,609,35600,96,446100,2289,17800
2018/9/4,5000,2814,12,917200,320,38200,73,477700,1346,19100
2018/9/5,5001,0181,18,829700,236,69100,56,449400,1179,34500
2018/9/6,5002,2906,17,1059800,318,44100,60,551900,1366,22000
2018/9/7,5003,6006,21,1132200,54,188700,55,660400,297,94300
2018/9/10,5004,9054,17,1040800,383,43300,77,542000,1579,21600
2018/9/11,5005,8823,47,464900,149,38700,213,251800,634,19300
2018/9/12,5006,8008,152,240400,164,40000,300,140200,455,20000
2018/9/13,5007,8677,18,1054500,141,87800,60,571100,734,43900
2018/9/14,5008,6159,18,987800,406,41100,62,514400,1604,20500
2018/9/17,5009,8088,27,903100,75,225700,66,564400,217,112800
2018/9/18,5010,4045,19,981200,145,81700,67,531400,599,40800
2018/9/19,5011,9052,19,1082800,279,45100,49,563900,1561,22500
2018/9/20,5012,6804,31,720200,348,30000,100,375100,1475,15000
2018/9/21,5013,8691,26,828200,388,34500,74,431300,1747,17200
2018/9/24,5014,1824,33,914100,350,38000,70,476000,1478,19000
2018/9/25,5015,0887,13,1352300,131,112600,38,732400,565,56300
2018/9/26,5016,1849,14,1095900,372,45600,46,570700,1614,22800
2018/9/27,5017,5457,14,1220000,116,101600,58,660800,568,50800
2018/9/28,5018,0973,7,1422100,345,59200,39,740600,1448,29600
2018/10/1,5019,3331,26,909800,99,227400,62,568600,236,113700
2018/10/2,5020,6709,35,891200,301,37100,59,464100,1162,18500
2018/10/3,5021,3268,41,702400,409,29200,82,365800,1618,14600
2018/10/4,5022,7598,22,803100,445,33400,73,418200,1776,16700
2018/10/5,5023,7964,20,825400,429,34300,81,429800,1832,17100
2018/10/8,5024,6401,17,1172200,419,48800,43,610500,1405,24400
2018/10/9,5025,2536,23,877800,365,36500,59,457100,1485,18200
2018/10/10,5026,0222,32,753100,83,188200,82,470600,155,94100
2018/10/11,5027,2742,19,719400,292,59900,71,389600,1086,29900
2018/10/12,5028,6371,20,1173000,320,48800,37,610900,1339,24400
2018/10/15,5029,7978,16,1004900,227,83700,79,544300,886,41800
2018/10/16,5030,8342,14,1319200,301,54900,32,687000,1417,27400
2018/10/17,5031,3009,24,906700,238,75500,56,491100,858,37700
2018/10/18,5032,8879,14,707000,199,58900,127,382900,915,29400
2018/10/19,5033,5834,17,1161200,331,48300,55,604700,1333,24100
2018/10/22,5034,7104,14,1048800,478,43700,72,546200,1745,21800
2018/10/23,5035,2475,28,773000,402,32200,84,402600,1605,16100
2018/10/24,5036,6768,28,855000,152,71200,80,463100,687,35600
2018/10/25,5037,5804,23,1109000,288,46200,54,577600,1280,23100
2018/10/26,5038,4399,25,888400,184,74000,77,481200,816,37000
2018/10/29,5039,4157,35,904700,488,37600,70,471100,1709,18800
2018/10/30,5040,2909,16,1055600,133,87900,65,571700,671,43900
2018/10/31,5041,2068,25,867600,360,36100,73,451800,1711,18000
2018/11/1,5042,2290,29,864900,185,72000,60,468400,870,36000
2018/11/2,5043,5444,23,1056500,60,264100,53,660300,197,132000
2018/11/5,5044,6009,34,825200,198,68700,94,446900,847,34300
2018/11/6,5045,3709,13,1047500,307,43600,67,545500,1285,21800
2018/11/7,5046,8931,54,566300,400,23500,122,294900,1779,11700
2018/11/8,5047,7759,15,1199100,121,99900,62,649500,510,49900
2018/11/9,5048,8407,17,1215700,286,50600,48,633100,1319,25300
2018/11/12,5049,5175,21,1095400,185,91200,72,593300,710,45600
2018/11/13,5050,9404,27,1127000,133,93900,37,610400,618,46900
2018/11/14,5051,2901,15,763300,496,31800,85,397500,2225,15900
2018/11/15,5052,6456,23,1010200,161,84100,60,547100,674,42000
2018/11/16,5053,3743,37,761500,162,63400,86,412400,830,31700
2018/11/19,5054,8590,23,1151600,348,47900,55,599700,1476,23900
2018/11/20,5055,9611,7,1017000,207,84700,51,550800,948,42300
2018/11/21,5056,4959,37,703400,204,58600,87,381000,861,29300
2018/11/22,5057,3501,13,949700,444,39500,58,494600,1933,19700
2018/11/23,5058,8309,34,815700,339,33900,72,424800,1399,16900
2018/11/26,5059,8038,22,915200,289,76200,70,495700,940,38100
2018/11/27,5060,2945,12,995000,341,41400,78,518200,1360,20700
2018/11/28,5061,4460,28,1023600,134,85300,60,554400,563,42600
2018/11/29,5062,3789,18,763400,384,31800,104,397600,1827,15900
2018/11/30,5063,5479,22,790800,443,32900,102,411800,1731,16400
2018/12/3,5064,8323,25,1160800,193,96700,50,628700,737,48300
2018/12/4,5065,7127,12,1001600,143,83400,76,542500,686,41700
2018/12/5,5066,6135,15,919300,406,38300,75,478800,1751,19100
2018/12/6,5067,6525,12,1222900,146,101900,47,662400,672,50900
2018/12/7,5068,5785,18,944000,400,78600,56,511300,637,39300
2018/12/10,5069,2621,24,848800,294,70700,75,459700,1082,35300
2018/12/11,5070,3299,14,1177500,139,98100,56,637800,567,49000
2018/12/12,5071,5384,16,1152500,355,48000,50,600200,1345,24000
2018/12/13,5072,1350,29,788100,431,32800,72,410400,1944,16400
2018/12/14,5073,5853,13,915700,222,76300,82,496000,1036,38100
2018/12/17,5074,8564,21,918100,544,38200,91,478100,1995,19100
2018/12/18,5075,5146,25,794800,453,33100,83,413900,1965,16500
2018/12/19,5076,9225,23,1281100,163,106700,34,693900,664,53300
2018/12/20,5077,5575,16,923800,105,230900,71,577300,217,115400
2018/12/21,5078,6828,25,1161200,149,96700,49,628900,724,48300
2018/12/24,5079,1631,34,868000,196,72300,90,470100,800,36100
2018/12/25,5080,3724,40,757900,373,31500,94,394700,1611,15700
2018/12/26,5081,2822,34,933000,82,233200,62,583100,173,116600
2018/12/27,5082,3002,15,1135100,182,94500,56,614800,848,47200
2018/12/28,5083,5231,25,845400,627,35200,75,440300,2328,17600
2019/1/4,5084,5939,34,856800,212,71400,113,464100,955,35700
2019/1/7,5085,9061,15,1142700,576,47600,63,595100,2228,23800
2019/1/8,5086,3611,28,863100,193,71900,88,467500,810,35900
2019/1/9,5087,5275,30,944300,165,78600,70,511400,806,39300
2019/1/10,5088,9075,18,1014400,385,42200,70,528300,1783,21100
2019/1/11,5089,8011,30,753700,293,62800,75,408200,1236,31400
2019/1/14,5090,9921,17,1085800,217,90400,63,588100,861,45200
2019/1/15,5091,9670,15,1418300,245,59000,38,738600,1262,29500
2019/1/16,5092,0294,23,1205400,349,50200,38,627800,1426,25100
2019/1/17,5093,1979,58,749700,156,62400,85,406000,556,31200
2019/1/18,5094,7632,18,984900,382,41000,75,512900,1692,20500
2019/1/21,5095,2125,38,739500,303,61600,100,400500,1083,30800
2019/1/22,5096,2789,13,1143600,270,47600,72,595600,1153,23800
2019/1/23,5097,3142,14,1066400,496,44400,49,555400,1722,22200
2019/1/24,5098,3345,25,803600,190,66900,96,435200,795,33400
2019/1/25,5099,7632,31,860800,403,35800,80,448300,1766,17900
2019/1/28,5100,2835,46,695100,651,28900,104,362000,2289,14400
2019/1/29,5101,4361,31,930200,398,38700,54,484400,1596,19300
2019/1/30,5102,1980,56,497400,607,20700,150,259000,2447,10300
2019/1/31,5103,9845,22,1068500,311,44500,50,556500,1611,22200
2019/2/1,5104,3274,28,893700,429,37200,75,465400,1656,18600
2019/2/4,5105,8661,19,1194600,180,99500,65,647000,741,49700
2019/2/5,5106,5196,22,890200,441,37000,68,463600,1686,18500
2019/2/6,5107,2811,39,664600,265,55300,78,359900,1110,27600
2019/2/7,5108,6537,12,1166100,334,48500,54,607300,1514,24200
2019/2/8,5109,1996,18,903300,209,75200,79,489200,903,37600
2019/2/11,5110,4304,16,1285200,159,107100,50,696100,643,53500
2019/2/12,5111,7771,34,788200,80,197000,61,492600,200,98500
2019/2/13,5112,4259,20,1091500,311,45400,52,568400,1353,22700
2019/2/14,5113,4072,22,1043800,314,43400,53,543600,1424,21700
2019/2/15,5114,0359,17,1238900,357,51600,45,645200,1616,25800
2019/2/18,5115,1906,23,895900,579,37300,72,466600,2476,18600
2019/2/19,5116,8370,9,1086800,352,45200,54,566000,1800,22600
2019/2/20,5117,0952,13,1179500,348,49100,42,614300,1811,24500
2019/2/21,5118,9572,18,825600,517,34400,92,430000,1858,17200
2019/2/22,5119,4397,13,950300,483,39500,75,494900,2027,19700
2019/2/25,5120,5406,25,1029900,372,42900,87,536400,1533,21400
2019/2/26,5121,2133,23,1095200,149,91200,55,593200,653,45600
2019/2/27,5122,2515,22,867300,205,72200,83,469700,866,36100
2019/2/28,5123,5717,26,831700,210,69300,75,450500,901,34600
2019/3/1,5124,5667,19,749000,253,62400,126,405700,900,31200
2019/3/4,5125,7315,39,590600,819,24600,118,307600,2987,12300
2019/3/5,5126,2002,43,832600,95,138700,60,485600,343,69300
2019/3/6,5127,1610,39,709900,196,59100,83,384500,992,29500
2019/3/7,5128,4047,15,1152600,127,96000,66,624300,573,48000
2019/3/8,5129,5292,13,1363700,138,113600,53,738600,589,56800
2019/3/11,5130,7525,38,707000,264,58900,112,382900,1076,29400
2019/3/12,5131,1625,35,821200,392,34200,71,427700,1509,17100
2019/3/13,5132,3718,46,580500,440,24100,140,302300,1690,12000
2019/3/14,5133,2392,21,1012100,138,84300,71,548200,635,42100
2019/3/15,5134,5728,29,821900,402,34200,89,428000,1705,17100
2019/3/18,5135,4945,17,1268400,127,105700,71,687000,616,52800
2019/3/19,5136,6998,18,1077400,152,89700,57,583500,672,44800
2019/3/20,5137,2702,15,1008000,162,84000,72,546000,764,42000
2019/3/21,5138,0905,26,652300,192,54300,125,353300,765,27100
2019/3/22,5139,8719,33,939800,311,39100,64,489400,1429,19500
2019/3/25,5140,4172,33,817800,457,34000,94,425900,1910,17000
2019/3/26,5141,1871,13,977500,221,81400,60,529400,827,40700
2019/3/27,5142,1785,19,983200,384,40900,57,512000,1719,20400
2019/3/28,5143,4386,21,960900,433,40000,55,500400,1787,20000
2019/3/29,5144,1083,21,898700,460,37400,70,468000,1933,18700
2019/4/1,5145,4001,75,436200,533,36300,122,236200,1902,18100
2019/4/2,5146,8811,29,644000,157,107300,74,375600,566,53600
2019/4/3,5147,9229,21,498200,281,83000,89,290600,915,41500
2019/4/4,5148,1200,19,888700,279,74000,47,481300,1016,37000
2019/4/5,5149,9688,12,1304600,122,108700,55,706600,622,54300
2019/4/8,5150,8391,32,892500,460,37100,64,464800,1969,18500
2019/4/9,5151,4889,12,1463300,91,121900,44,792600,500,60900
2019/4/10,5152,4289,31,836100,319,34800,73,435400,1422,17400
2019/4/11,5153,7670,21,1129500,106,94100,65,611800,543,47000
2019/4/12,5154,0431,22,1047700,475,43600,24,545600,2011,21800
2019/4/15,5155,7267,17,1477100,151,123000,50,800000,585,61500
2019/4/16,5156,8597,16,978900,400,40700,62,509800,1802,20300
2019/4/17,5157,7206,13,1230200,340,51200,47,640700,1539,25600
2019/4/18,5158,3048,21,1031300,307,42900,70,537100,1395,21400
2019/4/19,5159,1392,25,1006700,399,41900,51,524300,1865,20900
2019/4/22,5160,6352,39,854900,502,35600,70,445200,1928,17800
2019/4/23,5161,6924,11,1083600,335,45100,69,564300,1378,22500
2019/4/24,5162,9916,16,956100,182,79600,72,517800,816,39800
2019/4/25,5163,7682,19,1187800,298,49400,53,618600,1342,24700
2019/4/26,5164,9204,21,1078400,419,44900,58,561600,1571,22400
2019/4/29,5165,2636,30,948700,208,79000,64,513800,727,39500
2019/4/30,5166,0331,32,529400,299,44100,128,286700,1251,22000
2019/5/1,5167,6703,21,1036100,307,43100,70,539600,1134,21500
2019/5/2,5168,0423,63,487300,349,20300,160,253800,1428,10100
2019/5/3,5169,5637,16,1017300,360,42300,63,529800,1375,21100
2019/5/6,5170,1275,27,865700,543,36000,65,450800,1948,18000
2019/5/7,5171,8547,20,842800,450,35100,70,438900,1584,17500
2019/5/8,5172,7802,23,862600,367,35900,80,449200,1604,17900
2019/5/9,5173,6251,22,1125700,381,46900,37,586300,1388,23400
2019/5/10,5174,0010,21,922400,96,230600,51,576500,275,115300
2019/5/13,5175,2780,25,896700,490,37300,81,467000,1759,18600
2019/5/14,5176,9141,10,1392100,155,116000,31,754000,625,58000
2019/5/15,5177,4143,23,910100,196,75800,69,492900,745,37900
2019/5/16,5178,4388,29,954400,156,79500,55,516900,700,39700
2019/5/17,5179,9254,19,945600,475,39400,68,492500,1568,19700
2019/5/20,5180,5090,14,1067100,216,88900,71,578000,803,44400
2019/5/21,5181,1177,17,799200,137,133200,67,466200,401,66600
2019/5/22,5182,7254,38,708400,392,29500,91,368900,1557,14700
2019/5/23,5183,1312,31,653300,289,54400,72,353800,1200,27200
2019/5/24,5184,3037,27,1090500,116,90800,55,590600,627,45400
2019/5/27,5185,7912,35,809800,502,33700,68,421700,2109,16800
2019/5/28,5186,3602,9,1206100,335,50200,42,628100,1460,25100
2019/5/29,5187,8447,14,1260700,139,105000,42,682800,666,52500
2019/5/30,5188,3690,18,891800,351,37100,87,464400,1464,18500
2019/5/31,5189,0146,19,1058800,418,44100,45,551400,1707,22000
2019/6/3,5190,9555,24,907300,102,226800,77,567000,209,113400
2019/6/4,5191,3481,16,785800,456,32700,84,409200,1779,16300
2019/6/5,5192,4571,19,908500,362,37800,73,473100,1546,18900
2019/6/6,5193,8113,12,1195900,155,99600,45,647700,717,49800
2019/6/7,5194,0777,21,968100,63,242000,60,605000,195,121000
2019/6/10,5195,1448,16,1202400,163,100200,56,651300,701,50100
2019/6/11,5196,3201,21,867500,446,36100,54,451800,1824,18000
2019/6/12,5197,5879,17,903500,365,37600,74,470500,1615,18800
2019/6/13,5198,5318,35,635900,431,26400,106,331100,1946,13200
2019/6/14,5199,9674,52,626600,439,26100,120,326300,1799,13000
2019/6/17,5200,4322,20,1073900,237,89400,62,581600,863,44700
2019/6/18,5201,4333,20,795700,115,198900,70,497300,227,99400
2019/6/19,5202,4743,18,967200,188,80600,65,523900,783,40300
2019/6/20,5203,0602,35,641400,295,53400,88,347400,1155,26700
2019/6/21,5204,2880,25,988300,176,82300,63,535300,719,41100
2019/6/24,5205,3658,30,734500,542,30600,108,382500,2098,15300
2019/6/25,5206,6616,11,1079700,82,269900,54,674800,203,134900
2019/6/26,5207,5749,15,984900,389,41000,74,512900,1593,20500
2019/6/27,5208,4825,27,809300,380,33700,88,421500,1570,16800
2019/6/28,5209,1790,9,1208400,420,50300,42,629300,1857,25100
2019/7/1,5210,7116,22,870900,257,72500,98,471700,848,36200
2019/7/2,5211,7286,17,1043900,314,43400,66,543600,1314,21700
2019/7/3,5212,8349,15,923300,373,38400,83,480800,1547,19200
2019/7/4,5213,7193,12,989300,376,41200,65,515200,1771,20600
2019/7/5,5214,2571,23,841000,479,35000,83,438000,1834,17500
2019/7/8,5215,1032,21,993100,555,41300,53,517200,2148,20600
2019/7/9,5216,4945,34,861100,117,71700,79,466400,562,35800
2019/7/10,5217,3799,20,871400,199,72600,83,472000,761,36300
2019/7/11,5218,3742,19,984500,357,41000,63,512700,1538,20500
2019/7/12,5219,2504,18,976900,395,40700,63,508800,1847,20300
2019/7/15,5220,6545,25,921900,227,76800,61,499300,930,38400
2019/7/16,5221,8506,19,1117800,278,46500,46,582100,1383,23200
2019/7/17,5222,5572,33,861600,168,71800,71,466700,706,35900
2019/7/18,5223,0502,26,731600,220,60900,97,396200,835,30400
2019/7/19,5224,7795,9,1391200,128,115900,57,753500,524,57900
2019/7/22,5225,7211,32,677300,313,56400,83,366800,1484,28200
2019/7/23,5226,7782,23,922100,136,76800,75,499400,623,38400
2019/7/24,5227,2134,25,916200,446,38100,57,477100,1525,19000
2019/7/25,5228,5215,14,1062500,162,88500,61,575500,753,44200
2019/7/26,5229,2791,39,699100,423,29100,94,364100,1972,14500
2019/7/29,5230,3442,15,1133900,185,94400,64,614100,783,47200
2019/7/30,5231,2447,27,954700,191,79500,52,517100,627,39700
2019/7/31,5232,7846,11,1240000,272,51600,51,645800,1470,25800
2019/8/1,5233,2945,18,951100,383,39600,70,495300,1592,19800
2019/8/2,5234,1575,15,1224200,178,102000,43,663100,722,51000
2019/8/5,5235,1055,30,760300,268,63300,93,411800,1046,31600
2019/8/6,5236,6385,18,885900,378,36900,67,461400,1645,18400
2019/8/7,5237,5223,15,949100,140,79000,78,514000,743,39500
2019/8/8,5238,2188,21,800500,170,66700,92,433600,786,33300
2019/8/9,5239,8637,28,816400,369,34000,83,425200,1645,17000
2019/8/12,5240,9036,18,951400,405,39600,74,495500,1576,19800
2019/8/13,5241,8199,14,843700,196,70300,69,457000,801,35100
2019/8/14,5242,6196,9,973700,211,81100,54,527400,848,40500
2019/8/15,5243,0387,6,1414300,264,58900,35,736600,1387,29400
2019/8/16,5244,4305,22,1107900,276,46100,50,577000,1524,23000
2019/8/19,5245,8440,22,1285800,139,107100,57,696400,577,53500
2019/8/20,5246,8604,15,826300,399,34400,96,430300,1540,17200
2019/8/21,5247,9259,15,1163800,114,96900,64,630300,605,48400
2019/8/22,5248,6550,14,1372300,99,114300,42,743300,627,57100
2019/8/23,5249,9223,29,1025300,133,85400,54,555300,744,42700
2019/8/26,5250,6479,26,925400,375,38500,94,481900,1684,19200
2019/8/27,5251,7206,11,1223500,263,50900,52,637200,1357,25400
2019/8/28,5252,9083,19,1171400,293,48800,45,610100,1335,24400
2019/8/29,5253,1616,37,645900,116,107600,123,376700,312,53800
2019/8/30,5254,2200,20,957400,126,159500,46,558400,459,79700
2019/9/2,5255,9854,25,1122700,438,46700,48,584700,1689,23300
2019/9/3,5256,7521,13,978200,421,40700,57,509400,1793,20300
2019/9/4,5257,2076,45,560700,365,23300,161,292000,1505,11600
2019/9/5,5258,1528,17,788600,394,32800,104,410700,1779,16400
2019/9/6,5259,8216,23,942600,368,39200,70,490900,1563,19600
2019/9/9,5260,7567,22,1080700,146,90000,75,585300,713,45000
2019/9/10,5261,9304,18,901000,415,37500,61,469200,1745,18700
2019/9/11,5262,4765,24,1024300,330,42600,48,533400,1409,21300
2019/9/12,5263,0411,32,659200,205,54900,102,357000,987,27400
2019/9/13,5264,5420,24,870000,392,36200,72,453100,1775,18100
2019/9/16,5265,5043,15,1138700,359,47400,53,593000,1578,23700
2019/9/17,5266,3356,42,644500,173,53700,104,349100,715,26800
2019/9/18,5267,3708,21,959000,286,39900,67,499400,1412,19900
2019/9/19,5268,8518,22,1111800,138,92600,47,602200,605,46300
2019/9/20,5269,3542,18,1025400,401,42700,59,534000,1503,21300
2019/9/23,5270,1155,29,806000,130,134300,73,470100,408,67100
2019/9/24,5271,1015,114,261800,249,21800,301,141800,1098,10900
2019/9/25,5272,1834,19,1084900,335,45200,49,565000,1434,22600
2019/9/26,5273,1067,20,1135500,282,47300,51,591400,1289,23600
2019/9/27,5274,8847,10,1541600,126,128400,43,835000,506,64200
2019/9/30,5275,9086,13,1093800,336,45500,84,569600,1516,22700
2019/10/1,5276,0362,30,908000,428,37800,59,472900,2164,18900
2019/10/2,5277,9996,19,1059500,90,264800,52,662100,246,132400
2019/10/3,5278,7778,25,828000,59,207000,100,517500,202,103500
2019/10/4,5279,0987,40,547100,571,22700,151,284900,2856,11300
2019/10/7,5280,7499,48,973700,171,81100,75,527400,636,40500
2019/10/8,5281,0222,34,855200,58,213800,76,534500,161,106900
2019/10/9,5282,5543,30,953000,157,79400,67,516200,657,39700
2019/10/10,5283,8165,24,752000,429,31300,96,391600,2088,15600
2019/10/11,5284,0072,16,1084000,165,90300,50,587100,890,45100
2019/10/14,5285,0119,51,503600,330,41900,123,272700,1438,20900
2019/10/15,5286,5939,12,1180900,147,98400,62,639600,651,49200
2019/10/16,5287,8795,16,915400,450,38100,74,476700,1958,19000
2019/10/17,5288,5550,56,404200,218,101000,171,252600,304,50500
2019/10/18,5289,1459,25,922300,373,38400,74,480300,1706,19200
2019/10/21,5290,0093,17,1156900,241,96400,47,626600,1000,48200
2019/10/22,5291,3103,82,370700,248,30800,210,200700,952,15400
2019/10/23,5292,8447,12,1201900,169,100100,49,651000,758,50000
2019/10/24,5293,8362,12,1018800,377,42400,57,530600,1898,21200
2019/10/25,5294,7215,27,644600,478,26800,133,335700,2020,13400
2019/10/28,5295,7173,19,1013900,207,84400,79,549100,977,42200
2019/10/29,5296,8530,29,752900,411,31300,89,392100,1809,15600
2019/10/30,5297,2119,25,725200,238,60400,79,392800,1292,30200
2019/10/31,5298,3036,16,1177600,118,98100,63,637800,638,49000
2019/11/1,5299,8719,19,1074300,321,44700,71,559500,1468,22300
2019/11/4,5300,8593,20,1048600,440,43600,62,546100,1832,21800
2019/11/5,5301,5272,22,973200,210,81100,60,527100,749,40500
2019/11/6,5302,1546,23,726300,512,30200,90,378200,2383,15100
2019/11/7,5303,0135,55,578300,554,24000,85,301100,2685,12000
2019/11/8,5304,6748,19,1183600,332,49300,47,616400,1589,24600
2019/11/11,5305,6693,23,943300,257,78600,77,510900,1031,39300
2019/11/12,5306,5513,32,693900,205,57800,103,375800,878,28900
2019/11/13,5307,9909,26,799200,81,199800,86,499500,208,99900
2019/11/14,5308,1463,16,1126000,332,46900,50,586400,1503,23400
2019/11/15,5309,4955,28,893000,145,74400,94,483700,619,37200
2019/11/18,5310,6824,42,728300,604,30300,90,379300,2147,15100
2019/11/19,5311,9645,17,806100,445,33500,79,419800,1956,16700
2019/11/20,5312,1400,10,1429500,156,119100,31,774300,705,59500
2019/11/21,5313,8196,29,955900,326,39800,46,497800,1723,19900
2019/11/22,5314,2639,31,775800,380,32300,85,404000,1783,16100
2019/11/25,5315,6543,29,649500,723,27000,125,338200,2673,13500
2019/11/26,5316,2080,13,1300200,118,108300,43,704200,680,54100
2019/11/27,5317,6945,18,898900,388,37400,79,468100,1753,18700
2019/11/28,5318,7088,16,1172100,139,97600,61,634800,573,48800
2019/11/29,5319,8557,21,1157800,166,96400,48,627100,736,48200
2019/12/2,5320,4556,33,839100,251,69900,104,454500,1001,34900
2019/12/3,5321,3710,87,390400,476,16200,235,203300,2183,8100
2019/12/4,5322,0053,26,918100,165,76500,75,497300,846,38200
2019/12/5,5323,7622,16,1128300,182,94000,58,611100,748,47000
2019/12/6,5324,2842,9,1619100,130,134900,42,877000,597,67400
2019/12/9,5325,9864,30,814800,588,33900,93,424300,2338,16900
2019/12/10,5326,9168,12,1146100,360,47700,55,596900,1725,23800
2019/12/11,5327,7186,27,984800,317,41000,70,512900,1639,20500
2019/12/12,5328,0018,26,777700,235,64800,87,421200,1152,32400
2019/12/13,5329,8482,19,1078900,214,89900,71,584400,880,44900
2019/12/16,5330,0408,55,726200,243,60500,136,393300,929,30200
2019/12/17,5331,6065,22,1466300,97,122100,41,794200,521,61000
2019/12/18,5332,6084,18,787800,518,32800,105,410300,2347,16400
2019/12/19,5333,8496,16,817100,665,34000,72,425500,2720,17000
2019/12/20,5334,1505,23,978600,238,81500,70,530000,1033,40700
2019/12/23,5335,1333,43,871800,100,217900,90,544800,228,108900
2019/12/24,5336,4069,13,1139100,309,47400,75,593200,1533,23700
2019/12/25,5337,6395,19,805800,667,33500,71,419600,2951,16700
2019/12/26,5338,4732,14,1111900,432,46300,63,579100,1931,23100
2019/12/27,5339,2682,15,1056300,255,88000,77,572100,990,44000
2019/12/30,5340,9980,23,1055900,279,87900,88,571900,830,43900
2020/1/6,5341,0702,53,746300,279,62100,145,404200,1049,31000
2020/1/7,5342,6143,20,1053500,418,43800,58,548600,1707,21900
2020/1/8,5343,4198,24,869300,441,36200,81,452700,2000,18100
2020/1/9,5344,5049,21,889300,383,37000,84,463100,2176,18500
2020/1/10,5345,9954,32,609200,312,50700,133,329900,1323,25300
2020/1/13,5346,9896,120,573300,193,47700,79,310500,788,23800
2020/1/14,5347,1450,20,967200,417,40300,55,503700,2028,20100
2020/1/15,5348,9545,32,652200,303,54300,107,353200,1234,27100
2020/1/16,5349,0990,43,770300,133,128300,62,449300,470,64100
2020/1/17,5350,6490,16,964500,458,40100,72,502300,2018,20000
2020/1/20,5351,2668,26,945500,205,78700,109,512100,736,39300
2020/1/21,5352,5172,22,802400,497,33400,80,417900,2075,16700
2020/1/22,5353,4349,17,1322300,136,110100,50,716200,749,55000
2020/1/23,5354,2309,25,934600,351,38900,66,486700,1787,19400
2020/1/24,5355,4531,22,1024000,417,42600,69,533300,1770,21300
2020/1/27,5356,0480,19,1488300,169,124000,40,806100,696,62000
2020/1/28,5357,7411,9,1062000,158,88500,64,575200,925,44200
2020/1/29,5358,9231,14,1094200,414,45500,55,569800,1856,22700
2020/1/30,5359,6087,16,1312900,314,54700,48,683800,1291,27300
2020/1/31,5360,6448,18,1123200,164,93600,63,608400,810,46800
2020/2/3,5361,3954,31,782500,709,32600,98,407500,2411,16300
2020/2/4,5362,6887,21,1071000,132,89200,69,580100,671,44600
2020/2/5,5363,0966,34,866000,202,72100,66,469000,936,36000
2020/2/6,5364,4770,15,1124500,171,93700,64,609100,674,46800
2020/2/7,5365,9167,9,1112000,374,46300,72,579100,1721,23100
2020/2/10,5366,2108,35,736600,627,30600,93,383600,2691,15300
2020/2/11,5367,0762,11,1309700,333,54500,32,682100,1494,27200
2020/2/12,5368,1768,25,858400,407,35700,79,447000,1743,17800
2020/2/13,5369,9550,19,1170800,196,97500,45,634100,685,48700
2020/2/14,5370,3711,40,709100,218,59000,126,384000,906,29500
2020/2/17,5371,6476,21,1200300,209,100000,65,650100,748,50000
2020/2/18,5372,2840,20,1023400,424,42600,55,533000,1648,21300
2020/2/19,5373,2808,12,1222000,149,101800,58,661900,769,50900
2020/2/20,5374,5857,12,1433100,152,119400,42,776200,655,59700
2020/2/21,5375,1913,20,983300,201,81900,77,532600,871,40900
2020/2/24,5376,9958,13,1190700,139,99200,83,644900,710,49600
2020/2/25,5377,9209,15,1346300,133,112100,39,729200,717,56000
2020/2/26,5378,0978,22,856400,413,35600,97,446000,1704,17800
2020/2/27,5379,4752,36,778400,395,32400,89,405400,1928,16200
2020/2/28,5380,8713,25,841100,440,35000,99,438000,1987,17500
2020/3/2,5381,8836,20,1135800,199,94600,68,615200,852,47300
2020/3/3,5382,0335,16,1138900,142,94900,62,616900,711,47400
2020/3/4,5383,8687,13,1280900,142,106700,60,693800,574,53300
2020/3/5,5384,9217,12,1079700,410,44900,60,562300,1797,22400
2020/3/6,5385,2207,28,875800,189,72900,77,474300,992,36400
2020/3/9,5386,1775,17,939800,246,78300,98,509000,941,39100
2020/3/10,5387,0425,57,500700,404,20800,172,260700,1696,10400
2020/3/11,5388,0773,31,1074200,159,89500,57,581800,555,44700
2020/3/12,5389,9447,21,1074600,142,89500,55,582000,842,44700
2020/3/13,5390,5706,14,1092300,360,45500,75,568900,1594,22700
2020/3/16,5391,3983,33,977600,188,81400,71,529500,844,40700
2020/3/17,5392,4477,21,1051700,70,175200,65,613400,292,87600
2020/3/18,5393,4097,14,693100,632,28800,100,360900,2784,14400
2020/3/19,5394,7214,17,1008500,382,42000,63,525200,1851,21000
2020/3/20,5395,5351,22,896100,185,74600,76,485300,823,37300
2020/3/23,5396,3012,43,668200,678,27800,103,348000,2586,13900
2020/3/24,5397,6240,18,966500,397,40200,63,503300,1663,20100
2020/3/25,5398,2973,22,880200,389,36600,73,458400,2099,18300
2020/3/26,5399,5141,28,1015800,179,84600,55,550200,724,42300
2020/3/27,5400,2598,22,1116000,293,46500,58,581200,1510,23200
2020/3/30,5401,4906,21,1023600,386,42600,79,533100,1640,21300
2020/3/31,5402,9561,13,1157400,354,48200,45,602800,1658,24100
2020/4/1,5403,4717,27,711500,230,59200,94,385300,1066,29600
2020/4/2,5404,4489,36,858900,127,71500,83,465200,656,35700
2020/4/3,5405,8864,36,535600,277,44600,174,290100,1161,22300
2020/4/6,5406,7838,21,1272400,146,106000,52,689200,720,53000
2020/4/7,5407,7034,28,744000,409,31000,98,387500,1734,15500
2020/4/8,5408,1092,29,686800,512,28600,89,357700,2342,14300
2020/4/9,5409,7573,14,1114400,143,92800,52,603600,667,46400
2020/4/10,5410,2175,17,856200,530,35600,56,445900,2156,17800
2020/4/13,5411,4803,14,1066600,369,44400,62,555500,1332,22200
2020/4/14,5412,4017,22,668400,400,27800,108,348100,1554,13900
2020/4/15,5413,2861,9,1183700,295,49300,56,616500,1474,24600
2020/4/16,5414,7072,10,1093300,167,91100,56,592200,751,45500
2020/4/17,5415,5078,17,1021700,260,42500,79,532100,1291,21200
2020/4/20,5416,9836,17,861300,442,35800,71,448500,1939,17900
2020/4/21,5417,0426,54,481500,233,20000,161,250700,1059,10000
2020/4/22,5418,2402,16,720000,259,60000,59,390000,1125,30000
2020/4/23,5419,2929,12,1290600,37,215100,55,752800,155,107500
2020/4/24,5420,1429,21,697000,461,29000,81,363000,1756,14500
2020/4/27,5421,8886,19,1053200,50,263300,46,658200,131,131600
2020/4/28,5422,4893,15,1004900,229,41800,49,523300,1017,20900
2020/4/29,5423,7278,9,1051600,91,87600,55,569600,503,43800
2020/4/30,5424,8472,15,728600,401,30300,66,379400,1739,15100
2020/5/1,5425,3775,9,1223500,100,101900,48,662700,520,50900
2020/5/4,5426,0029,13,966900,128,80500,47,523700,677,40200
2020/5/5,5427,0828,47,503200,111,41900,102,272500,432,20900
2020/5/6,5428,1149,20,1112200,101,92600,28,602400,442,46300
2020/5/7,5429,0491,9,952000,364,39600,29,495800,1809,19800
2020/5/8,5430,3417,25,744000,348,31000,69,387500,1553,15500
2020/5/11,5431,4430,21,921800,153,76800,71,499300,627,38400
2020/5/12,5432,2116,20,824600,189,68700,54,446600,774,34300
2020/5/13,5433,9011,17,827400,189,68900,54,448100,961,34400
2020/5/14,5434,7471,14,884700,188,73700,56,479200,840,36800
2020/5/15,5435,6531,12,1070200,339,44500,47,557300,1614,22200
2020/5/18,5436,6845,11,989300,427,41200,74,515200,1684,20600
2020/5/19,5437,2369,23,561000,360,23300,177,292100,1350,11600
2020/5/20,5438,4996,13,1136200,127,94600,63,615400,622,47300
2020/5/21,5439,3752,28,739600,426,30800,90,385200,1759,15400
2020/5/22,5440,1598,12,1170800,361,48700,52,609700,1521,24300
2020/5/25,5441,7886,48,821600,215,68400,75,445000,807,34200
2020/5/26,5442,5859,24,893300,179,74400,69,483800,727,37200
2020/5/27,5443,7709,27,886700,150,73800,91,480200,604,36900
2020/5/28,5444,4767,12,1421700,136,118400,39,770000,625,59200
2020/5/29,5445,1447,27,610600,271,50800,138,330700,1241,25400
2020/6/1,5446,2739,37,755600,458,31400,116,393500,1951,15700
2020/6/2,5447,7732,19,879200,187,73200,77,476200,866,36600
2020/6/3,5448,8473,18,783500,528,32600,84,408000,2305,16300
2020/6/4,5449,3036,11,1320200,130,110000,61,715100,558,55000
2020/6/5,5450,0517,54,570600,408,23700,168,297100,1550,11800
2020/6/8,5451,8183,20,1069800,197,89100,70,579400,870,44500
2020/6/9,5452,3061,16,1067100,336,44400,49,555700,1783,22200
2020/6/10,5453,8609,10,1201100,323,50000,63,625500,1444,25000
2020/6/11,5454,3730,16,1139200,133,94900,66,617000,620,47400
2020/6/12,5455,0881,11,1222500,192,101800,38,662100,969,50900
2020/6/15,5456,8475,28,985600,469,41000,79,513300,1834,20500
2020/6/16,5457,9617,14,1238900,318,51600,51,645200,1499,25800
2020/6/17,5458,0722,84,465300,216,38700,193,252000,822,19300
2020/6/18,5459,8256,18,963200,366,40100,79,501600,1715,20000
2020/6/19,5460,1944,30,751000,188,62500,134,406700,739,31200
2020/6/22,5461,8970,7,1295600,504,53900,61,674700,1940,26900
2020/6/23,5462,6754,22,1074900,417,44700,51,559800,1540,22300
2020/6/24,5463,8139,40,671300,434,27900,124,349600,1924,13900
2020/6/25,5464,7206,21,853100,419,35500,103,444300,1729,17700
2020/6/26,5465,6079,14,1039000,373,43200,86,541100,1779,21600
2020/6/29,5466,4370,25,1138300,402,47400,67,592800,1720,23700
2020/6/30,5467,9421,8,1237700,374,51500,49,644600,1702,25700
2020/7/1,5468,1341,22,856700,243,71300,86,464000,1009,35600
2020/7/2,5469,9147,31,677600,637,28200,92,352900,2801,14100
2020/7/3,5470,0386,10,1080600,493,45000,73,562800,1890,22500
2020/7/6,5471,9856,23,844600,524,35100,101,439800,2331,17500
2020/7/7,5472,7437,25,730600,313,60800,94,395700,1146,30400
2020/7/8,5473,6269,23,964000,216,80300,76,522100,801,40100
2020/7/9,5474,0633,10,1722800,122,143500,22,933100,755,71700
2020/7/10,5475,0758,15,1361900,308,56700,53,709300,1430,28300
2020/7/13,5476,4346,20,1145000,204,95400,82,620200,721,47700
2020/7/14,5477,2671,16,969900,389,40400,75,505100,1785,20200
2020/7/15,5478,0063,13,1129100,197,94000,54,611500,990,47000
2020/7/16,5479,1321,14,879300,287,73200,65,476200,1276,36600
2020/7/17,5480,2437,42,678800,547,28200,110,353500,2253,14100
2020/7/20,5481,2906,22,1056700,464,44000,67,550300,2059,22000
2020/7/21,5482,6603,14,729700,348,60800,87,395200,1291,30400
2020/7/22,5483,4836,24,926400,430,38600,74,482500,1941,19300
2020/7/23,5484,9853,16,1023800,406,42600,61,533200,1676,21300
2020/7/24,5485,9451,21,962100,370,40000,70,501000,1880,20000
2020/7/27,5486,2358,58,657500,533,27300,129,342400,2032,13600
2020/7/28,5487,9905,28,950400,138,79200,74,514800,687,39600
2020/7/29,5488,1558,10,1014500,188,84500,82,549500,863,42200
2020/7/30,5489,0008,50,656200,76,164000,85,410100,307,82000
2020/7/31,5490,2717,37,783800,206,65300,92,424500,867,32600
2020/8/3,5491,5116,29,1040800,197,86700,68,563700,874,43300
2020/8/4,5492,6679,9,1370200,112,114100,62,742100,538,57000
2020/8/5,5493,4793,23,799900,505,33300,85,416600,2149,16600
2020/8/6,5494,8478,16,966300,154,80500,88,523400,772,40200
2020/8/7,5495,2823,29,970800,162,80900,73,525800,792,40400
2020/8/10,5496,8386,44,754500,234,62800,96,408600,823,31400
2020/8/11,5497,8065,12,1218200,304,50700,56,634400,1351,25300
2020/8/12,5498,8311,14,1072500,186,89300,60,580900,833,44600
2020/8/13,5499,8055,31,898900,141,74900,83,486900,671,37400
2020/8/14,5500,2413,35,904400,439,37600,70,471000,1822,18800
2020/8/17,5501,6591,21,1098900,503,45700,60,572300,1836,22800
2020/8/18,5502,3929,23,1100700,133,91700,64,596200,596,45800
2020/8/19,5503,5405,8,1704200,103,142000,41,923100,564,71000
2020/8/20,5504,6653,16,1100800,174,91700,65,596200,746,45800
2020/8/21,5505,6510,19,941700,447,39200,72,490400,2089,19600
2020/8/24,5506,7738,31,855200,228,71200,106,463200,889,35600
2020/8/25,5507,8063,31,902000,375,37500,68,469700,1676,18700
2020/8/26,5508,8876,28,670800,296,55900,119,363300,1143,27900
2020/8/27,5509,8499,16,1112900,155,92700,55,602800,935,46300
2020/8/28,5510,5989,16,1185000,149,98700,74,641800,666,49300
2020/8/31,5511,1240,29,805300,650,33500,86,419400,2626,16700
2020/9/1,5512,2417,38,658800,474,27400,116,343100,1930,13700
2020/9/2,5513,3565,23,1008800,199,84000,73,546400,747,42000
2020/9/3,5514,3833,12,1457800,57,364400,45,911100,151,182200
2020/9/4,5515,6198,14,1124500,390,46800,58,585600,1904,23400
2020/9/7,5516,3392,25,1128600,163,94000,60,611300,805,47000
2020/9/8,5517,2687,19,1055500,319,43900,71,549700,1341,21900
2020/9/9,5518,7405,19,1137200,386,47300,52,592200,1499,23600
2020/9/10,5519,8815,18,1009200,161,84100,87,546600,635,42000
2020/9/11,5520,6764,10,1347300,152,112200,63,729700,600,56100
2020/9/14,5521,8918,19,1328900,149,110700,53,719800,741,55300
2020/9/15,5522,4872,20,999600,388,41600,63,520600,1610,20800
2020/9/16,5523,4251,35,916500,381,38100,57,477300,1739,19000
2020/9/17,5524,7682,15,1164900,329,48500,61,606700,1425,24200
2020/9/18,5525,3542,22,926600,444,38600,84,482600,1673,19300
2020/9/21,5526,2182,22,888700,306,74000,58,481300,1160,37000
2020/9/22,5527,9566,14,1504200,122,125300,30,814700,548,62600
2020/9/23,5528,4218,33,742900,374,30900,105,386900,1682,15400
2020/9/24,5529,1131,15,922900,67,230700,66,576800,295,115300
2020/9/25,5530,2063,10,1180300,351,49100,57,614700,1708,24500
2020/9/28,5531,2128,52,677900,309,56400,95,367100,1197,28200
2020/9/29,5532,1288,36,636200,252,53000,102,344600,1117,26500
2020/9/30,5533,7106,14,1244500,345,51800,52,648100,1435,25900
2020/10/1,5534,4380,11,1235700,273,51400,69,643500,1289,25700
2020/10/2,5535,1610,28,800800,258,66700,77,433700,1156,33300
2020/10/5,5536,4228,13,1265400,174,105400,62,685400,818,52700
2020/10/6,5537,4086,18,1029400,373,42800,57,536100,1675,21400
2020/10/7,5538,2972,26,1059400,145,88200,59,573800,675,44100
2020/10/8,5539,2299,13,1041800,106,173600,53,607700,405,86800
2020/10/9,5540,6963,7,1325300,142,110400,57,717800,691,55200
2020/10/12,5541,9684,34,755900,638,31400,82,393600,2476,15700
2020/10/13,5542,7977,17,1266100,61,316500,43,791300,148,158200
2020/10/14,5543,1599,17,1093000,145,91000,64,592000,733,45500
2020/10/15,5544,4114,22,994200,91,165700,68,579900,383,82800
2020/10/16,5545,6063,14,1348400,162,112300,55,730300,626,56100
2020/10/19,5546,1222,84,425100,132,106200,220,265600,244,53100
2020/10/20,5547,0103,26,629200,284,52400,111,340800,1231,26200
2020/10/21,5548,4301,13,882400,532,36700,70,459500,2262,18300
2020/10/22,5549,8866,16,1085900,108,180900,58,633400,323,90400
2020/10/23,5550,6518,24,892900,409,37200,82,465000,1814,18600
2020/10/26,5551,8722,18,992600,258,82700,73,537600,1093,41300
2020/10/27,5552,4208,18,885900,396,36900,90,461400,1621,18400
2020/10/28,5553,5010,38,856700,191,71300,57,464000,943,35600
2020/10/29,5554,2024,23,931000,188,77500,74,504200,791,38700
2020/10/30,5555,5552,12,982900,106,245700,65,614300,267,122800
2020/11/2,5556,0256,23,1020300,519,42500,66,531400,1943,21200
2020/11/3,5557,6615,14,965300,188,80400,81,522800,633,40200
2020/11/4,5558,6213,20,928900,397,38700,64,483800,2029,19300
2020/11/5,5559,1769,17,1167100,341,48600,53,607800,1459,24300
2020/11/6,5560,1605,22,936100,482,39000,64,487500,2023,19500
2020/11/9,5561,8594,22,1027400,468,42800,72,535100,1782,21400
2020/11/10,5562,1607,18,1101600,335,45900,57,573700,1447,22900
2020/11/11,5563,6620,24,1101000,184,91700,46,596300,772,45800
2020/11/12,5564,2587,15,988100,374,41100,79,514600,1602,20500
2020/11/13,5565,6977,20,979200,176,81600,81,530400,774,40800
2020/11/16,5566,0622,70,492000,286,41000,190,266500,1121,20500
2020/11/17,5567,2304,22,1119300,332,46600,47,582900,1414,23300
2020/11/18,5568,0613,69,434800,520,18100,195,226400,2125,9000
2020/11/19,5569,8052,15,1123900,389,46800,51,585300,1563,23400
2020/11/20,5570,3924,40,887600,246,36900,75,462200,1458,18400
2020/11/23,5571,8044,25,1102900,119,91900,72,597400,606,45900
2020/11/24,5572,2995,21,1033600,138,86100,66,559800,596,43000
2020/11/25,5573,0723,70,456300,391,19000,198,237600,1611,9500
2020/11/26,5574,1745,22,952700,403,39600,69,496100,1516,19800
2020/11/27,5575,2148,31,936700,393,39000,57,487800,1785,19500
2020/11/30,5576,0356,20,1036600,430,43100,83,539800,1616,21500
2020/12/1,5577,0254,14,992200,482,41300,53,516700,2018,20600
2020/12/2,5578,1446,20,901700,191,75100,76,488400,952,37500
2020/12/3,5579,5190,24,931400,408,38800,64,485100,1762,19400
2020/12/4,5580,4636,28,1011300,151,84200,71,547700,711,42100
2020/12/7,5581,2819,24,882200,461,36700,98,459400,1984,18300
2020/12/8,5582,6591,16,1012700,415,42100,59,527400,1676,21000
2020/12/9,5583,0030,19,1154800,88,288700,40,721700,192,144300
2020/12/10,5584,7507,45,789300,140,65700,91,427500,676,32800
2020/12/11,5585,0502,41,768500,173,64000,97,416200,840,32000
2020/12/14,5586,4515,19,1006100,208,83800,86,544900,860,41900
2020/12/15,5587,0406,58,638500,171,53200,127,345800,637,26600
2020/12/16,5588,0274,11,1242500,355,51700,45,647100,1811,25800
2020/12/17,5589,1962,57,484900,465,20200,197,252500,2047,10100
2020/12/18,5590,1174,13,975000,238,81200,68,528100,1111,40600
2020/12/21,5591,9935,25,1048400,200,87300,83,567800,827,43600
2020/12/22,5592,6635,21,992300,175,82600,81,537400,674,41300
2020/12/23,5593,7349,17,1066700,455,44400,64,555500,1725,22200
2020/12/24,5594,8737,25,951100,223,79200,67,515100,898,39600
2020/12/25,5595,5876,22,866900,568,36100,90,451500,2194,18000
2020/12/28,5596,2058,36,835400,573,34800,107,435100,2115,17400
2020/12/29,5597,2649,21,1029200,403,42800,71,536000,1670,21400
2020/12/30,5598,0169,21,886600,523,36900,75,461700,2525,18400
2021/1/4,5599,3299,17,1348600,148,112300,54,730400,709,56100
2021/1/5,5600,1530,31,692100,585,28800,88,360400,2764,14400
2021/1/6,5601,7155,17,984100,211,82000,70,533000,821,41000
2021/1/7,5602,1974,59,493700,423,20500,179,257100,1751,10200
2021/1/8,5603,5852,12,1356400,153,113000,50,734700,674,56500
2021/1/11,5604,6497,15,1199600,469,49900,44,624700,2033,24900
2021/1/12,5605,8695,18,843900,460,35100,89,439500,1901,17500
2021/1/13,5606,1985,28,748400,375,31100,126,389700,1722,15500
2021/1/14,5607,4886,19,804000,266,67000,88,435500,1089,33500
2021/1/15,5608,0983,18,1345000,261,56000,53,700500,1351,28000
2021/1/18,5609,5172,23,750500,855,31200,109,390800,2951,15600
2021/1/19,5610,8877,29,701000,157,116800,75,408900,598,58400
2021/1/20,5611,3380,16,1015900,163,84600,81,550200,767,42300
2021/1/21,5612,4738,20,769200,484,32000,107,400600,2116,16000
2021/1/22,5613,1605,27,850000,520,35400,78,442700,2052,17700
2021/1/25,5614,2030,38,940700,255,78300,62,509500,998,39100
2021/1/26,5615,4298,21,1077700,326,44900,65,561300,1380,22400
2021/1/27,5616,7754,15,1193700,126,99400,63,646500,747,49700
2021/1/28,5617,1167,16,900800,209,75000,94,487900,834,37500
2021/1/29,5618,2537,35,723200,489,30100,112,376600,2048,15000
2021/2/1,5619,5346,24,929000,588,38700,82,483800,2219,19300
2021/2/2,5620,7148,13,973400,428,40500,73,506900,1923,20200
2021/2/3,5621,8752,29,852200,489,35500,75,443800,1882,17700
2021/2/4,5622,0169,13,1023200,480,42600,49,532900,2225,21300
2021/2/5,5623,3110,65,384800,493,32000,191,208400,2160,16000
2021/2/8,5624,6587,22,920500,573,38300,81,479400,2218,19100
2021/2/9,5625,4728,31,690500,449,28700,124,359600,1685,14300
2021/2/10,5626,4377,37,809000,193,67400,85,438200,885,33700
2021/2/11,5627,3840,25,980400,334,40800,74,510600,1369,20400
2021/2/12,5628,6012,18,711700,667,29600,89,370600,3178,14800
2021/2/15,5629,7944,21,1076400,233,89700,82,583000,813,44800
2021/2/16,5630,6901,26,777300,505,32300,92,404800,2195,16100
2021/2/17,5631,2968,19,1061200,371,44200,70,552700,1522,22100
2021/2/18,5632,9635,49,604700,580,25100,107,314900,2446,12500
2021/2/19,5633,8886,13,1762700,35,440600,45,1101600,131,220300
2021/2/22,5634,4246,32,1096100,200,91300,75,593700,747,45600
2021/2/23,5635,1968,59,432400,392,18000,239,225200,1701,9000
2021/2/24,5636,9491,40,767700,236,63900,69,415800,1074,31900
2021/2/25,5637,9613,22,784500,505,32600,92,408500,2416,16300
2021/2/26,5638,9691,26,671700,383,55900,107,363800,1409,27900
2021/3/1,5639,5378,29,709500,830,29500,128,369500,2749,14700
2021/3/2,5640,8117,20,915300,193,76200,76,495700,873,38100
2021/3/3,5641,2658,30,842700,430,35100,91,438900,1803,17500
2021/3/4,5642,3364,25,993400,138,82700,84,538000,681,41300
2021/3/5,5643,4525,19,1169700,178,97400,58,633500,778,48700
2021/3/8,5644,6290,24,1088100,424,45300,65,566700,1889,22600
2021/3/9,5645,3930,26,814300,189,67800,94,441000,867,33900
2021/3/10,5646,2925,32,889800,191,74100,76,481900,779,37000
2021/3/11,5647,6030,14,940600,218,78300,82,509400,903,39100
2021/3/12,5648,2979,17,1227700,139,102300,63,665000,668,51100
2021/3/15,5649,3557,23,950800,249,79200,90,515000,898,39600
2021/3/16,5650,3853,36,782100,178,65100,79,423600,928,32500
2021/3/17,5651,5553,26,710700,107,177600,96,444100,303,88800
2021/3/18,5652,7369,21,1041500,331,43300,66,542400,1524,21600
2021/3/19,5653,4167,36,840400,456,35000,73,437700,1953,17500
2021/3/22,5654,3237,27,933300,183,77700,92,505500,868,38800
2021/3/23,5655,2510,33,686600,450,28600,100,357600,2045,14300
2021/3/24,5656,3193,15,1168000,155,97300,62,632600,681,48600
2021/3/25,5657,3658,40,596200,529,24800,129,310500,2316,12400
2021/3/26,5658,8114,18,939000,213,78200,76,508600,997,39100
2021/3/29,5659,5681,24,973400,468,40500,74,506900,2050,20200
2021/3/30,5660,0269,18,1173000,318,48800,44,610900,1558,24400
2021/3/31,5661,9997,32,1135900,60,283900,68,709900,142,141900
2021/4/1,5662,6215,22,1089600,350,45400,56,567500,1617,22700
2021/4/2,5663,0362,19,1062800,400,44200,57,553500,1885,22100
2021/4/5,5664,0871,34,952000,473,39600,54,495800,2181,19800
2021/4/6,5665,2145,44,807600,394,33600,64,420600,1580,16800
2021/4/7,5666,9142,15,1281600,353,53400,28,667500,1790,26700
2021/4/8,5667,8505,26,1265100,129,105400,39,685200,584,52700
2021/4/9,5668,3745,36,698500,376,29100,131,363800,1774,14500
2021/4/12,5669,2524,36,896600,236,74700,80,485600,822,37300
2021/4/13,5670,7330,22,1205200,118,100400,44,652800,643,50200
2021/4/14,5671,6017,30,870000,345,36200,79,453100,1585,18100
2021/4/15,5672,2778,16,1048800,134,87400,90,568100,742,43700
2021/4/16,5673,0788,36,962300,169,80100,69,521200,759,40000
2021/4/19,5674,5711,33,1059700,203,88300,62,574000,822,44100
2021/4/20,5675,5063,29,1084400,325,45100,55,564700,1276,22500
2021/4/21,5676,1798,13,1296200,348,54000,45,675100,1554,27000
2021/4/22,5677,7294,50,626600,505,26100,113,326300,2067,13000
2021/4/23,5678,9706,29,1006100,354,41900,68,524000,1723,20900
2021/4/26,5679,3793,53,800200,227,66600,86,433400,997,33300
2021/4/27,5680,3193,39,965600,144,80400,61,523000,635,40200
2021/4/28,5681,2801,38,742600,510,30900,76,386700,2422,15400
2021/4/29,5682,2307,26,826600,408,34400,80,430500,1710,17200
2021/4/30,5683,9672,14,1144600,415,47600,65,596100,1754,23800
2021/5/3,5684,4423,86,604800,171,50400,129,327600,659,25200
2021/5/4,5685,0388,30,1083400,162,90200,43,586800,590,45100
2021/5/5,5686,6137,38,800500,381,33300,72,416900,1545,16600
2021/5/6,5687,3598,39,772300,405,32100,89,402200,1671,16000
2021/5/7,5688,0982,30,909300,391,37800,74,473500,1824,18900
2021/5/10,5689,2788,44,693100,256,57700,130,375400,984,28800
2021/5/11,5690,4213,44,827800,410,34400,55,431100,1573,17200
2021/5/12,5691,1685,36,877700,367,36500,62,457100,1663,18200
2021/5/13,5692,0448,20,1344700,95,112000,50,728300,529,56000
2021/5/14,5693,5039,33,866300,337,36000,94,451100,1521,18000
2021/5/17,5694,1790,7,1169900,437,48700,63,609300,2020,24300
2021/5/18,5695,1482,16,1000000,446,41600,55,520800,1689,20800
2021/5/19,5696,6075,30,1292900,246,53800,31,673300,1149,26900
2021/5/20,5697,5815,37,822500,188,68500,73,445500,762,34200
2021/5/21,5698,0099,34,946500,105,157700,54,552100,361,78800
2021/5/24,5699,2734,56,697700,467,29000,97,363300,1965,14500
2021/5/25,5700,5941,47,777200,436,32300,58,404700,1718,16100
2021/5/26,5701,1082,22,862200,416,35900,76,449000,2024,17900
2021/5/27,5702,0824,63,493500,406,20500,171,257000,1677,10200
2021/5/28,5703,7368,43,824200,376,34300,70,429200,1784,17100
2021/5/31,5704,5783,49,759500,530,31600,77,395500,2244,15800
2021/6/1,5705,9087,35,794100,385,33000,81,413500,1760,16500
2021/6/2,5706,1995,48,733200,198,61100,90,397100,724,30500
2021/6/3,5707,6469,28,745700,218,62100,102,403900,897,31000
2021/6/4,5708,5198,41,838700,376,34900,62,436800,1640,17400
2021/6/7,5709,2759,60,618200,503,25700,128,321900,1991,12800
2021/6/8,5710,1505,34,630600,221,52500,121,341500,879,26200
2021/6/9,5711,0625,86,423200,334,17600,203,220400,1404,8800
2021/6/10,5712,9232,23,1000300,153,83300,65,541800,732,41600
2021/6/11,5713,4903,15,1102700,367,45900,63,574300,1552,22900
2021/6/14,5714,6894,28,807300,632,33600,80,420400,2218,16800
2021/6/15,5715,4730,34,1026700,400,42700,47,534700,1583,21300
2021/6/16,5716,3555,37,1070800,56,267700,44,669200,168,133800
2021/6/17,5717,6637,28,905200,176,75400,88,490300,668,37700
2021/6/18,5718,7158,64,664800,565,27700,73,346200,2139,13800
2021/6/21,5719,9136,56,731000,560,30400,70,380700,2437,15200
2021/6/22,5720,0130,75,507900,201,42300,128,275100,985,21100
2021/6/23,5721,0892,20,1159600,364,48300,36,603900,1686,24100
2021/6/24,5722,2920,55,718900,186,59900,72,389400,840,29900
2021/6/25,5723,2479,32,679300,545,28300,128,353800,1948,14100
2021/6/28,5724,5047,44,969500,362,40300,72,504900,1493,20100
2021/6/29,5725,3268,67,569000,496,23700,95,296300,1957,11800
2021/6/30,5726,1275,27,675300,621,28100,95,351700,2667,14000
2021/7/1,5727,8941,15,913600,456,38000,76,475800,1994,19000
2021/7/2,5728,1382,45,879300,350,36600,52,457900,1788,18300
2021/7/5,5729,8819,52,872700,168,72700,80,472700,721,36300
2021/7/6,5730,3130,80,506200,242,42100,93,274100,1187,21000
2021/7/7,5731,8023,38,755400,448,31400,79,393400,1891,15700
2021/7/8,5732,1903,84,500000,511,20800,94,260400,2336,10400
2021/7/9,5733,1585,53,888900,140,74000,54,481400,646,37000
2021/7/12,5734,6915,93,556200,583,23100,94,289600,2227,11500
2021/7/13,5735,5211,38,735400,214,61200,59,398300,1106,30600
2021/7/14,5736,6992,81,559800,152,46600,102,303200,743,23300
2021/7/15,5737,0678,46,985800,251,41000,42,513400,1164,20500
2021/7/16,5738,5104,51,771200,367,32100,60,401600,1877,16000
2021/7/19,5739,6109,79,473600,767,19700,122,246600,3139,9800
2021/7/20,5740,5038,74,572100,376,23800,81,297900,1808,11900
2021/7/21,5741,6438,18,967300,390,40300,68,503800,1771,20100
2021/7/22,5742,9921,69,756900,112,63000,42,409900,686,31500
2021/7/23,5743,1012,134,274000,360,22800,248,148400,1748,11400
2021/7/26,5744,4594,86,649000,168,54000,78,351500,751,27000
2021/7/27,5745,7600,53,954000,113,79500,28,516700,504,39700
2021/7/28,5746,8763,68,638200,374,26500,66,332300,1711,13200
2021/7/29,5747,1678,78,637800,238,26500,75,332100,1264,13200
2021/7/30,5748,7506,73,774700,276,32200,44,403400,1300,16100
2021/8/2,5749,9627,68,738100,384,30700,75,384400,1691,15300
2021/8/3,5750,8365,100,467000,511,19400,79,243200,2120,9700
2021/8/4,5751,1783,123,397200,404,16500,129,206800,1855,8200
2021/8/5,5752,0798,61,655000,413,27200,75,341100,1582,13600
2021/8/6,5753,9860,109,552600,338,23000,59,287800,1648,11500
2021/8/9,5754,2085,103,583100,450,24200,49,303600,1679,12100
2021/8/10,5755,2610,139,387800,475,16100,77,201900,2335,8000
2021/8/11,5756,0985,118,524300,304,21800,59,273000,1317,10900
2021/8/12,5757,8547,99,545100,281,22700,72,283900,1331,11300
2021/8/13,5758,0949,135,551800,101,45900,52,298800,533,22900
2021/8/16,5759,7342,142,470700,488,19600,84,245100,1924,9800
2021/8/17,5760,9191,107,593700,64,98900,39,346300,255,49400
2021/8/18,5761,4861,133,452800,341,18800,76,235800,1541,9400
2021/8/19,5762,1275,163,367600,501,15300,86,191400,2057,7600
2021/8/20,5763,6659,157,409900,149,34100,107,222000,583,17000
2021/8/23,5764,8494,85,800000,108,66600,45,433300,551,33300
2021/8/24,5765,2058,80,607000,378,25200,52,316100,1536,12600
2021/8/25,5766,3500,21,950600,166,79200,70,514900,780,39600
2021/8/26,5767,3631,138,466400,119,38800,59,252600,711,19400
2021/8/27,5768,2615,69,630400,329,26200,86,328300,1612,13100
2021/8/30,5769,0715,234,287200,490,11900,205,149500,1696,5900
2021/8/31,5770,9879,27,921500,139,76700,68,499100,736,38300
2021/9/1,5771,4723,182,366400,391,15200,89,190800,1611,7600
2021/9/2,5772,3476,163,381400,339,15800,78,198600,1759,7900
2021/9/3,5773,4858,108,560300,153,46600,52,303400,812,23300
2021/9/6,5774,6163,116,605300,168,50400,65,327800,682,25200
2021/9/7,5775,0546,163,450700,210,18700,37,234700,1162,9300
2021/9/8,5776,1022,229,232800,329,19400,234,126100,1162,9700
2021/9/9,5777,3550,22,1052100,123,87600,62,569800,570,43800
2021/9/10,5778,5853,108,548700,174,45700,54,297200,826,22800
2021/9/13,5779,9272,228,350800,151,29200,94,190000,693,14600
2021/9/14,5780,8885,23,879800,70,219900,82,549800,130,109900
2021/9/15,5781,2409,200,364900,285,15200,77,190000,1388,7600
2021/9/16,5782,1108,371,177800,254,14800,248,96300,1043,7400
2021/9/17,5783,3043,69,744100,140,62000,64,403000,590,31000
2021/9/20,5784,8694,25,858500,512,35700,65,447100,1766,17800
2021/9/21,5785,6520,19,1136300,293,47300,49,591800,1138,23600
2021/9/22,5786,4433,31,996500,59,166000,56,581200,231,83000
2021/9/23,5787,0323,59,475500,144,39600,154,257500,588,19800
2021/9/24,5788,2873,23,911700,349,37900,59,474800,1745,18900
2021/9/27,5789,6931,36,734900,524,30600,80,382700,2125,15300
2021/9/28,5790,6157,12,998600,325,41600,68,520100,1422,20800
2021/9/29,5791,4208,14,802600,483,33400,80,418000,1861,16700
2021/9/30,5792,2691,22,952900,312,39700,55,496300,1616,19800
2021/10/1,5793,9445,17,1252100,117,104300,41,678200,641,52100
2021/10/4,5794,3144,18,1174100,160,97800,57,635900,723,48900
2021/10/5,5795,3544,31,922900,141,76900,53,499900,634,38400
2021/10/6,5796,8464,14,1171600,144,97600,49,634600,662,48800
2021/10/7,5797,7242,14,1259200,129,104900,40,682000,680,52400
2021/10/8,5798,5041,20,1104300,322,46000,49,575100,1505,23000
2021/10/11,5799,1848,32,1038600,122,86500,57,562500,706,43200
2021/10/12,5800,0563,10,1262200,267,52500,43,657300,1283,26200
2021/10/13,5801,9395,14,916300,199,76300,75,496300,689,38100
2021/10/14,5802,0436,12,1349100,304,56200,33,702600,1268,28100
2021/10/15,5803,2892,18,1225300,123,102100,52,663700,676,51000
2021/10/18,5804,4201,27,837300,619,34800,57,436000,2427,17400
2021/10/19,5805,6058,12,915300,350,38100,80,476700,1516,19000
2021/10/20,5806,1109,100,311100,295,25900,251,168500,1197,12900
2021/10/21,5807,4825,24,953900,313,39700,62,496800,1410,19800
2021/10/22,5808,1869,22,835300,393,34800,72,435000,1947,17400
2021/10/25,5809,2370,17,984400,467,41000,68,512700,1881,20500
2021/10/26,5810,6918,35,742400,351,30900,75,386600,1709,15400
2021/10/27,5811,5476,13,1258400,307,52400,47,655400,1313,26200
2021/10/28,5812,9442,18,1310100,116,109100,36,709600,637,54500
2021/10/29,5813,2850,28,823300,483,34300,71,428800,1855,17100
2021/11/1,5814,7063,20,1137500,416,47300,56,592400,1563,23600
2021/11/2,5815,5133,17,1079100,184,89900,42,584500,778,44900
2021/11/3,5816,7902,12,1131500,315,47100,44,589300,1604,23500
2021/11/4,5817,9021,20,660600,539,27500,92,344000,2671,13700
2021/11/5,5818,3713,19,898100,153,74800,97,486400,707,37400
2021/11/8,5819,1089,53,506900,639,21100,150,264000,2996,10500
2021/11/9,5820,2121,18,561300,218,93500,63,327400,825,46700
2021/11/10,5821,9319,27,986200,174,82100,46,534100,728,41000
2021/11/11,5822,4569,20,800500,369,33300,103,416900,1462,16600
2021/11/12,5823,1149,24,986700,179,82200,63,534400,741,41100
2021/11/15,5824,8425,28,926800,499,38600,57,482700,1944,19300
2021/11/16,5825,3833,22,1085100,48,271200,53,678100,147,135600
2021/11/17,5826,8231,18,999700,372,41600,51,520600,1681,20800
2021/11/18,5827,8481,10,1183600,170,98600,50,641100,703,49300
2021/11/19,5828,4880,25,1222100,119,101800,45,661900,552,50900
2021/11/22,5829,1205,134,318600,609,13200,267,165900,1991,6600
2021/11/23,5830,8842,19,1040200,157,86600,48,563400,606,43300
2021/11/24,5831,5427,21,842800,363,35100,88,438900,1507,17500
2021/11/25,5832,4223,21,939900,181,78300,70,509100,685,39100
2021/11/26,5833,3044,11,1261000,150,105000,57,683000,635,52500
2021/11/29,5834,8624,35,734000,647,30500,81,382200,2200,15200
2021/11/30,5835,4594,11,1102800,172,91900,56,597300,723,45900
2021/12/1,5836,4643,17,994500,165,82800,78,538600,628,41400
2021/12/2,5837,7269,24,989700,333,41200,66,515400,1301,20600
2021/12/3,5838,1888,23,897200,81,224300,81,560700,172,112100
2021/12/6,5839,6770,11,1413500,130,117700,56,765600,667,58800
2021/12/7,5840,8951,12,1091800,316,45400,54,568600,1502,22700
2021/12/8,5841,8438,11,890400,214,74200,71,482300,959,37100
2021/12/9,5842,5741,20,989200,371,41200,62,515200,1420,20600
2021/12/10,5843,9636,21,1097300,200,91400,44,594300,820,45700
2021/12/13,5844,2381,33,917600,423,38200,70,477900,1778,19100
2021/12/14,5845,1250,15,868700,415,36100,73,452400,1794,18000
2021/12/15,5846,7246,30,822700,407,34200,88,428400,1666,17100
2021/12/16,5847,6572,12,1305800,334,54400,45,680100,1453,27200
2021/12/17,5848,9613,14,812300,585,33800,89,423000,2298,16900
2021/12/20,5849,1743,31,817500,507,34000,94,425700,2204,17000
2021/12/21,5850,3582,30,668600,582,27800,93,348200,2266,13900
2021/12/22,5851,7399,23,1095900,190,91300,54,593600,662,45600
2021/12/23,5852,8544,18,1189600,133,99100,54,644300,693,49500
2021/12/24,5853,0807,50,642800,198,53500,139,348100,769,26700
2021/12/27,5854,9715,36,884900,605,36800,56,460800,2155,18400
2021/12/28,5855,4205,27,866900,456,36100,60,451500,2007,18000
2021/12/29,5856,4559,18,905800,173,75400,93,490600,841,37700
2021/12/30,5857,4709,23,761000,402,31700,126,396300,1822,15800
2022/1/4,5858,0709,40,712800,141,59400,131,386100,751,29700
2022/1/5,5859,8176,19,1100600,358,45800,45,573200,1524,22900
2022/1/6,5860,8638,21,916900,168,76400,76,496600,686,38200
2022/1/7,5861,7731,32,757800,184,63100,100,410400,854,31500
2022/1/10,5862,6768,29,853400,201,71100,105,462200,879,35500
2022/1/11,5863,5711,19,1125800,198,93800,51,609800,741,46900
2022/1/12,5864,1627,27,804600,388,33500,97,419000,1596,16700
2022/1/13,5865,4892,25,939500,341,39100,67,489300,1524,19500
2022/1/14,5866,0903,48,650600,169,54200,125,352400,831,27100
2022/1/17,5867,2881,24,1153500,196,96100,58,624800,723,48000
2022/1/18,5868,4199,21,953300,214,79400,47,516300,865,39700
2022/1/19,5869,5635,14,1382600,145,115200,41,748900,574,57600
2022/1/20,5870,9024,20,1016100,340,42300,69,529200,1354,21100
2022/1/21,5871,0855,19,1413900,113,117800,41,765800,541,58900
2022/1/24,5872,0383,18,1200600,201,100000,48,650300,858,50000
2022/1/25,5873,4363,23,1286900,114,107200,40,697000,539,53600
2022/1/26,5874,5046,19,1231500,255,51300,60,641400,1155,25600
2022/1/27,5875,3429,24,968700,276,40300,79,504500,1343,20100
2022/1/28,5876,2162,14,953300,259,79400,65,516300,1000,39700
2022/1/31,5877,3052,35,862600,525,35900,74,449200,1921,17900
2022/2/1,5878,5602,21,1056600,347,44000,51,550300,1530,22000
2022/2/2,5879,3383,11,1261100,56,315200,56,788100,170,157600
2022/2/3,5880,0007,21,1064300,52,266000,65,665100,162,133000
2022/2/4,5881,5872,16,1070700,391,44600,60,557600,1646,22300
2022/2/7,5882,9432,11,1425400,371,59300,44,742300,1550,29600
2022/2/8,5883,8377,22,987400,177,82200,58,534800,704,41100
2022/2/9,5884,8255,23,1018200,176,84800,57,551500,723,42400
2022/2/10,5885,8577,31,967400,172,80600,52,524000,665,40300
2022/2/11,5886,1292,18,975400,233,81200,50,528300,932,40600
2022/2/14,5887,3418,19,846200,504,35200,101,440700,1998,17600
2022/2/15,5888,9510,18,1001000,430,41700,53,521300,1817,20800
2022/2/16,5889,2334,18,1027500,134,85600,80,556500,672,42800
2022/2/17,5890,5685,16,1157900,161,96400,57,627100,713,48200
2022/2/18,5891,5922,22,1181300,174,98400,46,639800,750,49200
2022/2/21,5892,0010,24,1082100,73,270500,51,676300,273,135200
2022/2/22,5893,8108,26,825500,228,68700,73,447100,924,34300
2022/2/23,5894,5632,28,841900,384,35000,71,438400,1673,17500
2022/2/24,5895,3289,32,814400,394,33900,68,424100,1855,16900
2022/2/25,5896,1554,17,1384100,131,115300,43,749700,639,57600
2022/2/28,5897,4803,20,1095900,427,45600,72,570700,1650,22800
2022/3/1,5898,5279,40,726500,432,30200,92,378300,1657,15100
2022/3/2,5899,3365,18,901300,188,75100,89,488200,821,37500
2022/3/3,5900,1990,47,682200,207,56800,95,369500,883,28400
2022/3/4,5901,3591,43,653900,576,27200,106,340500,2145,13600
2022/3/7,5902,8432,56,658000,619,27400,91,342700,2343,13700
2022/3/8,5903,8726,23,904900,353,37700,76,471300,1452,18800
2022/3/9,5904,5692,32,769600,414,32000,92,400800,1729,16000
2022/3/10,5905,6992,34,877200,140,73100,77,475100,695,36500
2022/3/11,5906,6774,14,1170000,180,97500,53,633700,799,48700
2022/3/14,5907,1763,43,934800,431,38900,55,486800,1745,19400
2022/3/15,5908,3913,16,868400,154,72300,97,470300,749,36100
2022/3/16,5909,7733,32,841000,119,140100,67,490500,357,70000
2022/3/17,5910,1346,20,956600,387,39800,68,498200,1612,19900
2022/3/18,5911,4844,8,1386800,72,346700,43,866700,169,173300
2022/3/21,5912,4218,37,677500,624,28200,102,352800,2072,14100
2022/3/22,5913,8984,10,1056700,141,88000,69,572300,649,44000
2022/3/23,5914,8432,62,539200,462,22400,111,280800,1991,11200
2022/3/24,5915,1378,15,955800,385,39800,71,497800,1727,19900
2022/3/25,5916,1188,122,325500,162,54200,229,189800,541,27100
2022/3/28,5917,7738,20,990000,243,82500,99,536200,870,41200
2022/3/29,5918,4909,17,1323900,96,110300,60,717100,408,55100
2022/3/30,5919,0036,16,994700,191,82800,69,538700,795,41400
2022/3/31,5920,0389,14,963000,342,40100,88,501500,1520,20000
2022/4/1,5921,7136,14,1053400,371,43800,75,548600,1590,21900
2022/4/4,5922,7000,24,1062600,75,265600,70,664100,172,132800
2022/4/5,5923,8986,27,1056000,122,88000,56,572000,579,44000
2022/4/6,5924,9094,15,1420000,108,118300,45,769100,535,59100
2022/4/7,5925,1858,46,902300,136,75100,50,488700,655,37500
2022/4/8,5926,0896,24,1038100,303,43200,67,540600,1480,21600
2022/4/11,5927,7495,24,1125200,422,46800,54,586000,1592,23400
2022/4/12,5928,0479,27,943200,332,39300,48,491200,1684,19600
2022/4/13,5929,3221,16,950300,195,79100,59,514700,950,39500
2022/4/14,5930,7844,54,643200,198,53600,86,348400,786,26800
2022/4/15,5931,1026,90,358900,543,14900,273,186900,2262,7400
2022/4/18,5932,2025,49,685800,254,57100,112,371400,968,28500
2022/4/19,5933,6481,28,1065100,354,44300,35,554700,1456,22100
2022/4/20,5934,8635,29,650100,531,27000,116,338500,2223,13500
2022/4/21,5935,9970,10,1325300,109,110400,55,717800,636,55200
2022/4/22,5936,7005,29,918200,216,76500,61,497300,819,38200
2022/4/25,5937,0966,18,1206900,188,100500,55,653700,770,50200
2022/4/26,5938,6230,14,1139500,296,47400,49,593400,1497,23700
2022/4/27,5939,6399,21,831200,259,69200,67,450200,1036,34600
2022/4/28,5940,1629,40,696000,432,29000,104,362500,1689,14500
2022/4/29,5941,9545,14,1112700,133,92700,68,602700,616,46300
2022/5/2,5942,0139,33,923500,500,38400,61,480900,2050,19200
2022/5/3,5943,7113,16,930900,178,77500,61,504200,801,38700
2022/5/4,5944,5222,13,1126000,66,281500,55,703700,158,140700
2022/5/5,5945,8977,21,900400,173,75000,74,487700,703,37500
2022/5/6,5946,7127,21,1057900,161,88100,57,573000,763,44000
2022/5/9,5947,4086,38,863000,442,35900,75,449400,1668,17900
2022/5/10,5948,9533,13,1012100,193,84300,56,548200,874,42100
2022/5/11,5949,2804,38,791500,460,32900,59,412200,1708,16400
2022/5/12,5950,3661,15,1037500,132,86400,70,561900,671,43200
2022/5/13,5951,6348,17,832700,438,34600,90,433600,1822,17300
2022/5/16,5952,2304,22,1083000,366,45100,68,564000,1531,22500
2022/5/17,5953,1960,55,428500,542,17800,187,223100,2158,8900
2022/5/18,5954,9015,18,917900,364,38200,66,478000,1813,19100
2022/5/19,5955,3272,14,1282900,131,106900,40,694900,682,53400
2022/5/20,5956,2334,35,722200,177,60100,114,391100,725,30000
2022/5/23,5957,6801,8,1146100,444,47700,57,596900,1919,23800
2022/5/24,5958,7574,11,1375600,101,114600,43,745100,578,57300
2022/5/25,5959,6575,23,928800,184,77400,65,503100,795,38700
2022/5/26,5960,5128,24,783100,365,32600,99,407800,1727,16300
2022/5/27,5961,5393,10,1287800,156,107300,50,697500,680,53600
2022/5/30,5962,1590,24,927100,486,38600,71,482800,1861,19300
2022/5/31,5963,4058,12,1052700,267,43800,80,548200,1200,21900
2022/6/1,5964,6357,19,1198300,283,49900,48,624100,1367,24900
2022/6/2,5965,1312,15,827000,271,68900,56,447900,1230,34400
2022/6/3,5966,9919,35,784000,121,196000,55,490000,250,98000
2022/6/6,5967,3197,27,774800,553,32200,82,403500,2288,16100
2022/6/7,5968,1198,16,966200,176,80500,60,523300,794,40200
2022/6/8,5969,4185,19,813000,369,33800,85,423400,1914,16900
2022/6/9,5970,7363,9,1282600,174,106800,43,694700,672,53400
2022/6/10,5971,5808,12,1454600,126,121200,51,787900,615,60600
2022/6/13,5972,9366,38,945500,214,78700,42,512100,918,39300
2022/6/14,5973,6840,6,1352800,265,56300,47,704500,1266,28100
2022/6/15,5974,7968,25,852300,431,35500,73,443900,1880,17700
2022/6/16,5975,5302,12,1217400,331,50700,49,634000,1527,25300
2022/6/17,5976,6092,7,1307000,359,54400,46,680700,1710,27200
2022/6/20,5977,1099,37,784200,221,65300,91,424700,992,32600
2022/6/21,5978,3256,36,819200,306,34100,77,426600,1330,17000
2022/6/22,5979,7523,21,908500,391,37800,63,473100,1826,18900
2022/6/23,5980,2057,54,635800,394,26400,92,331100,1853,13200
2022/6/24,5981,0433,10,1544900,144,128700,39,836800,570,64300
2022/6/27,5982,7335,21,911000,232,75900,72,493400,1005,37900
2022/6/28,5983,9210,39,703800,473,29300,57,366500,2171,14600
2022/6/29,5984,2350,36,742600,384,30900,80,386700,1712,15400
2022/6/30,5985,4841,18,902500,234,75200,69,488800,789,37600
2022/7/1,5986,9771,22,1206300,151,100500,40,653400,712,50200
2022/7/4,5987,1921,25,710200,396,59100,66,384600,1537,29500
2022/7/5,5988,0440,15,1368600,61,228100,35,798300,274,114000
2022/7/6,5989,7677,16,1039200,52,259800,61,649500,205,129900
2022/7/7,5990,8336,14,1146400,148,95500,51,620900,757,47700
2022/7/8,5991,8209,14,1191600,325,49600,48,620600,1601,24800
2022/7/11,5992,6903,25,704900,586,29300,106,367100,2395,14600
2022/7/12,5993,3726,34,640300,399,26600,100,333400,1924,13300
2022/7/13,5994,0679,19,953500,323,39700,71,496600,1416,19800
2022/7/14,5995,0791,12,1011300,386,42100,48,526700,1872,21000
2022/7/15,5996,1656,8,1339700,116,111600,62,725600,557,55800
2022/7/18,5997,8136,26,687800,604,28600,95,358200,2358,14300
2022/7/19,5998,7140,19,945900,297,39400,66,492600,1365,19700
2022/7/20,5999,3078,16,832600,342,34600,97,433600,1558,17300
2022/7/21,6000,6990,23,1012500,168,84300,44,548400,773,42100
2022/7/22,6001,4306,54,852100,240,35500,57,443800,1158,17700
2022/7/25,6002,1540,56,792900,413,33000,48,412900,1800,16500
2022/7/26,6003,9062,9,1048800,316,43700,60,546200,1557,21800
2022/7/27,6004,8645,26,941300,322,39200,60,490200,1423,19600
2022/7/28,6005,4398,48,766300,349,31900,56,399100,1536,15900
2022/7/29,6006,5125,35,783500,175,65200,79,424300,819,32600
2022/8/1,6007,6787,54,842800,141,70200,63,456500,718,35100
2022/8/2,6008,6791,21,944600,369,39300,51,491900,1607,19600
2022/8/3,6009,7453,13,1185500,319,49300,50,617400,1312,24600
2022/8/4,6010,2057,22,928900,347,38700,63,483800,1451,19300
2022/8/5,6011,6771,21,975200,182,81200,59,528200,810,40600
2022/8/8,6012,8394,21,1089800,398,45400,52,567600,1639,22700
2022/8/9,6013,1932,22,911200,321,37900,56,474500,1572,18900
2022/8/10,6014,2490,21,1068300,327,44500,41,556400,1540,22200
2022/8/11,6015,9779,10,1669600,56,278200,27,973900,215,139100
2022/8/12,6016,9750,47,789700,297,32900,59,411300,1502,16400
2022/8/15,6017,6554,28,930600,169,77500,71,504000,876,38700
2022/8/16,6018,6802,16,1002500,357,41700,60,522100,1476,20800
2022/8/17,6019,7148,72,633800,378,26400,59,330100,1680,13200
2022/8/18,6020,1278,36,672600,421,28000,99,350300,1827,14000
2022/8/19,6021,4238,20,1002200,340,41700,63,521900,1701,20800
2022/8/22,6022,0591,42,607700,792,25300,106,316500,2562,12600
2022/8/23,6023,6743,12,1023200,376,42600,63,532900,1537,21300
2022/8/24,6024,2673,35,734500,440,30600,76,382500,1861,15300
2022/8/25,6025,5460,24,1158300,243,48200,54,603200,1082,24100
2022/8/26,6026,8841,44,761100,198,63400,83,412200,795,31700
2022/8/29,6027,4284,48,810800,196,67500,75,439100,817,33700
2022/8/30,6028,4674,11,1133600,151,94400,65,614000,665,47200
2022/8/31,6029,6933,56,645400,216,53700,77,349500,1017,26800
2022/9/1,6030,4074,24,1191400,131,99200,47,645300,572,49600
2022/9/2,6031,8530,15,1022100,453,42500,59,532300,1886,21200
2022/9/5,6032,7105,21,1087700,445,45300,65,566500,1668,22600
2022/9/6,6033,4798,19,843400,351,35100,78,439200,1850,17500
2022/9/7,6034,0306,50,667600,179,55600,99,361600,707,27800
2022/9/8,6035,3703,21,974300,155,81100,67,527700,707,40500
2022/9/9,6036,8149,18,959300,428,39900,68,499600,1771,19900
2022/9/12,6037,6679,10,1276700,149,106300,69,691500,717,53100
2022/9/13,6038,8222,66,768000,51,192000,31,480000,205,96000
2022/9/14,6039,1777,31,654000,80,163500,103,408700,244,81700
2022/9/15,6040,2808,20,944800,157,78700,76,511700,686,39300
2022/9/16,6041,5200,19,1070100,170,89100,53,579600,802,44500
2022/9/19,6042,7306,11,1259700,290,52400,55,656000,1220,26200
2022/9/20,6043,8103,30,623900,358,25900,114,324900,1873,12900
2022/9/21,6044,6872,9,1142100,344,47500,59,594800,1418,23700
2022/9/22,6045,8399,16,1324200,136,110300,36,717200,629,55100
2022/9/23,6046,0758,22,1053000,253,43800,62,548400,1244,21900
2022/9/26,6047,2299,19,1108100,112,184600,55,646300,347,92300
2022/9/27,6048,6959,13,1318600,152,109800,39,714200,537,54900
2022/9/28,6049,6473,18,1008000,370,42000,59,525000,1602,21000
2022/9/29,6050,9861,26,785400,403,32700,75,409000,1905,16300
2022/9/30,6051,2017,31,641500,516,26700,109,334100,2338,13300
2022/10/3,6052,2608,24,1002500,429,41700,63,522100,1723,20800
2022/10/4,6053,0980,14,1000200,200,83300,57,541700,762,41600
2022/10/5,6054,9843,12,1045000,383,43500,60,544200,1546,21700
2022/10/6,6055,8540,14,1311800,286,54600,43,683200,1122,27300
2022/10/7,6056,1020,105,336100,211,28000,243,182000,840,14000
2022/10/10,6057,0918,66,362800,799,15100,225,188900,3183,7500
2022/10/11,6058,1313,44,628100,116,104600,84,366300,364,52300
2022/10/12,6059,7601,22,1056700,294,44000,46,550300,1404,22000
2022/10/13,6060,0434,16,1293100,116,107700,39,700400,575,53800
2022/10/14,6061,2754,38,692800,496,28800,101,360800,1868,14400
2022/10/17,6062,3745,27,746800,450,31100,133,388900,1749,15500
2022/10/18,6063,5845,18,1093700,181,91100,49,592400,648,45500
2022/10/19,6064,5513,20,948500,154,79000,72,513700,762,39500
2022/10/20,6065,2675,13,1303400,257,54300,52,678800,1191,27100
2022/10/21,6066,3540,19,1134500,336,47200,55,590800,1371,23600
2022/10/24,6067,6058,34,923900,348,38400,80,481100,1509,19200
2022/10/25,6068,8712,105,535200,335,22300,56,278700,1540,11100
2022/10/26,6069,1082,8,847300,581,35300,56,441300,2588,17600
2022/10/27,6070,6152,21,1091700,320,45400,47,568500,1474,22700
2022/10/28,6071,9937,12,1157000,177,96400,63,626700,654,48200
2022/10/31,6072,6102,14,854800,728,35600,54,445200,2772,17800
2022/11/1,6073,3563,20,990000,144,82500,70,536200,651,41200
2022/11/2,6074,2016,33,610300,584,25400,99,317800,2564,12700
2022/11/3,6075,2566,20,1042100,146,86800,61,564400,619,43400
2022/11/4,6076,0776,20,1156500,137,96300,55,626400,680,48100
2022/11/7,6077,4992,19,1340600,133,111700,50,726100,694,55800
2022/11/8,6078,9055,26,962000,152,80100,64,521000,584,40000
2022/11/9,6079,3018,33,752900,381,31300,87,392100,1660,15600
2022/11/10,6080,3790,19,1015300,330,42300,62,528800,1477,21100
2022/11/11,6081,7535,30,933100,164,77700,70,505400,673,38800
2022/11/14,6082,4940,87,711700,125,59300,56,385500,638,29600
2022/11/15,6083,2782,32,805900,164,67100,72,436500,683,33500
2022/11/16,6084,9285,67,669400,321,27800,69,348600,1376,13900
2022/11/17,6085,0556,53,828700,128,69000,50,448800,569,34500
2022/11/18,6086,4549,19,792400,234,66000,86,429200,961,33000
2022/11/21,6087,4431,36,761900,218,63400,94,412600,864,31700
2022/11/22,6088,4967,31,861600,357,35900,53,448700,1589,17900
2022/11/23,6089,3862,14,914700,394,38100,56,476400,1639,19000
2022/11/24,6090,6349,70,589500,370,24500,70,307000,1787,12200
2022/11/25,6091,2818,100,544700,180,45300,78,295000,673,22600
2022/11/28,6092,8297,11,1053400,413,43800,79,548600,1655,21900
2022/11/29,6093,3207,15,993700,359,41400,55,517500,1477,20700
2022/11/30,6094,0017,20,808900,207,67400,68,438100,1068,33700
2022/12/1,6095,0473,23,1064900,335,44300,43,554600,1502,22100
2022/12/2,6096,5756,14,1441200,115,120100,43,780600,556,60000
2022/12/5,6097,8455,12,1312300,177,109300,55,710800,629,54600
2022/12/6,6098,5542,13,1128400,124,94000,58,611200,653,47000
2022/12/7,6099,5763,10,1175600,358,48900,44,612200,1611,24400
2022/12/8,6100,7353,25,767000,217,63900,84,415400,875,31900
2022/12/9,6101,5486,26,874300,445,36400,66,455300,1833,18200
2022/12/12,6102,5641,80,656800,530,27300,52,342000,2279,13600
2022/12/13,6103,1500,14,1066300,143,88800,53,577500,811,44400
2022/12/14,6104,5369,23,800800,443,33300,77,417000,1817,16600
2022/12/15,6105,3692,80,597300,434,24800,80,311000,1731,12400
2022/12/16,6106,9428,16,1108300,351,46100,66,577200,1493,23000
2022/12/19,6107,9184,20,1037000,522,43200,49,540100,2153,21600
2022/12/20,6108,9853,8,1121700,402,46700,55,584200,1667,23300
2022/12/21,6109,3522,23,1070300,158,89100,58,579700,705,44500
2022/12/22,6110,7879,21,849300,220,70700,89,460000,774,35300
2022/12/23,6111,6694,22,1098400,190,91500,47,594900,816,45700
2022/12/26,6112,3898,47,799400,230,66600,79,433000,992,33300
2022/12/27,6113,2131,25,767400,304,63900,50,415600,1381,31900
2022/12/28,6114,5953,106,521600,246,43400,78,282500,994,21700
2022/12/29,6115,0335,12,1187800,176,98900,57,643300,744,49400
2022/12/30,6116,2572,58,681100,210,56700,105,368900,842,28300
2023/1/4,6117,5409,26,813600,474,33900,83,423700,1705,16900
2023/1/5,6118,3592,64,467400,600,19400,140,243400,2216,9700
2023/1/6,6119,2652,27,1103900,178,91900,52,597900,749,45900
2023/1/9,6120,0395,23,1016200,455,42300,65,529200,1938,21100
2023/1/10,6121,4608,11,1129600,316,47000,68,588300,1433,23500
2023/1/11,6122,1751,26,1020100,182,85000,51,552500,791,42500
2023/1/12,6123,9702,18,1119200,367,46600,42,582900,1632,23300
2023/1/13,6124,6233,13,1185800,169,98800,55,642300,753,49400
2023/1/16,6125,5925,32,813300,249,67700,89,440500,924,33800
2023/1/17,6126,0525,49,513700,200,42800,171,278200,722,21400
2023/1/18,6127,4462,21,1263300,153,105200,42,684200,555,52600
2023/1/19,6128,3013,38,693600,220,57800,83,375700,977,28900
2023/1/20,6129,2203,25,494100,521,41100,123,267600,1756,20500
2023/1/23,6130,1349,30,943500,445,39300,61,491400,1910,19600
2023/1/24,6131,8428,26,1025400,145,85400,50,555400,598,42700
2023/1/25,6132,5224,21,992800,164,82700,57,537700,668,41300
2023/1/26,6133,7248,69,643400,367,26800,72,335100,1420,13400
2023/1/27,6134,5238,21,750900,504,31200,90,391000,2065,15600
2023/1/30,6135,9034,12,1158000,382,48200,66,603100,1632,24100
2023/1/31,6136,0457,11,1502400,275,62600,34,782500,1116,31300
2023/2/1,6137,1781,19,997000,176,83000,70,540000,727,41500
2023/2/2,6138,1766,14,1017200,220,84700,61,550900,763,42300
2023/2/3,6139,0534,16,1425700,304,59400,30,742500,1365,29700
2023/2/6,6140,4509,47,655200,606,27300,112,341200,2165,13600
2023/2/7,6141,2697,11,1161100,348,48300,56,604700,1338,24100
2023/2/8,6142,0990,24,978800,105,163100,53,570900,326,81500
2023/2/9,6143,4810,20,894100,344,37200,74,465600,1652,18600
2023/2/10,6144,9414,14,1017400,167,84700,70,551000,727,42300
2023/2/13,6145,2577,103,567600,180,47300,82,307400,820,23600
2023/2/14,6146,1137,31,854700,155,71200,60,462900,773,35600
2023/2/15,6147,3489,24,831200,434,34600,83,432900,1723,17300
2023/2/16,6148,9168,23,859500,476,35800,62,447600,1979,17900
2023/2/17,6149,8414,28,966000,163,80500,68,523200,743,40200
2023/2/20,6150,9127,16,1000800,521,41700,69,521200,1966,20800
2023/2/21,6151,0018,14,910600,241,75800,54,493200,982,37900
2023/2/22,6152,7517,12,1113300,164,92700,57,603000,788,46300
2023/2/23,6153,1156,23,806200,178,67100,96,436600,659,33500
2023/2/24,6154,3307,22,955200,144,79600,86,517400,672,39800
2023/2/27,6155,3107,38,541800,715,22500,157,282100,2881,11200
2023/2/28,6156,7188,89,546100,180,45500,76,295800,853,22700
2023/3/1,6157,4985,22,1031100,445,42900,46,537000,1692,21400
2023/3/2,6158,8568,13,1028600,134,85700,83,557100,649,42800
2023/3/3,6159,2006,21,1130200,168,94100,52,612100,728,47000
2023/3/6,6160,9748,62,727800,360,30300,93,379000,1507,15100
2023/3/7,6161,8386,10,1140100,175,95000,56,617500,696,47500
2023/3/8,6162,3482,20,903300,429,37600,60,470400,1994,18800
2023/3/9,6163,2140,23,885400,443,36800,50,461100,2072,18400
2023/3/10,6164,8682,16,1140800,174,95000,56,617900,683,47500
2023/3/13,6165,3588,349,126900,442,10500,795,68700,1187,5200
2023/3/14,6166,7497,16,1039300,147,86600,54,562900,746,43300
2023/3/15,6167,7052,14,1089700,376,45400,52,567500,1571,22700
2023/3/16,6168,6366,22,745600,101,186400,72,466000,302,93200
2023/3/17,6169,2046,24,925300,365,38500,72,481900,1413,19200
2023/3/20,6170,8344,25,1014100,179,84500,68,549300,733,42200
2023/3/21,6171,4163,21,833100,505,34700,76,433900,1806,17300
2023/3/22,6172,0932,80,679400,355,28300,29,353800,1543,14100
2023/3/23,6173,4439,19,833600,157,69400,92,451500,649,34700
2023/3/24,6174,4243,52,739100,193,61500,64,400300,834,30700
2023/3/27,6175,1614,82,635600,192,52900,86,344200,717,26400
2023/3/28,6176,9526,19,1072000,320,44600,45,558300,1396,22300
2023/3/29,6177,2389,29,734400,397,30600,91,382500,1659,15300
2023/3/30,6178,3025,33,782100,345,32500,77,407300,1603,16200
2023/3/31,6179,9631,33,714000,487,29700,81,371800,2140,14800
2023/4/3,6180,7815,28,917700,470,38200,70,477900,1815,19100
2023/4/4,6181,8705,14,1119000,233,46600,64,582800,1224,23300
2023/4/5,6182,7211,18,805500,225,67100,65,436300,1168,33500
2023/4/6,6183,0317,108,396700,445,16500,157,206600,1692,8200
2023/4/7,6184,1962,37,587000,355,24400,153,305700,1557,12200
2023/4/10,6185,4855,49,827200,179,68900,71,448000,684,34400
2023/4/11,6186,2617,40,740700,378,30800,67,385700,1479,15400
2023/4/12,6187,6651,9,1495600,124,124600,37,810100,561,62300
2023/4/13,6188,3959,15,873100,193,72700,80,472900,758,36300
2023/4/14,6189,9788,14,1042400,192,86800,70,564600,789,43400
2023/4/17,6190,8297,10,1338400,372,55700,53,697000,1517,27800
2023/4/18,6191,3466,29,974500,127,81200,62,527800,607,40600
2023/4/19,6192,6655,21,972700,91,162100,64,567400,312,81000
2023/4/20,6193,0120,59,547400,206,45600,124,296500,812,22800
2023/4/21,6194,2371,18,976400,390,40600,59,508500,1826,20300
2023/4/24,6195,1679,121,528200,461,22000,71,275100,1834,11000
2023/4/25,6196,6602,10,1418800,129,118200,41,768500,541,59100
2023/4/26,6197,2613,25,691100,422,28700,104,359900,2001,14300
2023/4/27,6198,2784,27,783700,369,32600,100,408100,1518,16300
2023/4/28,6199,6083,14,1243400,368,51800,50,647600,1402,25900
2023/5/1,6200,2806,137,483800,560,20100,80,251900,1942,10000
2023/5/2,6201,3159,49,582400,501,24200,121,303300,1785,12100
2023/5/3,6202,5658,63,643500,151,53600,74,348500,648,26800
2023/5/4,6203,3084,18,1035600,291,43100,56,539300,1373,21500
2023/5/5,6204,2558,14,872300,181,72600,94,472400,687,36300
2023/5/8,6205,2954,25,961600,378,40000,74,500800,1524,20000
2023/5/9,6206,8977,12,1127900,210,93900,39,610900,740,46900
2023/5/10,6207,3712,33,837300,382,34800,75,436000,1495,17400
2023/5/11,6208,0048,9,1641800,111,136800,25,889300,625,68400
2023/5/12,6209,2494,16,1388900,144,115700,27,752300,705,57800
2023/5/15,6210,7211,12,842700,296,70200,71,456400,1235,35100
2023/5/16,6211,5158,21,1027900,157,85600,53,556700,655,42800
2023/5/17,6212,6987,14,1163800,304,48400,49,606100,1370,24200
2023/5/18,6213,9262,58,716000,156,59600,53,387800,715,29800
2023/5/19,6214,8990,24,1062600,130,88500,57,575500,573,44200
2023/5/22,6215,7143,29,843900,535,35100,62,439500,2085,17500
2023/5/23,6216,9826,17,933900,422,38900,50,486400,1653,19400
2023/5/24,6217,4645,15,1082100,137,90100,65,586100,575,45000
2023/5/25,6218,9918,17,1011900,159,84300,60,548100,706,42100
2023/5/26,6219,1742,18,982000,487,40900,45,511400,1842,20400
2023/5/29,6220,0247,47,824000,387,34300,58,429100,1658,17100
2023/5/30,6221,7906,18,1170500,272,48700,42,609600,1196,24300
2023/5/31,6222,1246,19,832800,414,34700,78,433700,1747,17300
2023/6/1,6223,7494,23,964600,186,80300,60,522400,713,40100
2023/6/2,6224,1880,122,506500,167,42200,48,274300,772,21100
2023/6/5,6225,8034,13,1258800,344,52400,53,655600,1494,26200
2023/6/6,6226,1308,14,877800,390,36500,63,457100,1875,18200
2023/6/7,6227,6843,15,947900,369,39400,66,493600,1618,19700
2023/6/8,6228,0503,27,808500,162,67300,85,437900,674,33600
2023/6/9,6229,2776,26,1021700,161,85100,63,553400,505,42500
2023/6/12,6230,1360,17,1025600,411,42700,54,534100,1870,21300
2023/6/13,6231,7421,17,854000,488,35500,57,444700,1739,17700
2023/6/14,6232,9894,33,902500,131,75200,53,488800,661,37600
2023/6/15,6233,6776,19,1171100,80,195100,45,683100,285,97500
2023/6/16,6234,2362,93,595700,205,49600,58,322600,773,24800
2023/6/19,6235,0299,14,1353100,161,112700,45,732900,704,56300
2023/6/20,6236,8127,35,759200,390,31600,70,395400,1623,15800
2023/6/21,6237,1170,91,527700,265,43900,50,285800,1056,21900
2023/6/22,6238,4952,61,703700,313,29300,62,366500,1286,14600
2023/6/23,6239,7452,18,935300,462,38900,62,487100,1786,19400
2023/6/26,6240,4586,32,823100,427,34200,96,428600,1592,17100
2023/6/27,6241,5103,72,482300,417,20000,112,251100,2076,10000
2023/6/28,6242,1899,13,1207100,133,100500,52,653800,635,50200
2023/6/29,6243,9098,115,515600,174,42900,49,279200,754,21400
2023/6/30,6244,2774,40,732100,188,61000,91,396500,772,30500
2023/7/3,6245,8164,36,935100,476,38900,54,487000,1647,19400
2023/7/4,6246,3899,20,1117400,124,93100,60,605200,476,46500
2023/7/5,6247,8446,12,982500,213,81800,64,532100,782,40900
2023/7/6,6248,8092,7,1191400,328,49600,50,620500,1596,24800
2023/7/7,6249,2903,47,757400,308,31500,81,394400,1535,15700
2023/7/10,6250,2799,17,990600,159,82500,89,536500,706,41200
2023/7/11,6251,8766,12,1311700,142,109300,41,710500,566,54600
2023/7/12,6252,0179,19,1096100,349,45600,36,570800,1602,22800
2023/7/13,6253,4647,19,998400,141,83200,68,540800,598,41600
2023/7/14,6254,2175,26,744800,539,31000,80,387900,2145,15500
2023/7/17,6255,9760,11,1206600,322,50200,63,628400,1198,25100
2023/7/18,6256,5241,43,789400,392,32800,37,411100,1609,16400
2023/7/19,6257,3416,72,631100,317,26200,69,328600,1417,13100
2023/7/20,6258,2247,36,619500,204,51600,115,335500,805,25800
2023/7/21,6259,9334,11,1126400,161,93800,59,610100,704,46900
2023/7/24,6260,1121,86,342900,193,85700,195,214300,389,42800
2023/7/25,6261,9793,8,1311400,139,109200,42,710300,581,54600
2023/7/26,6262,5867,8,1050400,432,43700,61,547000,1454,21800
2023/7/27,6263,2882,68,707500,69,117900,47,412700,299,58900
2023/7/28,6264,8071,37,857900,332,35700,55,446800,1505,17800
2023/7/31,6265,8549,25,1071800,352,44600,55,558200,1384,22300
2023/8/1,6266,7169,21,942700,350,39200,53,490900,1582,19600
2023/8/2,6267,3090,29,845700,174,70400,61,458000,787,35200
2023/8/3,6268,3805,29,753500,408,31300,73,392400,1802,15600
2023/8/4,6269,0369,116,419800,456,17400,141,218600,1772,8700
2023/8/7,6270,5294,26,1036000,356,43100,56,539500,1420,21500
2023/8/8,6271,9566,72,657000,128,54700,55,355800,548,27300
2023/8/9,6272,5069,27,649000,494,27000,88,338000,2053,13500
2023/8/10,6273,3793,104,534400,171,44500,62,289400,652,22200
2023/8/11,6274,1226,117,308100,186,25600,243,166800,604,12800
2023/8/14,6275,5897,15,910900,374,37900,75,474400,1725,18900
2023/8/15,6276,5677,30,829700,118,69100,72,449400,530,34500
2023/8/16,6277,5054,14,1273400,110,106100,53,689700,515,53000
2023/8/17,6278,1697,13,1216400,380,50600,34,633500,1419,25300
2023/8/18,6279,7425,28,816400,407,34000,78,425200,1695,17000
2023/8/21,6280,5517,32,656000,218,54600,140,355300,849,27300
2023/8/22,6281,4537,21,923900,332,38400,57,481100,1557,19200
2023/8/23,6282,3295,107,537900,304,22400,48,280100,1486,11200
2023/8/24,6283,7780,29,1032000,108,86000,51,559000,551,43000
2023/8/25,6284,8597,25,747700,571,31100,85,389400,1941,15500
2023/8/28,6285,0855,16,1162900,173,96900,61,629900,717,48400
2023/8/29,6286,1308,13,890000,386,37000,70,463500,1742,18500
2023/8/30,6287,8393,27,880100,176,73300,62,476700,774,36600
2023/8/31,6288,4044,21,1164000,46,291000,52,727500,126,145500
2023/9/1,6289,5286,32,892300,393,37100,63,464700,1568,18500
2023/9/4,6290,1434,12,1209900,178,100800,60,655300,719,50400
2023/9/5,6291,1115,67,415800,80,103900,184,259800,141,51900
2023/9/6,6292,2988,34,881500,111,73400,73,477400,519,36700
2023/9/7,6293,9398,21,933800,214,77800,57,505800,727,38900
2023/9/8,6294,6470,20,995700,402,41400,53,518500,1564,20700
2023/9/11,6295,1134,47,669600,249,55800,101,362700,860,27900
2023/9/12,6296,1108,62,377800,236,31400,204,204600,957,15700
2023/9/13,6297,6372,16,935300,361,38900,62,487100,1623,19400
2023/9/14,6298,0402,36,725100,128,60400,97,392700,581,30200
2023/9/15,6299,7219,27,810600,360,33700,78,422100,1642,16800
2023/9/18,6300,8587,29,1096500,112,91300,50,593900,595,45600
2023/9/19,6301,3914,22,827400,271,34400,81,430900,1339,17200
2023/9/20,6302,0003,35,792900,58,198200,74,495500,138,99100
2023/9/21,6303,3400,15,800700,188,66700,75,433700,883,33300
2023/9/22,6304,7384,121,448800,426,18700,71,233700,1884,9300
2023/9/25,6305,5563,15,1183900,152,98600,66,641200,606,49300
2023/9/26,6306,2668,24,981100,129,81700,55,531400,615,40800
2023/9/27,6307,5367,16,1122100,308,46700,42,584400,1437,23300
2023/9/28,6308,5662,16,1275200,120,106200,44,690700,508,53100
2023/9/29,6309,8286,49,809900,169,67400,51,438600,722,33700
2023/10/2,6310,6183,31,776900,587,32300,77,404600,2131,16100
2023/10/3,6311,5384,20,863000,308,35900,75,449400,1518,17900
2023/10/4,6312,2959,25,863900,160,71900,77,467900,631,35900
2023/10/5,6313,8461,72,688500,333,28600,43,358500,1334,14300
2023/10/6,6314,8305,7,1121400,388,46700,54,584000,1636,23300
2023/10/9,6315,6283,23,836900,475,34800,59,435800,1945,17400
2023/10/10,6316,5048,23,850600,261,35400,80,443000,1211,17700
2023/10/11,6317,6301,99,571400,291,23800,46,297600,1380,11900
2023/10/12,6318,2277,20,980100,116,163300,46,571700,341,81600
2023/10/13,6319,5997,28,1045800,129,87100,53,566400,674,43500
2023/10/16,6320,9304,18,1272300,389,53000,37,662600,1496,26500
2023/10/17,6321,7379,17,1032800,173,86000,60,559400,671,43000
2023/10/18,6322,1598,28,957700,355,39900,55,498800,1349,19900
2023/10/19,6323,2762,17,1042500,149,86800,55,564600,709,43400
2023/10/20,6324,3302,14,1227900,157,102300,38,665100,730,51100
2023/10/23,6325,8282,17,1220500,101,203400,48,711900,319,101700
2023/10/24,6326,3461,18,1054900,323,43900,47,549400,1334,21900
2023/10/25,6327,7059,16,799300,481,33300,87,416300,1740,16600
2023/10/26,6328,1954,55,500400,321,20800,178,260600,1418,10400
2023/10/27,6329,1763,10,1065900,436,44400,56,555100,1654,22200
2023/10/30,6330,1487,23,1055300,375,43900,58,549600,1576,21900
2023/10/31,6331,0945,15,1087800,356,45300,42,566500,1524,22600
2023/11/1,6332,0469,11,1209600,281,50400,54,630000,1400,25200
2023/11/2,6333,3388,65,481400,133,80200,141,280800,370,40100
2023/11/3,6334,5764,15,1092200,342,45500,57,568800,1251,22700
2023/11/6,6335,3933,30,1051600,53,262900,56,657200,191,131400
2023/11/7,6336,3861,13,1010800,420,42100,46,526400,1644,21000
2023/11/8,6337,1559,47,789900,180,65800,48,427800,809,32900
2023/11/9,6338,0231,13,1177500,468,49000,18,613200,1750,24500
2023/11/10,6339,7197,32,1070200,142,89100,40,579600,653,44500
2023/11/13,6340,6154,19,1056400,436,44000,44,550200,1850,22000
2023/11/14,6341,7277,20,951700,61,237900,60,594800,164,118900
2023/11/15,6342,6562,11,1452400,129,121000,39,786700,480,60500
2023/11/16,6343,3989,124,461600,156,38400,76,250000,596,19200
2023/11/17,6344,2111,18,693000,125,173200,42,433100,470,86600
2023/11/20,6345,8867,19,1086200,176,90500,57,588300,794,45200
2023/11/21,6346,2930,22,944600,278,39300,61,491900,1335,19600
2023/11/22,6347,6977,13,1246400,126,103800,42,675100,647,51900
2023/11/23,6348,1239,22,838400,325,34900,72,436600,1473,17400
2023/11/24,6349,9198,178,405100,189,33700,37,219400,836,16800
2023/11/27,6350,0271,12,969200,579,40300,40,504700,2476,20100
2023/11/28,6351,4077,21,1023200,134,85200,63,554200,493,42600
2023/11/29,6352,2317,109,469300,405,19500,79,244400,1682,9700
2023/11/30,6353,1184,16,925000,139,77000,81,501000,669,38500
2023/12/1,6354,5892,16,1116500,341,46500,56,581500,1455,23200
2023/12/4,6355,7648,86,675200,432,28100,56,351600,1536,14000
2023/12/5,6356,1304,20,872600,420,36300,55,454400,1828,18100
2023/12/6,6357,5235,51,697200,192,58100,68,377600,865,29000
2023/12/7,6358,6529,85,614100,327,25500,52,319800,1491,12700
2023/12/8,6359,5751,19,930500,228,77500,54,504000,1021,38700
2023/12/11,6360,3872,38,804100,458,33500,80,418800,1925,16700
2023/12/12,6361,0959,14,1379000,115,114900,38,746900,514,57400
2023/12/13,6362,2487,29,813000,351,33800,83,423400,1453,16900
2023/12/14,6363,1228,145,226900,256,18900,398,122900,653,9400
2023/12/15,6364,8284,14,976400,217,81300,71,528800,848,40600
2023/12/18,6365,9116,26,855700,275,71300,70,463500,1080,35600
2023/12/19,6366,8696,16,1001900,157,83400,67,542600,744,41700
2023/12/20,6367,6147,25,921800,359,38400,67,480100,1581,19200
2023/12/21,6368,2870,59,718900,370,29900,60,374400,1642,14900
2023/12/22,6369,2986,65,629300,404,26200,94,327700,1721,13100
2023/12/25,6370,9134,20,1106200,464,46000,56,576100,1711,23000
2023/12/26,6371,2473,23,830900,476,34600,74,432700,1714,17300
2023/12/27,6372,0942,23,1139600,353,47400,37,593500,1579,23700
2023/12/28,6373,8104,87,566600,416,23600,100,295100,1600,11800
2023/12/29,6374,0377,8,1510700,138,125800,51,818200,651,62900
2024/1/4,6375,7405,14,1429500,282,59500,45,744500,1210,29700
2024/1/5,6376,5170,73,646200,421,26900,71,336500,1663,13400
2024/1/8,6377,4587,32,821400,419,34200,96,427800,1675,17100
2024/1/9,6378,1610,35,665300,240,55400,86,360300,1026,27700
2024/1/10,6379,7124,17,872600,438,36300,73,454400,1884,18100
2024/1/11,6380,9214,27,852700,378,35500,61,444100,1758,17700
2024/1/12,6381,0944,14,1118400,168,93200,61,605800,667,46600
2024/1/15,6382,0080,26,971800,94,242900,49,607300,277,121400
2024/1/16,6383,8895,9,1315500,127,109600,48,712500,573,54800
2024/1/17,6384,2293,13,1122900,134,93500,56,608200,738,46700
2024/1/18,6385,2864,36,763200,438,31800,71,397500,1627,15900
2024/1/19,6386,8095,15,1242000,294,51700,49,646800,1301,25800
2024/1/22,6387,2651,23,1077500,385,44800,54,561100,1592,22400
2024/1/23,6388,8913,27,779300,364,32400,73,405800,1668,16200
2024/1/24,6389,2199,20,965900,154,80400,58,523100,721,40200
2024/1/25,6390,3648,26,851000,355,35400,70,443200,1564,17700
2024/1/26,6391,4108,56,620300,350,25800,119,323000,1542,12900
2024/1/29,6392,9353,25,874300,181,72800,106,473500,721,36400
2024/1/30,6393,2137,23,977500,331,40700,50,509100,1545,20300
2024/1/31,6394,6806,3,1868600,128,155700,29,1012100,519,77800
2024/2/1,6395,9358,15,916800,497,38200,63,477500,1791,19100
2024/2/2,6396,4692,30,800600,391,33300,93,416900,1524,16600
2024/2/5,6397,6724,34,842400,441,35100,76,438700,1650,17500
2024/2/6,6398,3003,36,636900,95,106100,89,371500,471,53000
2024/2/7,6399,9372,8,960100,405,40000,61,500000,1949,20000
2024/2/8,6400,0006,18,1072100,59,268000,68,670000,121,134000
2024/2/9,6401,5389,15,1040900,408,43300,61,542100,1661,21600
2024/2/12,6402,0045,14,1277800,191,106400,40,692100,789,53200
2024/2/13,6403,0710,44,616400,147,51300,104,333800,726,25600
2024/2/14,6404,7229,106,567300,130,47200,46,307200,632,23600
2024/2/15,6405,7029,30,675800,515,28100,98,351900,2055,14000
2024/2/16,6406,4208,32,714100,473,29700,110,371900,1672,14800
2024/2/19,6407,7390,10,1241300,394,51700,60,646500,1549,25800
2024/2/20,6408,0042,20,1125600,171,93800,35,609700,764,46900
2024/2/21,6409,2361,19,1091500,356,45400,39,568400,1570,22700
2024/2/22,6410,7519,23,974700,405,40600,51,507600,1629,20300
2024/2/23,6411,5651,16,938300,166,78100,80,508200,715,39000
2024/2/26,6412,6864,175,453000,169,37700,58,245300,753,18800
2024/2/27,6413,5868,13,1007800,145,83900,64,545800,720,41900
2024/2/28,6414,0825,72,445400,431,18500,177,231900,1621,9200
2024/2/29,6415,9550,9,1489000,114,124000,42,806500,542,62000
2024/3/1,6416,3560,15,1243700,355,51800,50,647700,1310,25900
2024/3/4,6417,4511,95,533200,187,44400,139,288800,844,22200
2024/3/5,6418,9892,22,1054500,168,87800,41,571100,680,43900
2024/3/6,6419,9482,18,949300,461,39500,56,494400,1615,19700
2024/3/7,6420,6822,14,1038100,192,86500,55,562300,776,43200
2024/3/8,6421,8763,13,948400,481,39500,64,493900,1865,19700
2024/3/11,6422,7468,33,876200,532,36500,77,456300,1678,18200
2024/3/12,6423,9146,17,804300,408,33500,73,418900,1825,16700
2024/3/13,6424,0017,36,815500,208,67900,60,441700,751,33900
2024/3/14,6425,6599,55,855600,133,71300,39,463400,528,35600
2024/3/15,6426,3988,27,787300,206,65600,118,426400,795,32800
2024/3/18,6427,5004,74,703700,186,58600,74,381100,706,29300
2024/3/19,6428,5961,16,873500,482,36300,62,454900,1812,18100
2024/3/20,6429,6496,16,1115800,130,92900,49,604300,649,46400
2024/3/21,6430,3237,26,863200,164,71900,66,467500,742,35900
2024/3/22,6431,5485,20,1059400,169,88200,57,573800,623,44100
2024/3/25,6432,0224,50,535400,350,44600,139,290000,961,22300
2024/3/26,6433,2814,26,730500,349,30400,83,380400,1545,15200
2024/3/27,6434,4360,22,1145900,249,47700,50,596800,1123,23800
2024/3/28,6435,3918,24,678500,357,28200,118,353300,1646,14100
2024/3/29,6436,8399,319,237300,192,19700,114,128500,838,9800
2024/4/1,6437,3489,76,422300,753,17500,200,219900,2604,8700
2024/4/2,6438,4591,32,763200,335,31800,76,397500,1538,15900
2024/4/3,6439,8640,78,618700,351,25700,55,322200,1361,12800
2024/4/4,6440,6280,18,890800,353,37100,76,463900,1487,18500
2024/4/5,6441,3364,30,1126900,127,93900,40,610400,556,46900
2024/4/8,6442,2743,39,777300,510,32300,78,404800,1800,16100
2024/4/9,6443,1002,51,572600,161,47700,107,310100,645,23800
2024/4/10,6444,4170,25,836800,360,34800,67,435800,1575,17400
2024/4/11,6445,2518,46,599500,391,24900,108,312200,1634,12400
2024/4/12,6446,8158,32,924600,165,77000,60,500800,664,38500
2024/4/15,6447,0597,108,627100,351,26100,56,326600,1308,13000
2024/4/16,6448,5845,31,1046300,144,87100,40,566700,529,43500
2024/4/17,6449,3563,18,991500,137,82600,73,537000,644,41300
2024/4/18,6450,3690,29,667100,417,27700,119,347400,1620,13800
2024/4/19,6451,0207,34,744900,163,62000,101,403400,709,31000
2024/4/22,6452,1459,26,931600,425,38800,71,485200,1544,19400
2024/4/23,6453,9319,22,1042300,148,86800,48,564500,612,43400
2024/4/24,6454,7874,17,1030000,146,85800,63,557900,655,42900
2024/4/25,6455,6118,15,1110800,171,92500,61,601600,552,46200
2024/4/26,6456,7210,26,728400,513,30300,77,379300,2230,15100
2024/4/29,6457,0040,14,918700,79,229600,68,574100,280,114800
2024/4/30,6458,3275,36,786900,417,32700,50,409800,1617,16300
2024/5/1,6459,6135,236,307000,405,12700,65,159800,1827,6300
2024/5/2,6460,7987,29,813700,211,67800,63,440700,844,33900
2024/5/3,6461,1323,38,919500,129,76600,50,498000,549,38300
2024/5/6,6462,9100,21,808600,234,67300,73,437900,1049,33600
2024/5/7,6463,3360,111,501300,118,41700,65,271500,532,20800
2024/5/8,6464,1361,16,1030800,161,85900,49,558300,752,42900
2024/5/9,6465,8593,120,499600,415,20800,46,260200,1599,10400
2024/5/10,6466,6965,9,1362500,201,113500,39,738000,546,56700
2024/5/13,6467,2064,65,779900,334,32400,46,406100,1358,16200
2024/5/14,6468,7167,10,1297900,130,108100,38,703000,592,54000
2024/5/15,6469,7965,7,1286000,319,53500,48,669700,1293,26700
2024/5/16,6470,6877,20,1156200,166,96300,32,626200,643,48100
2024/5/17,6471,1380,17,969900,424,40400,49,505100,1824,20200
2024/5/20,6472,8588,241,337700,64,84400,56,211000,216,42200
2024/5/21,6473,4677,239,298500,132,24800,59,161600,515,12400
2024/5/22,6474,8006,92,603600,115,50300,40,326900,578,25100
2024/5/23,6475,4656,211,331100,130,27500,49,179300,581,13700
2024/5/24,6476,5201,11,1024800,474,42700,32,533700,2017,21300
2024/5/27,6477,5737,23,1140700,171,95000,40,617800,691,47500
2024/5/28,6478,3618,137,324600,351,13500,154,169000,1521,6700
2024/5/29,6479,3644,12,1044000,138,87000,66,565500,585,43500
2024/5/30,6480,5782,142,447200,334,18600,54,232900,1427,9300
2024/5/31,6481,1469,28,767900,425,31900,73,399900,1656,15900
2024/6/3,6482,9947,19,1000100,164,83300,71,541700,755,41600
2024/6/4,6483,5930,10,1343600,264,55900,39,699700,1134,27900
2024/6/5,6484,9656,24,885600,167,73800,72,479700,560,36900
2024/6/6,6485,2384,23,967700,278,40300,53,504000,1466,20100
2024/6/7,6486,9143,103,532900,316,22200,74,277500,1421,11100
2024/6/10,6487,0348,161,438900,335,18200,63,228500,1586,9100
2024/6/11,6488,9400,16,1155200,111,96200,46,625700,643,48100
2024/6/12,6489,4011,123,404900,219,33700,65,219300,1142,16800
2024/6/13,6490,1691,13,973200,152,81100,55,527100,775,40500
2024/6/14,6491,5505,185,371700,85,92900,60,232300,223,46400
2024/6/17,6492,5640,109,521400,416,21700,80,271500,1645,10800
2024/6/18,6493,2045,180,337400,364,14000,64,175700,1651,7000
2024/6/19,6494,2646,24,1086500,151,90500,47,588500,602,45200
2024/6/20,6495,2322,31,965400,47,241300,50,603300,152,120600
2024/6/21,6496,6593,8,961700,460,40000,53,500800,1868,20000
2024/6/24,6497,2049,19,991100,413,41200,60,516100,1659,20600
2024/6/25,6498,8337,157,413100,155,34400,46,223700,719,17200
2024/6/26,6499,7556,68,747700,140,62300,40,405000,564,31100
2024/6/27,6500,2552,18,784500,139,130700,57,457600,537,65300
2024/6/28,6501,7285,12,1105800,357,46000,51,575900,1402,23000
2024/7/1,6502,6836,9,1234400,173,102800,58,668600,814,51400
2024/7/2,6503,5240,73,683800,315,28400,43,356100,1412,14200
2024/7/3,6504,4896,19,857000,375,35700,81,446300,1725,17800
2024/7/4,6505,4365,14,978100,413,40700,55,509400,1556,20300
2024/7/5,6506,6715,17,1201400,264,50000,48,625700,1280,25000
2024/7/8,6507,2208,19,1030300,192,85800,73,558000,740,42900
2024/7/9,6508,9108,17,819700,489,34100,56,426900,2082,17000
2024/7/10,6509,7132,150,401100,418,16700,68,208900,1790,8300
2024/7/11,6510,5209,10,1141500,333,47500,41,594500,1546,23700
2024/7/12,6511,9345,20,953000,455,39700,56,496300,1435,19800
2024/7/15,6512,8023,192,368200,348,15300,67,191700,1521,7600
2024/7/16,6513,7487,77,675000,106,56200,44,365600,480,28100
2024/7/17,6514,2710,392,194300,499,8000,63,101100,2084,4000
2024/7/18,6515,6232,15,1181200,141,98400,44,639800,525,49200
2024/7/19,6516,4044,63,829200,53,207300,38,518200,117,103600
2024/7/22,6517,9282,12,1182700,161,98500,51,640600,675,49200
2024/7/23,6518,2827,12,1076000,150,89600,42,582800,692,44800
2024/7/24,6519,6533,47,791100,130,65900,54,428500,582,32900
2024/7/25,6520,2254,22,782000,201,65100,80,423500,722,32500
2024/7/26,6521,4387,33,717700,390,29900,94,373800,1682,14900
2024/7/29,6522,0780,30,1087700,155,90600,44,589100,682,45300
2024/7/30,6523,3787,31,697800,188,58100,76,377900,765,29000
2024/7/31,6524,1417,127,406000,170,33800,92,219900,741,16900
2024/8/1,6525,9118,147,429500,191,35700,52,232600,734,17800
2024/8/2,6526,0793,342,246100,252,10200,45,128100,1078,5100
2024/8/5,6527,1951,78,473800,168,39400,168,256600,570,19700
2024/8/6,6528,7007,26,712700,88,118700,80,415700,341,59300
2024/8/7,6529,5624,49,661500,352,27500,73,344500,1465,13700
2024/8/8,6530,8115,13,1225300,149,102100,36,663700,688,51000
2024/8/9,6531,8424,20,1218800,115,101500,40,660100,533,50700
2024/8/12,6532,9533,19,1053500,177,87700,45,570600,705,43800
2024/8/13,6533,4167,9,1102700,280,45900,52,574300,1175,22900
2024/8/14,6534,1770,18,892900,172,74400,54,483600,754,37200
2024/8/15,6535,3966,60,693800,172,57800,58,375800,664,28900
2024/8/16,6536,1799,5,1234800,147,102900,52,668800,661,51400
2024/8/19,6537,2057,164,433700,417,18000,75,225800,1456,9000
2024/8/20,6538,0358,77,383400,393,15900,208,199600,1461,7900
2024/8/21,6539,8412,19,934100,361,38900,51,486500,1581,19400
2024/8/22,6540,4618,38,752500,296,31300,72,391900,1255,15600
2024/8/23,6541,1604,28,917400,303,38200,60,477800,1411,19100
2024/8/26,6542,7237,35,850300,200,70800,64,460500,790,35400
2024/8/27,6543,2390,8,1397800,296,58200,37,728000,1293,29100
2024/8/28,6544,6008,12,1360500,102,113300,43,736900,518,56600
2024/8/29,6545,1491,34,919400,147,76600,32,498000,619,38300
2024/8/30,6546,9909,61,512400,78,128100,120,320200,186,64000
2024/9/2,6547,0205,43,626000,239,52100,128,339000,840,26000
2024/9/3,6548,9141,67,596400,171,49700,76,323000,727,24800
2024/9/4,6549,7828,124,464300,139,38600,82,251400,638,19300
2024/9/5,6550,1910,26,737300,225,61400,52,399300,1113,30700
2024/9/6,6551,7889,28,751800,236,62600,81,407200,793,31300
2024/9/9,6552,5705,10,1549100,134,129000,39,839000,552,64500
2024/9/10,6553,5740,9,1702500,240,70900,25,886700,1019,35400
2024/9/11,6554,4835,28,952000,403,39600,52,495800,1370,19800
2024/9/12,6555,1130,115,277700,331,23100,212,150400,1452,11500
2024/9/13,6556,7056,17,1105900,249,46000,67,575900,1053,23000
2024/9/16,6557,3232,136,387800,108,64600,129,226200,323,32300
2024/9/17,6558,4601,14,1207200,258,50300,41,628700,1112,25100
2024/9/18,6559,3848,15,1021300,160,85100,62,553200,581,42500
2024/9/19,6560,2796,15,1068800,238,44500,61,556600,1167,22200
2024/9/20,6561,6411,10,1222900,150,101900,53,662400,593,50900
2024/9/23,6562,2095,20,1019200,389,42400,52,530800,1677,21200
2024/9/24,6563,5794,76,708400,259,29500,35,368900,1182,14700
2024/9/25,6564,3119,71,459100,183,38200,167,248600,757,19100
2024/9/26,6565,4488,34,782100,106,130300,58,456200,316,65100
2024/9/27,6566,5225,23,733900,153,122300,51,428100,543,61100
2024/9/30,6567,5211,105,454700,352,37800,90,246200,1276,18900
2024/10/1,6568,0605,41,718700,166,59800,94,389200,662,29900
2024/10/2,6569,9563,27,804000,352,33500,67,418700,1640,16700
2024/10/3,6570,9299,4,1790000,33,447500,33,1118700,121,223700
2024/10/4,6571,0784,22,1071400,372,44600,40,558000,1310,22300
2024/10/7,6572,5812,17,935700,479,38900,72,487300,1504,19400
2024/10/8,6573,8903,37,792800,254,33000,65,412900,1166,16500
2024/10/9,6574,1319,35,748300,193,62300,66,405300,661,31100
2024/10/10,6575,0946,39,1008200,203,42000,38,525100,1080,21000
2024/10/11,6576,5126,28,840500,345,35000,72,437700,1438,17500
2024/10/14,6577,3661,17,1104200,146,92000,53,598100,615,46000
2024/10/15,6578,5667,16,984000,130,82000,72,533000,529,41000
2024/10/16,6579,8407,22,1258800,248,52400,33,655600,1094,26200
2024/10/17,6580,2004,17,1061600,156,88400,56,575000,637,44200
2024/10/18,6581,8921,31,827400,480,34400,47,430900,1797,17200
2024/10/21,6582,9546,62,831000,290,34600,51,432800,1333,17300
2024/10/22,6583,7178,136,337300,147,28100,180,182700,634,14000
2024/10/23,6584,5665,21,1039400,74,173200,52,606300,243,86600
2024/10/24,6585,4428,21,1083800,113,90300,57,587000,476,45100
2024/10/25,6586,7675,12,1114200,139,92800,62,603500,647,46400
2024/10/28,6587,2405,16,976900,426,40700,67,508800,1635,20300
2024/10/29,6588,1995,14,1013900,135,84400,56,549100,663,42200
2024/10/30,6589,1133,177,349300,107,58200,72,203700,354,29100
2024/10/31,6590,4059,251,262600,459,10900,94,136700,1630,5400
2024/11/1,6591,5709,152,460400,291,19100,52,239700,1207,9500
2024/11/4,6592,4412,133,490500,164,40800,71,265600,611,20400
2024/11/5,6593,2667,16,1114300,135,92800,60,603500,552,46400
2024/11/6,6594,7143,19,965700,335,40200,55,502900,1441,20100
2024/11/7,6595,0313,64,457700,229,38100,131,247900,863,19000
2024/11/8,6596,8888,500,184400,0,0,0,0,0,0
2024/11/11,6597,3369,39,675000,187,56200,116,365600,721,28100
2024/11/12,6598,0206,312,226100,126,18800,81,122400,498,9400
2024/11/13,6599,3005,127,446000,155,37100,64,241500,685,18500
2024/11/14,6600,3952,13,1059900,305,44100,53,552000,1274,22000
2024/11/15,6601,3631,19,1294700,120,107800,26,701200,636,53900
2024/11/18,6602,5730,218,368400,322,15300,56,191800,1386,7600
2024/11/19,6603,1088,19,862100,126,71800,66,466900,687,35900
2024/11/20,6604,7649,17,1070200,400,44500,35,557300,1602,22200
2024/11/21,6605,3340,12,1260000,110,105000,50,682500,437,52500
2024/11/22,6606,2532,29,923100,178,76900,59,500000,660,38400
2024/11/25,6607,7220,23,908000,177,75600,68,491800,776,37800
2024/11/26,6608,5653,33,802200,129,66800,69,434500,513,33400
2024/11/27,6609,8963,27,813000,323,33800,66,423400,1498,16900
2024/11/28,6610,4640,28,1107000,104,92200,39,599600,465,46100
2024/11/29,6611,3212,129,465900,182,38800,54,252300,754,19400
2024/12/2,6612,3920,12,1186800,403,49400,47,618100,1595,24700
2024/12/3,6613,1978,211,289700,314,12000,111,150800,1303,6000
2024/12/4,6614,0000,447,211400,0,0,0,0,0,0
2024/12/5,6615,8253,15,919900,339,38300,65,479100,1501,19100
2024/12/6,6616,8939,112,542800,179,45200,47,294000,581,22600
2024/12/9,6617,2617,93,564900,324,23500,73,294200,1421,11700
2024/12/10,6618,4259,16,1031900,276,42900,53,537400,1322,21400
2024/12/11,6619,6217,30,988900,250,41200,45,515000,1179,20600
2024/12/12,6620,9105,310,250300,355,10400,48,130300,1665,5200
2024/12/13,6621,6199,20,887900,219,73900,66,480900,897,36900
2024/12/16,6622,3424,40,909200,182,75700,55,492400,771,37800
2024/12/17,6623,0596,12,1145500,323,47700,47,596600,1317,23800
2024/12/18,6624,3498,16,999000,400,41600,51,520300,1577,20800
2024/12/19,6625,5214,27,921300,367,38300,48,479800,1558,19100
2024/12/20,6626,0580,116,514100,153,42800,51,278400,683,21400
2024/12/23,6627,5892,174,439000,395,18200,67,228600,1583,9100
2024/12/24,6628,5231,23,927600,371,38600,51,483100,1526,19300
2024/12/25,6629,0474,16,1430900,158,119200,34,775000,630,59600
2024/12/26,6630,4119,32,858500,177,71500,73,465000,735,35700
2024/12/27,6631,4386,27,983800,441,40900,66,512300,1614,20400
2024/12/30,6632,9983,306,276700,181,23000,157,149800,794,11500
2025/1/6,6633,0685,89,837000,296,34800,35,435900,1353,17400
2025/1/7,6634,3754,308,230200,317,9500,174,119800,1347,4700
2025/1/8,6635,1786,96,566800,313,23600,58,295200,1174,11800
2025/1/9,6636,5802,253,316000,346,13100,39,164500,1597,6500
2025/1/10,6637,1599,21,939200,143,78200,69,508700,663,39100
2025/1/13,6638,8583,37,587700,351,48900,66,318300,1521,24400
2025/1/14,6639,0135,14,933900,400,38900,39,486400,1878,19400
2025/1/15,6640,1366,8,1318600,141,109800,49,714200,529,54900
2025/1/16,6641,2324,30,742200,134,61800,101,402000,541,30900
2025/1/17,6642,9774,213,345800,200,28800,32,187300,763,14400
2025/1/20,6643,4409,12,1090300,183,90800,68,590500,658,45400
2025/1/21,6644,8259,287,271900,253,11300,34,141600,1066,5600
2025/1/22,6645,6385,23,701000,552,29200,68,365100,1990,14600
2025/1/23,6646,5420,11,969900,382,40400,65,505100,1543,20200
2025/1/24,6647,2315,111,463100,431,19200,82,241100,1712,9600
2025/1/27,6648,7240,245,323600,343,13400,81,168500,1412,6700
2025/1/28,6649,0893,248,297600,218,12400,42,155000,982,6200
2025/1/29,6650,9590,14,1179600,127,98300,45,638900,553,49100
2025/1/30,6651,5400,133,453400,182,37700,49,245500,722,18800
2025/1/31,6652,1596,26,872400,444,36300,54,454300,1680,18100
2025/2/3,6653,0235,26,892300,476,37100,59,464700,1757,18500
2025/2/4,6654,4827,17,931600,352,38800,51,485200,1411,19400
2025/2/5,6655,2317,34,630000,343,26200,106,328100,1518,13100
2025/2/6,6656,0853,55,654100,456,27200,47,340600,1700,13600
2025/2/7,6657,3881,23,885200,159,73700,59,479400,786,36800
2025/2/10,6658,0859,10,1502000,278,62500,46,782200,1233,31200
2025/2/11,6659,8942,16,1273400,267,53000,39,663200,1120,26500
2025/2/12,6660,3343,24,1212100,47,303000,32,757500,124,151500
2025/2/13,6661,1946,32,699000,372,29100,82,364000,1486,14500
2025/2/14,6662,3273,24,1069800,165,89100,53,579400,620,44500
2025/2/17,6663,6744,17,1134500,164,94500,61,614500,688,47200
2025/2/18,6664,0385,53,527200,462,21900,107,274500,1784,10900
2025/2/19,6665,9265,15,1018000,455,42400,37,530200,1626,21200
2025/2/20,6666,1890,17,818800,390,34100,76,426400,1820,17000
2025/2/21,6667,6398,21,1015900,350,42300,48,529100,1561,21100
2025/2/24,6668,3026,20,865900,344,36000,88,450900,1445,18000
2025/2/25,6669,9378,6,1106400,339,46100,44,576200,1695,23000
2025/2/26,6670,0664,38,966000,127,80500,38,523200,670,40200
2025/2/27,6671,3839,18,802600,202,66800,85,434700,797,33400
2025/2/28,6672,4968,12,807400,480,33600,84,420500,2064,16800
2025/3/3,6673,1170,14,942300,280,78500,50,510400,1138,39200
2025/3/4,6674,6318,32,694700,394,28900,75,361800,1633,14400
2025/3/5,6675,8194,18,917500,368,38200,58,477800,1590,19100
2025/3/6,6676,1781,19,818500,184,68200,80,443300,751,34100
2025/3/7,6677,0948,32,834200,384,34700,60,434400,1649,17300
2025/3/10,6678,8256,28,863300,502,35900,87,449600,1646,17900
2025/3/11,6679,8261,21,1030900,329,42900,42,536900,1309,21400
2025/3/12,6680,9200,15,1067700,138,88900,49,578300,706,44400
2025/3/13,6681,0384,28,891500,335,37100,53,464300,1356,18500
2025/3/14,6682,2853,38,709600,425,29500,72,369500,1819,14700
2025/3/17,6683,7006,6,1657400,125,138100,41,897700,493,69000
2025/3/18,6684,9843,54,564200,514,23500,63,293800,1858,11700
2025/3/19,6685,1087,23,838400,333,34900,69,436600,1465,17400
2025/3/20,6686,8555,27,829700,51,207400,68,518500,150,103700
2025/3/21,6687,1431,13,1123900,165,93600,47,608700,667,46800
2025/3/24,6688,0488,17,1386200,110,115500,46,750800,485,57700
2025/3/25,6689,2191,131,383200,235,31900,55,207500,1081,15900
2025/3/26,6690,8397,10,1083500,319,45100,49,564300,1511,22500
2025/3/27,6691,0745,13,1171200,260,48800,51,610000,1189,24400
2025/3/28,6692,6185,34,770900,494,32100,55,401500,1679,16000
2025/3/31,6693,8221,32,879300,220,73200,55,476200,782,36600
2025/4/1,6694,3671,16,1071800,320,44600,41,558200,1302,22300
2025/4/2,6695,1695,9,1162400,321,48400,48,605400,1335,24200
2025/4/3,6696,7892,9,1370300,259,57000,40,713600,1104,28500
2025/4/4,6697,9721,12,1099800,377,45800,42,572800,1673,22900
2025/4/7,6698,2078,25,870700,439,36200,70,453400,1726,18100
2025/4/8,6699,4417,24,700900,156,58400,104,379600,646,29200
2025/4/9,6700,4013,49,610600,363,25400,82,318000,1630,12700
2025/4/10,6701,7856,12,1007800,356,41900,61,524800,1250,20900
2025/4/11,6702,7011,55,576300,222,48000,83,312100,1014,24000
2025/4/14,6703,1820,27,697400,626,29000,67,363200,2437,14500
2025/4/15,6704,2166,12,1283500,109,106900,46,695200,540,53400
2025/4/16,6705,7555,22,1241300,50,310300,33,775800,139,155100
2025/4/17,6706,8842,16,999500,148,83200,65,541300,608,41600
2025/4/18,6707,4811,31,780000,202,65000,72,422500,833,32500
2025/4/21,6708,7834,27,952600,446,39600,46,496100,1769,19800
2025/4/22,6709,6697,9,1511400,99,125900,37,818600,467,62900
2025/4/23,6710,7059,13,1120300,253,46600,65,583400,1086,23300
2025/4/24,6711,9686,18,1222800,139,101900,39,662300,541,50900
2025/4/25,6712,4071,20,1053000,361,43800,48,548400,1490,21900
2025/4/28,6713,1670,38,880100,334,36600,60,458300,1591,18300
2025/4/29,6714,3449,7,1624700,111,135300,30,880000,474,67600
2025/4/30,6715,5323,23,810900,183,67500,79,439200,762,33700
2025/5/1,6716,8968,32,946100,164,78800,47,512400,680,39400
2025/5/2,6717,2948,40,781600,301,32500,78,407000,1280,16200
2025/5/5,6718,8391,17,868200,439,36100,70,452100,1916,18000
2025/5/6,6719,0081,16,935000,191,77900,36,506400,829,38900
2025/5/7,6720,1952,55,455300,377,18900,169,237100,1787,9400
2025/5/8,6721,8156,35,841000,313,35000,58,438000,1291,17500
2025/5/9,6722,1883,34,877100,184,73000,46,475000,746,36500
2025/5/12,6723,8892,34,1059300,141,88200,50,573700,564,44100
2025/5/13,6724,9565,15,992900,159,82700,62,537800,639,41300
2025/5/14,6725,1898,32,733200,224,61100,61,397100,816,30500
2025/5/15,6726,4368,80,510000,349,21200,102,265600,1445,10600
2025/5/16,6727,4116,25,1125600,127,93800,46,609700,493,46900
2025/5/19,6728,9601,18,859400,473,35800,64,447600,2043,17900
2025/5/20,6729,6418,26,719700,435,29900,77,374800,1574,14900
2025/5/21,6730,2762,6,1401400,115,116700,41,759000,556,58300
2025/5/22,6731,9899,20,924500,76,231100,51,577800,158,115500
2025/5/23,6732,2718,51,597800,404,24900,109,311300,1679,12400
2025/5/26,6733,9115,5,1440800,149,120000,49,780400,605,60000
2025/5/27,6734,3697,16,1046800,245,43600,56,545200,1176,21800
2025/5/28,6735,7357,54,737600,142,61400,46,399500,650,30700
2025/5/29,6736,6779,14,1101500,106,91700,56,596600,578,45800
2025/5/30,6737,7141,16,1138400,171,94800,30,616600,784,47400
2025/6/2,6738,2839,22,805100,502,33500,93,419300,1792,16700
2025/6/3,6739,2370,12,1077900,322,44900,44,561400,1420,22400
2025/6/4,6740,5944,15,1036600,165,86300,51,561400,708,43100
2025/6/5,6741,9318,18,816000,424,34000,67,425000,1806,17000
2025/6/6,6742,6563,59,666600,182,55500,79,361000,654,27700
2025/6/9,6743,5084,60,743500,315,30900,61,387200,1206,15400
2025/6/10,6744,3142,16,1105000,288,46000,40,575500,1152,23000
2025/6/11,6745,3176,22,951000,328,39600,50,495300,1301,19800
2025/6/12,6746,7666,8,1277300,48,319300,42,798300,155,159600
2025/6/13,6747,2482,31,997500,177,83100,46,540300,596,41500
2025/6/16,6748,6326,81,613300,173,51100,81,332200,818,25500
2025/6/17,6749,0975,10,1475200,273,61400,27,768300,1166,30700
2025/6/18,6750,7592,19,926600,339,38600,64,482600,1437,19300
2025/6/19,6751,5354,13,1148700,108,95700,55,622200,555,47800
2025/6/20,6752,7102,20,849000,481,35300,53,442100,1995,17600
2025/6/23,6753,4804,24,1127700,160,93900,54,610800,584,46900
2025/6/24,6754,1351,13,1090700,135,90800,48,590700,621,45400
2025/6/25,6755,8174,11,1074000,323,44700,53,559300,1386,22300
2025/6/26,6756,8622,42,741700,165,61800,73,401700,615,30900
2025/6/27,6757,2940,69,621300,340,25800,74,323500,1408,12900
2025/6/30,6758,6757,11,1367400,163,113900,46,740600,590,56900
2025/7/1,6759,5261,22,1013100,273,42200,46,527600,1359,21100
2025/7/2,6760,3099,20,974100,108,81100,66,527600,620,40500
2025/7/3,6761,1479,28,682700,376,28400,95,355500,1622,14200
2025/7/4,6762,2452,22,1060400,147,88300,53,574300,573,44100
2025/7/7,6763,9181,22,866900,231,72200,81,469500,855,36100
2025/7/8,6764,2982,23,804800,177,67000,72,435900,674,33500
2025/7/9,6765,5358,31,789600,150,65800,70,427700,700,32900
2025/7/10,6766,4790,25,858200,301,35700,59,446900,1560,17800
2025/7/11,6767,0172,78,580600,476,24100,43,302300,2066,12000
2025/7/14,6768,5295,30,1068100,149,89000,47,578500,582,44500
2025/7/15,6769,5552,27,776900,88,194200,55,485500,189,97100
2025/7/16,6770,2037,16,1114500,318,46400,36,580400,1336,23200
2025/7/17,6771,2337,161,348900,210,29000,68,188900,671,14500
2025/7/18,6772,2460,46,818400,299,34100,56,426200,1146,17000
2025/7/21,6773,7780,13,1235500,130,102900,54,669200,515,51400
2025/7/22,6774,8714,104,518700,297,21600,42,270100,1258,10800
2025/7/23,6775,5493,10,1274100,232,53000,46,663500,1065,26500
2025/7/24,6776,7924,25,785700,392,32700,68,409200,1620,16300
2025/7/25,6777,5454,17,1284900,65,214100,39,749500,236,107000
2025/7/28,6778,6710,14,1217500,312,50700,55,634100,1364,25300
2025/7/29,6779,1592,21,881400,378,36700,53,459000,1590,18300
2025/7/30,6780,3175,29,711900,402,29600,78,370700,1600,14800
2025/7/31,6781,0536,32,1117100,236,46500,29,581800,1019,23200
2025/8/1,6782,3497,15,1034500,395,43100,58,538800,1547,21500
2025/8/4,6783,3080,9,1018900,233,84900,56,551900,964,42400
2025/8/5,6784,1027,84,314200,433,13000,248,163600,1808,6500
2025/8/6,6785,4876,85,624600,245,26000,46,325300,1170,13000
2025/8/7,6786,5835,18,991200,144,82600,56,536900,647,41300
2025/8/8,6787,1365,24,894200,334,37200,67,465700,1577,18600
2025/8/11,6788,6014,31,908200,356,37800,52,473000,1436,18900
2025/8/12,6789,2458,45,652900,323,27200,79,340000,1260,13600
2025/8/13,6790,5541,17,1152400,104,96000,49,624200,459,48000
2025/8/14,6791,6362,15,1147800,137,95600,42,621700,516,47800
2025/8/15,6792,5140,10,989600,403,41200,64,515400,1645,20600
2025/8/18,6793,9959,6,1257300,67,314300,57,785800,179,157100
2025/8/19,6794,9288,78,675800,122,56300,39,366000,484,28100
2025/8/20,6795,8749,23,1119300,271,46600,35,582900,1274,23300
2025/8/21,6796,5806,17,1105500,283,46000,56,575700,1079,23000
2025/8/22,6797,9660,23,1117400,164,93100,37,605200,617,46500
2025/8/25,6798,9463,15,1166900,406,48600,43,607700,1553,24300
2025/8/26,6799,1624,35,756300,316,31500,64,393900,1488,15700
2025/8/27,6800,6694,20,1004600,169,83700,46,544100,735,41800
2025/8/28,6801,0774,149,425500,173,35400,42,230400,689,17700
2025/8/29,6802,1929,33,854300,184,71100,70,462700,600,35500
2025/9/1,6803,0549,13,1246400,410,51900,38,649100,1641,25900
2025/9/2,6804,0538,15,782500,520,32600,64,407500,2035,16300
2025/9/3,6805,4598,20,868700,409,36100,66,452400,1639,18000
2025/9/4,6806,3376,173,366600,173,30500,67,198500,662,15200
2025/9/5,6807,1871,15,1050100,190,87500,42,568800,797,43700
2025/9/8,6808,2841,27,847700,500,35300,68,441500,1814,17600
2025/9/9,6809,5260,35,762700,285,31700,74,397200,1255,15800
2025/9/10,6810,2679,12,900600,259,37500,90,469000,1285,18700
2025/9/11,6811,7961,86,587400,381,24400,32,305900,1594,12200
2025/9/12,6812,8991,24,813500,222,67700,67,440600,840,33800
2025/9/15,6813,6867,10,1364800,141,113700,41,739200,604,56800
2025/9/16,6814,1314,34,686700,159,57200,81,371900,630,28600
2025/9/17,6815,7604,13,1393200,243,58000,36,725600,956,29000
2025/9/18,6816,6152,27,853700,309,35500,65,444600,1295,17700
2025/9/19,6817,8721,105,494500,438,20600,52,257500,1636,10300
2025/9/22,6818,5808,13,1371100,123,114200,42,742600,607,57100
2025/9/23,6819,4787,20,1117600,123,93100,41,605300,424,46500
2025/9/24,6820,2477,57,727300,123,60600,59,393900,469,30300
2025/9/25,6821,7728,18,930500,141,77500,78,504000,613,38700
2025/9/26,6822,1540,122,511200,305,21300,41,266200,1381,10600
2025/9/29,6823,0012,9,1051800,248,87600,49,569700,884,43800
2025/9/30,6824,7765,25,1170900,121,97500,35,634200,447,48700
2025/10/1,6825,5280,204,317700,359,13200,75,165400,1554,6600
2025/10/2,6826,1916,36,652700,240,54300,72,353500,918,27100
2025/10/3,6827,2964,29,938300,314,39000,55,488600,1302,19500
2025/10/6,6828,0933,22,1154500,174,96200,32,625300,805,48100
2025/10/7,6829,7717,10,1025500,81,256300,47,640900,182,128100
2025/10/8,6830,0220,56,560100,111,93300,93,326700,267,46600
2025/10/9,6831,6352,47,719500,298,29900,55,374700,1321,14900
2025/10/10,6832,3148,16,834100,408,34700,85,434400,1581,17300
2025/10/13,6833,6896,10,1191900,153,99300,54,645600,576,49600
2025/10/14,6834,4706,281,257200,188,10700,33,133900,848,5300
2025/10/15,6835,1350,30,760000,382,31600,65,395800,1798,15800
2025/10/16,6836,4325,18,1081700,312,45000,46,563300,1173,22500
2025/10/17,6837,5441,14,1135700,151,94600,55,615100,704,47300
2025/10/20,6838,0100,42,736200,83,184000,70,460100,261,92000
2025/10/21,6839,8607,70,766400,175,31900,26,399100,913,15900
2025/10/22,6840,2326,29,930500,128,77500,64,504000,515,38700
2025/10/23,6841,8612,28,858900,329,35700,54,447300,1373,17800
2025/10/24,6842,4591,27,762200,438,31700,82,396900,1750,15800
2025/10/27,6843,0523,80,455300,481,18900,164,237100,1529,9400
2025/10/28,6844,0017,39,543100,220,45200,112,294100,873,22600
2025/10/29,6845,4714,153,388700,161,32300,71,210500,605,16100
2025/10/30,6846,8726,17,927400,255,38600,70,483000,1233,19300
2025/10/31,6847,0137,76,594100,405,24700,43,309400,1720,12300
2025/11/3,6848,9275,28,943500,423,39300,52,491400,1527,19600
2025/11/4,6849,9227,12,1303300,124,108600,36,705900,550,54300
2025/11/5,6850,5282,17,1091000,153,90900,44,590900,649,45400
2025/11/6,6851,2981,136,422800,334,17600,59,220200,1574,8800
2025/11/7,6852,3049,20,926900,357,38600,69,482700,1300,19300
2025/11/10,6853,6727,23,1235200,155,102900,39,669000,545,51400
2025/11/11,6854,3403,13,1433400,94,119400,33,776400,457,59700
2025/11/12,6855,2123,56,670800,206,55900,56,363300,702,27900
2025/11/13,6856,9991,119,411600,100,102900,60,257200,216,51400
2025/11/14,6857,3116,27,886500,140,73800,68,480100,597,36900
2025/11/17,6858,1184,24,969400,177,80700,60,525000,701,40300
2025/11/18,6859,6444,5,1646800,51,411700,32,1029200,109,205800
2025/11/19,6860,5186,62,694000,274,28900,51,361400,1283,14400
2025/11/20,6861,4693,23,879700,312,36600,63,458100,1223,18300
2025/11/21,6862,9741,20,968500,392,40300,46,504400,1559,20100
2025/11/24,6863,1258,55,626000,458,26000,87,326000,1587,13000
2025/11/25,6864,5445,38,965000,70,160800,38,562900,191,80400
2025/11/26,6865,3324,18,992500,143,82700,56,537600,658,41300
2025/11/27,6866,2803,29,854200,295,35500,61,444800,1304,17700
2025/11/28,6867,3076,8,1163800,244,48400,75,606100,1028,24200
2025/12/1,6868,5396,21,940800,534,39200,49,490000,1999,19600
2025/12/2,6869,6936,12,839700,237,69900,61,454800,894,34900
2025/12/3,6870,7263,28,763400,390,31800,70,397600,1693,15900
2025/12/4,6871,5571,13,1112300,154,92600,46,602400,641,46300
2025/12/5,6872,4784,20,820100,215,68300,82,444200,719,34100
2025/12/8,6873,3493,265,298300,181,24800,105,161500,696,12400
